:02000004C0003A
:1000000018F09FE518F09FE518F09FE518F09FE5C0
:1000100018F09FE500F020E314F09FE514F09FE551
:10002000642E00C0002B00C0683000C0442B00C00C
:0C003000742B00C0782F00C0802300C09B
:1000400000000000000000000000000000000000B0
:1000500000000000000000000000000000000000A0
:100060000000000000000000000000000000000090
:100070000000000000000000000000000000000080
:100080000000000000000000000000000000000070
:100090000000000000000000000000000000000060
:1000A0000000000000000000000000000000000050
:1000B0000000000000000000000000000000000040
:1000C0000000000000000000000000000000000030
:1000D0000000000000000000000000000000000020
:1000E0000000000000000000000000000000000010
:1000F0000000000000000000000000000000000000
:1001000000000000000000000000000000000000EF
:1001100000000000000000000000000000000000DF
:1001200000000000000000000000000000000000CF
:1001300000000000000000000000000000000000BF
:1001400000000000000000000000000000000000AF
:10015000000000000000000000000000000000009F
:10016000000000000000000000000000000000008F
:10017000000000000000000000000000000000007F
:10018000000000000000000000000000000000006F
:10019000000000000000000000000000000000005F
:1001A000000000000000000000000000000000004F
:1001B000000000000000000000000000000000003F
:1001C000000000000000000000000000000000002F
:1001D000000000000000000000000000000000001F
:1001E000000000000000000000000000000000000F
:1001F00000000000000000000000000000000000FF
:1002000000000000000000000000000000000000EE
:1002100000000000000000000000000000000000DE
:1002200000000000000000000000000000000000CE
:1002300000000000000000000000000000000000BE
:1002400000000000000000000000000000000000AE
:10025000000000000000000000000000000000009E
:10026000000000000000000000000000000000008E
:10027000000000000000000000000000000000007E
:10028000000000000000000000000000000000006E
:10029000000000000000000000000000000000005E
:1002A000000000000000000000000000000000004E
:1002B000000000000000000000000000000000003E
:1002C000000000000000000000000000000000002E
:1002D000000000000000000000000000000000001E
:1002E000000000000000000000000000000000000E
:1002F00000000000000000000000000000000000FE
:1003000000000000000000000000000000000000ED
:1003100000000000000000000000000000000000DD
:1003200000000000000000000000000000000000CD
:1003300000000000000000000000000000000000BD
:1003400000000000000000000000000000000000AD
:10035000000000000000000000000000000000009D
:10036000000000000000000000000000000000008D
:10037000000000000000000000000000000000007D
:10038000000000000000000000000000000000006D
:10039000000000000000000000000000000000005D
:1003A000000000000000000000000000000000004D
:1003B000000000000000000000000000000000003D
:1003C000000000000000000000000000000000002D
:1003D000000000000000000000000000000000001D
:1003E000000000000000000000000000000000000D
:1003F00000000000000000000000000000000000FD
:1004000000000000000000000000000000000000EC
:1004100000000000000000000000000000000000DC
:1004200000000000000000000000000000000000CC
:1004300000000000000000000000000000000000BC
:1004400000000000000000000000000000000000AC
:10045000000000000000000000000000000000009C
:10046000000000000000000000000000000000008C
:10047000000000000000000000000000000000007C
:10048000000000000000000000000000000000006C
:10049000000000000000000000000000000000005C
:1004A000000000000000000000000000000000004C
:1004B000000000000000000000000000000000003C
:1004C000000000000000000000000000000000002C
:1004D000000000000000000000000000000000001C
:1004E000000000000000000000000000000000000C
:1004F00000000000000000000000000000000000FC
:1005000000000000000000000000000000000000EB
:1005100000000000000000000000000000000000DB
:1005200000000000000000000000000000000000CB
:1005300000000000000000000000000000000000BB
:1005400000000000000000000000000000000000AB
:10055000000000000000000000000000000000009B
:10056000000000000000000000000000000000008B
:10057000000000000000000000000000000000007B
:10058000000000000000000000000000000000006B
:10059000000000000000000000000000000000005B
:1005A000000000000000000000000000000000004B
:1005B000000000000000000000000000000000003B
:1005C000000000000000000000000000000000002B
:1005D000000000000000000000000000000000001B
:1005E000000000000000000000000000000000000B
:1005F00000000000000000000000000000000000FB
:1006000000000000000000000000000000000000EA
:1006100000000000000000000000000000000000DA
:1006200000000000000000000000000000000000CA
:1006300000000000000000000000000000000000BA
:1006400000000000000000000000000000000000AA
:10065000000000000000000000000000000000009A
:10066000000000000000000000000000000000008A
:10067000000000000000000000000000000000007A
:10068000000000000000000000000000000000006A
:10069000000000000000000000000000000000005A
:1006A000000000000000000000000000000000004A
:1006B000000000000000000000000000000000003A
:1006C000000000000000000000000000000000002A
:1006D000000000000000000000000000000000001A
:1006E000000000000000000000000000000000000A
:1006F00000000000000000000000000000000000FA
:1007000000000000000000000000000000000000E9
:1007100000000000000000000000000000000000D9
:1007200000000000000000000000000000000000C9
:1007300000000000000000000000000000000000B9
:1007400000000000000000000000000000000000A9
:100750000000000000000000000000000000000099
:100760000000000000000000000000000000000089
:100770000000000000000000000000000000000079
:100780000000000000000000000000000000000069
:100790000000000000000000000000000000000059
:1007A0000000000000000000000000000000000049
:1007B0000000000000000000000000000000000039
:1007C0000000000000000000000000000000000029
:1007D0000000000000000000000000000000000019
:1007E0000000000000000000000000000000000009
:1007F00000000000000000000000000000000000F9
:1008000000000000000000000000000000000000E8
:1008100000000000000000000000000000000000D8
:1008200000000000000000000000000000000000C8
:1008300000000000000000000000000000000000B8
:1008400000000000000000000000000000000000A8
:100850000000000000000000000000000000000098
:100860000000000000000000000000000000000088
:100870000000000000000000000000000000000078
:100880000000000000000000000000000000000068
:100890000000000000000000000000000000000058
:1008A0000000000000000000000000000000000048
:1008B0000000000000000000000000000000000038
:1008C0000000000000000000000000000000000028
:1008D0000000000000000000000000000000000018
:1008E0000000000000000000000000000000000008
:1008F00000000000000000000000000000000000F8
:1009000000000000000000000000000000000000E7
:1009100000000000000000000000000000000000D7
:1009200000000000000000000000000000000000C7
:1009300000000000000000000000000000000000B7
:1009400000000000000000000000000000000000A7
:100950000000000000000000000000000000000097
:100960000000000000000000000000000000000087
:100970000000000000000000000000000000000077
:100980000000000000000000000000000000000067
:100990000000000000000000000000000000000057
:1009A0000000000000000000000000000000000047
:1009B0000000000000000000000000000000000037
:1009C0000000000000000000000000000000000027
:1009D0000000000000000000000000000000000017
:1009E0000000000000000000000000000000000007
:1009F00000000000000000000000000000000000F7
:100A000000000000000000000000000000000000E6
:100A100000000000000000000000000000000000D6
:100A200000000000000000000000000000000000C6
:100A300000000000000000000000000000000000B6
:100A400000000000000000000000000000000000A6
:100A50000000000000000000000000000000000096
:100A60000000000000000000000000000000000086
:100A70000000000000000000000000000000000076
:100A80000000000000000000000000000000000066
:100A90000000000000000000000000000000000056
:100AA0000000000000000000000000000000000046
:100AB0000000000000000000000000000000000036
:100AC0000000000000000000000000000000000026
:100AD0000000000000000000000000000000000016
:100AE0000000000000000000000000000000000006
:100AF00000000000000000000000000000000000F6
:100B000000000000000000000000000000000000E5
:100B100000000000000000000000000000000000D5
:100B200000000000000000000000000000000000C5
:100B300000000000000000000000000000000000B5
:100B400000000000000000000000000000000000A5
:100B50000000000000000000000000000000000095
:100B60000000000000000000000000000000000085
:100B70000000000000000000000000000000000075
:100B80000000000000000000000000000000000065
:100B90000000000000000000000000000000000055
:100BA0000000000000000000000000000000000045
:100BB0000000000000000000000000000000000035
:100BC0000000000000000000000000000000000025
:100BD0000000000000000000000000000000000015
:100BE0000000000000000000000000000000000005
:100BF00000000000000000000000000000000000F5
:100C000000000000000000000000000000000000E4
:100C100000000000000000000000000000000000D4
:100C200000000000000000000000000000000000C4
:100C300000000000000000000000000000000000B4
:100C400000000000000000000000000000000000A4
:100C50000000000000000000000000000000000094
:100C60000000000000000000000000000000000084
:100C70000000000000000000000000000000000074
:100C80000000000000000000000000000000000064
:100C90000000000000000000000000000000000054
:100CA0000000000000000000000000000000000044
:100CB0000000000000000000000000000000000034
:100CC0000000000000000000000000000000000024
:100CD0000000000000000000000000000000000014
:100CE0000000000000000000000000000000000004
:100CF00000000000000000000000000000000000F4
:100D000000000000000000000000000000000000E3
:100D100000000000000000000000000000000000D3
:100D200000000000000000000000000000000000C3
:100D300000000000000000000000000000000000B3
:100D400000000000000000000000000000000000A3
:100D50000000000000000000000000000000000093
:100D60000000000000000000000000000000000083
:100D70000000000000000000000000000000000073
:100D80000000000000000000000000000000000063
:100D90000000000000000000000000000000000053
:100DA0000000000000000000000000000000000043
:100DB0000000000000000000000000000000000033
:100DC0000000000000000000000000000000000023
:100DD0000000000000000000000000000000000013
:100DE0000000000000000000000000000000000003
:100DF00000000000000000000000000000000000F3
:100E000000000000000000000000000000000000E2
:100E100000000000000000000000000000000000D2
:100E200000000000000000000000000000000000C2
:100E300000000000000000000000000000000000B2
:100E400000000000000000000000000000000000A2
:100E50000000000000000000000000000000000092
:100E60000000000000000000000000000000000082
:100E70000000000000000000000000000000000072
:100E80000000000000000000000000000000000062
:100E90000000000000000000000000000000000052
:100EA0000000000000000000000000000000000042
:100EB0000000000000000000000000000000000032
:100EC0000000000000000000000000000000000022
:100ED0000000000000000000000000000000000012
:100EE0000000000000000000000000000000000002
:100EF00000000000000000000000000000000000F2
:100F000000000000000000000000000000000000E1
:100F100000000000000000000000000000000000D1
:100F200000000000000000000000000000000000C1
:100F300000000000000000000000000000000000B1
:100F400000000000000000000000000000000000A1
:100F50000000000000000000000000000000000091
:100F60000000000000000000000000000000000081
:100F70000000000000000000000000000000000071
:100F80000000000000000000000000000000000061
:100F90000000000000000000000000000000000051
:100FA0000000000000000000000000000000000041
:100FB0000000000000000000000000000000000031
:100FC0000000000000000000000000000000000021
:100FD0000000000000000000000000000000000011
:100FE0000000000000000000000000000000000001
:100FF00000000000000000000000000000000000F1
:1010000080F0004002E000BF81F0004142001FBFBD
:101010005FEA410392EA030F7FEA226C7FEA236CC6
:101020006AD04FEA1262D2EB1363C1BFD2184140BB
:1010300048404140B8BF5B42192B88BF704710F051
:10104000004F40F4000020F07F4018BF404211F0F4
:10105000004F41F4000121F07F4118BF494292EA5C
:10106000030F3FD0A2F1010241FA03FC10EB0C0088
:10107000C3F1200301FA03F100F0004302D5494215
:1010800060EB4000B0F5000F13D3B0F1807F06D3C2
:1010900040084FEA310102F10102FE2A51D2B1F1BA
:1010A000004F40EBC25008BF20F0010040EA0300AF
:1010B0007047490040EB0000013A28BFB0F5000F2F
:1010C000EDD2B0FA80FCACF1080CB2EB0C0200FAE5
:1010D0000CF0AABF00EBC25052421843BCBFD04034
:1010E0001843704792F0000F81F4000106BF80F4AE
:1010F00000000132013BB5E74FEA41037FEA226C71
:1011000018BF7FEA236C21D092EA030F04D092F03B
:10111000000F08BF0846704790EA010F1CBF00206F
:10112000704712F07F4F04D1400028BF40F00040CC
:10113000704712F100723CBF00F50000704700F0EC
:10114000004343F0FE4040F4000070477FEA226213
:1011500016BF08467FEA23630146420206BF5FEAE4
:10116000412390EA010F40F4800070474FF00003E4
:1011700004E000BF10F0004348BF40425FEA000CAB
:1011800008BF704743F0964301464FF000001CE053
:1011900050EA010208BF70474FF000030AE000BFA9
:1011A00050EA010208BF704711F0004302D54042E7
:1011B00061EB41015FEA010C02BF84460146002059
:1011C00043F0B64308BFA3F18053A3F50003BCFA74
:1011D0008CF2083AA3EBC25310DB01FA02FC634421
:1011E00000FA02FCC2F12002BCF1004F20FA02F228
:1011F00043EB020008BF20F00100704702F120021B
:1012000001FA02FCC2F1200250EA4C0021FA02F27B
:1012100043EB020008BF20EADC7070474FF0FF0C80
:101220001CEAD0521EBF1CEAD15392EA0C0F93EA7B
:101230000C0F6FD01A4480EA010C400218BF5FEA1D
:1012400041211ED04FF0006343EA501043EA511190
:10125000A0FB01310CF00040B1F5000F3EBF49008A
:1012600041EAD3715B0040EA010062F17F02FD2A8E
:101270001DD8B3F1004F40EBC25008BF20F0010071
:10128000704790F0000F0CF0004C08BF49024CEA88
:10129000502040EA51207F3AC2BFD2F1FF0340EA1A
:1012A000C250704740F400004FF00003013A5DDC8B
:1012B00012F1190FDCBF00F000407047C2F10002CC
:1012C000410021FA02F1C2F1200200FA02FC5FEAB9
:1012D000310040F1000053EA4C0308BF20EADC7003
:1012E000704792F0000F00F0004C02BF400010F475
:1012F000000F013AF9D040EA0C0093F0000F01F022
:10130000004C02BF490011F4000F013BF9D041EA43
:101310000C018FE70CEAD15392EA0C0F18BF93EA45
:101320000C0F0AD030F0004C18BF31F0004CD8D16F
:1013300080EA010000F00040704790F0000F17BFF6
:1013400090F0004F084691F0000F91F0004F14D03C
:1013500092EA0C0F01D142020FD193EA0C0F03D194
:101360004B0218BF084608D180EA010000F0004097
:1013700040F0FE4040F40000704740F0FE4040F472
:10138000400070474FF0FF0C1CEAD0521EBF1CEA11
:10139000D15392EA0C0F93EA0C0F69D0A2EB03022F
:1013A00080EA010C49024FEA402037D04FF08053C9
:1013B00043EA111143EA10130CF000408B4238BF8E
:1013C0005B0042F17D024FF4000C8B4224BF5B1A9C
:1013D00040EA0C00B3EB510F24BFA3EB510340EAEA
:1013E0005C00B3EB910F24BFA3EB910340EA9C0098
:1013F000B3EBD10F24BFA3EBD10340EADC001B0108
:1014000018BF5FEA1C1CE0D1FD2A3FF650AF8B42AB
:1014100040EBC25008BF20F0010070470CF0004CB8
:101420004CEA50207F32C2BFD2F1FF0340EAC250E3
:10143000704740F400004FF00003013A37E792F0A4
:10144000000F00F0004C02BF400010F4000F013A02
:10145000F9D040EA0C0093F0000F01F0004C02BFFD
:10146000490011F4000F013BF9D041EA0C0195E766
:101470000CEAD15392EA0C0F08D142027FF47DAFFF
:1014800093EA0C0F7FF470AF084676E793EA0C0FEF
:1014900004D14B023FF44CAF08466EE730F0004CED
:1014A00018BF31F0004CCAD130F000427FF45CAF7D
:1014B00031F000437FF43CAF5FE700BF42000ED243
:1014C000B2F1FE4F0BD34FF09E03B3EB126209D47F
:1014D0004FEA002343F0004323FA02F070474FF035
:1014E0000000704712F1610F01D1420202D14FF0AA
:1014F000FF3070474FF00000704700BF53B94AB942
:10150000002908BF00281CBF4FF0FF314FF0FF300B
:1015100000F00CB8ADF1080C6DE904CE00F008F84D
:10152000DDF804E0DDE9022304B07047704700BF36
:101530002DE9F04390420D46079F044675EB0301E9
:101540006FD3002B5FD0B3FA83F6002D5FD0B5FACE
:1015500085F1761AA6F12000C6F12001B340A6F16C
:10156000200C02FA00F0C6F1200E22FA01F103432A
:10157000B2400B43944275EB03014CD30120A41AF3
:1015800000FA0CF165EB030520FA0EF841EA0801B8
:10159000B0409EB35208B04642EAC3725B08944220
:1015A00075EB03093AD3A41A65EB030524196D41C1
:1015B000013445F10005B8F10108F0D1001905FA30
:1015C0000EFE24FA06F441EB050125FA0CFC44EA70
:1015D0000E0444EA0C04F540A6F1200CC6F12002EA
:1015E00005FA06F304FA0CFC43EA0C0324FA02F2AF
:1015F00004FA06F61343801B61EB03010FB1C7E940
:101600000045BDE8F083B2FA82F620369DE7B4FAD1
:1016100084F120319DE700200146BAE724196D418D
:10162000C9E700200146E9E71EFF2FE110402DE940
:1016300030D04DE250019FE50A40A0E3560200EB96
:1016400048019FE5540200EB0D00A0E10A0100EB08
:101650003C019FE5500200EB38019FE54E0200EB94
:1016600034019FE54C0200EB30019FE54A0200EB9C
:101670002C019FE5480200EB28019FE5460200EBA4
:1016800024019FE5440200EB20019FE5420200EBAC
:101690001C219FE50010A0E30D00A0E1380100EB44
:1016A00010019FE53C0200EB0000A0E34E0100EBBF
:1016B0006400A0E3490200EB0100A0E34A0100EB53
:1016C0006400A0E3450200EB014054E2F5FFFF1A7D
:1016D0000400A0E1E0409FE5330100EB0100A0E33E
:1016E000310100EBD4009FE52B0200EB0100A0E3E9
:1016F000600000EB010100E3370000EB9D00A0E378
:10170000480100EBB8009FE5230200EB0210A0E3C4
:101710000D00A0E11F0100EB000084E50010A0E136
:10172000A0009FE51C0200EB9C009FE51A0200EB65
:1017300098109FE51D30A0E30228A0E30100A0E17E
:10174000B70400EB88009FE5130200EBFA0FA0E35B
:10175000220200EB003094E51E40A0E333FF2FE1AE
:101760000000A0E3200100EB1E00A0E31B0200EB41
:101770000100A0E31C0100EB58009FE5060200EB0E
:10178000014054E2F5FFFF1AFEFFFFEA8E8B00C016
:10179000B38B00C0D38B00C0EB8B00C0048C00C0A7
:1017A0001E8C00C0508C00C06A8C00C0848C00C0AD
:1017B000B18C00C02C1600C0CB8C00C0B08101D011
:1017C000EB8C00C0038D00C0218D00C04A8D00C08D
:1017D0000000FE2F698D00C0848D00C088209FE529
:1017E000013010E23F1000E20230A011020010E3CD
:1017F00078209FE503378313023C8313040010E332
:1018000028C092E503368313013B8313080010E3DD
:1018100001C0CCE10335831328C082E5023B83136A
:1018200020C092E5100010E303348313013A8313C0
:10183000200010E303338313023A83130330CCE117
:101840002CC09FE500C00CE00C3083E1203082E525
:10185000203092E5033081E1203082E5283092E5A6
:10186000031081E1281082E51EFF2FE10001030033
:1018700000100050003FFF0F3F0000E2080050E35F
:101880000800008A000050E31EFF2F0188309FE50A
:10189000010040E2070050E30E00008A0000D3E799
:1018A00000F18FE000F020E3100050E31600000A82
:1018B000200050E31EFF2F1160209FE5903092E53D
:1018C000013283E3020000EA50209FE5903092E568
:1018D000023583E3903082E51EFF2FE13C209FE537
:1018E000903092E5013483E3F9FFFFEA2C209FE575
:1018F000903092E5023483E3F5FFFFEA1C209FE578
:10190000903092E5013383E3F1FFFFEA0C209FE57D
:10191000903092E5023383E3EDFFFFEAE69300C0E7
:1019200000D00050000052E30118A001181080E51B
:101930001EFF2FE1143090E5032001E00310C1E108
:10194000021881E1181080E51EFF2FE11EFF2FE134
:1019500070402DE944409FE50C3094E50330E0E110
:10196000A03003E20330E0E10C3084E5950100EBA8
:101970000050A0E10C3094E5200013E30100000AC0
:101980000000A0E37080BDE88E0100EB050040E0A0
:10199000FA0F50E3F6FFFF9A0300A0E37080BDE862
:1019A0000040005CF0412DE960509FE50C3095E56A
:1019B000404013E20030A0130B00001A0C3095E5F4
:1019C0000060A0E1803083E30C3085E57D0100EB11
:1019D0000070A0E10430A0E10C2095E5404012E247
:1019E0000100001A030053E30100001A0300A0E104
:1019F000F081BDE8730100EB070040E00430A0E196
:101A0000FA0F50E30330A0832D30C685F1FFFFEAC3
:101A10000040005C70402DE90050A0E154409FE57B
:101A20000C3094E58030C3E30C3084E5183094E545
:101A3000200013E30400001AC4FFFFEB000050E392
:101A40000300A0132D00C5157080BDE8183094E583
:101A50002030C3E3183084E5BCFFFFEB000050E307
:101A60000300A0132D00C515183094E5203083E342
:101A7000183084E57080BDE80040005C70402DE9BE
:101A8000004050E23B00000A2D30D4E5FF3013E265
:101A90000100001A2C30C4E5ABFFFFEBDC509FE5E2
:101AA0000230A0E32D30C4E5CA30A0E3243085E540
:101AB0005330A0E3243085E50400A0E1B8FFFFEB3C
:101AC000000050E30300000AFF30A0E30300A0E39E
:101AD000243085E57080BDE8183095E50400A0E16C
:101AE0004736C3E34030C3E3183085E5101094E572
:101AF000043094E5182095E5013083E1023083E15C
:101B0000182094E5023083E1183085E5D820C4E13F
:101B1000023883E1103085E50C2095E5243094E50A
:101B2000281094E51F2CC2E3013083E1023083E1E9
:101B30000C3085E5B6FFFFEB000050E3E1FFFF1A34
:101B4000182095E5203094E51C1094E50E22C2E3A0
:101B5000013083E1023083E1142094E5023083E117
:101B6000183085E5FF30A0E3243085E50130A0E39F
:101B70002D30C4E57080BDE80100A0E37080BDE8B1
:101B80000040005C0111A0E1171381E2A11C81E279
:101B9000002081E51EFF2FE10111A0E1171381E272
:101BA000A11C81E2000091E51EFF2FE1010050E33E
:101BB0000900008A8030A0E10120A0E320109FE509
:101BC00010402DE9B31091E118309FE5000193E733
:101BD00053FFFFEB0000A0E31080BDE80000A0E38E
:101BE0001EFF2FE1848B00C0848800C0010050E3F9
:101BF0000800008A8030A0E120209FE510402DE9F8
:101C0000B31092E118309FE5000193E748FFFFEB26
:101C10000000A0E31080BDE80000A0E31EFF2FE15C
:101C2000848B00C0848800C0FF0F50E30800002AA6
:101C3000D032EAE70120A0E31C109FE51F0000E27C
:101C4000403083E21220A0E10000A0E3032181E7FD
:101C50001EFF2FE10000E0E31EFF2FE1001002A0B5
:101C6000083090E5811180E0020953E38220A03121
:101C700002019127B20091311EFF2FE1811180E016
:101C8000080090E5020950E38220A031023181274B
:101C9000B23081311EFF2FE10120A0E310402DE979
:101CA000EEFFFFEBA000A0E11080BDE8083090E55A
:101CB000811180E0020953E30500003A043091E508
:101CC000000052E30130C30301308313043081E587
:101CD0001EFF2FE1B230D1E1000052E30130C30317
:101CE00001308313B230C1E11EFF2FE18230A0E149
:101CF0000120A0E3E0FFFFEA083090E5020953E38A
:101D00000500003A10402DE9E2FFFFEB010050E32F
:101D10000000A0830100A0931080BDE80000A0E3B4
:101D20001EFF2FE1083090E5020953E30110412224
:101D3000110F6FE11F0060E21EFF2FE1F0412DE95E
:101D40000040A0E10150A0E1EAFFFFEB000050E3FA
:101D5000F081BD180510A0E10400A0E1CDFFFFEB6C
:101D60000010A0E10400A0E1EDFFFFEB002184E002
:101D7000106092E5000056E30E00001A0C3094E566
:101D80000110A0E3113083E10510A0E10C3084E5DF
:101D90000400A0E1105082E50530A0E10220A0E39C
:101DA000B5FFFFEB0320A0E30510A0E10400A0E1D4
:101DB000F041BDE8B0FFFFEA0220A0E30610A0E179
:101DC0000400A0E1A5FFFFEB0030A0E10070A0E15E
:101DD0000220A0E30510A0E10400A0E1A6FFFFEBB4
:101DE0000630A0E10320A0E30510A0E10400A0E17B
:101DF000A1FFFFEB0320A0E30710A0E10530A0E165
:101E00000400A0E19CFFFFEB0220A0E30610A0E18C
:101E1000E5FFFFEA010752E30430A0330830A023B6
:101E2000032042E0F0412DE9076081E2024081E0B9
:101E30000050A0E30760C6E30740C4E3064044E067
:101E4000006080E50600A0E1A441A0E1084086E52D
:101E50000410A0E10C5086E5B1FFFFEB0021A0E1EA
:101E60000510A0E11B7082E2100086E2042082E2ED
:101E7000A771A0E1831400FB078044E00720A0E1E4
:101E80000510A0E10600A0E197FFFFEB0530A0E1FF
:101E90000520A0E10510A0E10600A0E176FFFFEB20
:101EA0000600A0E10510A0E10120A0E37EFFFFEB0A
:101EB0000820A0E10710A0E18BFFFFEB0730A0E1B5
:101EC0000520A0E10710A0E10600A0E16AFFFFEBFA
:101ED0000520A0E10410A0E10600A0E182FFFFEBD5
:101EE0000830A0E10520A0E10410A0E10600A0E177
:101EF00061FFFFEB0410A0E10600A0E10120A0E3D8
:101F000069FFFFEB0710A0E1F041BDE88AFFFFEA9F
:101F10000C009FE510402DE91F0000EB0000A0E33E
:101F20001080BDE8998D00C00000A0E31EFF2FE1E6
:101F300004309FE5003093E513FF2FE1000000D04F
:101F400004309FE5000083E51EFF2FE1000000D074
:101F500030402DE90040A0E114D04DE20150A0E155
:101F60001020A0E30010A0E30D00A0E1451400FB49
:101F70000230A0E30520A0E10230CDE50410A0E18D
:101F800010309FE50D00A0E104308DE5161300FA36
:101F900014D08DE23080BDE8301F00C00F002DE965
:101FA00007402DE914108DE210009DE504108DE529
:101FB000E6FFFFEB0CD08DE204E09DE410D08DE253
:101FC0001EFF2FE11EFF2FE110402DE9AF1200EBA5
:101FD0000A20A0E30030A0E347FDFFFA1080BDE82F
:101FE00008D04DE20A10A0E304008DE504009DE551
:101FF000C00FC0E1900181E008D08DE2FF1000EA3F
:1020000010209FE50000A0E3043092E50430C3E314
:10201000043082E51EFF2FE1001008505700E0E376
:102020001EFF2FE15700E0E31EFF2FE15700E0E322
:102030001EFF2FE15700E0E31EFF2FE15700E0E312
:102040001EFF2FE15700E0E31EFF2FE1041090E593
:102050002C009FE5083090E5003093E5000053E345
:102060000400000A0C1081E210402DE933FF2FE13B
:10207000C00F00E01080BDE85700E0E3C00F00E0B3
:102080001EFF2FE1B08000C0080050E310402DE992
:102090000200009A0040A0E30400A0E11080BDE827
:1020A00014309FE5004193E70400A0E1CB0D00EB65
:1020B000000050E3F7FFFF1AF5FFFFEA408900C078
:1020C00070402DE906EA02E2040090E501095EE3B2
:1020D00004C090E50100A0E31001A0E14400001A53
:1020E000D244E3E7070051E33400008A303FFFE6C3
:1020F000133F6FE10F50A0E320E09CE50331A0E126
:1021000015E3CEE1303FFFE6133F6FE10331A0E17D
:1021100014338EE120308CE504309CE5D2E7E0E713
:102120000030C3E11E3183E104308CE5303FFFE62F
:10213000133F6FE10340A0E308109CE58330A0E16A
:1021400052E8E1E71413C1E1303FFFE6133F6FE1CE
:102150008330A0E11E3381E108308CE5303FFFE69B
:10216000133F6FE10C109CE58330A0E152E9E1E7F9
:102170001413C1E1303FFFE6133F6FE1D226E1E7E0
:102180008330A0E11E3381E104E0A0E10C308CE556
:10219000303FFFE6133F6FE1300FFFE6100F6FE1B6
:1021A00000109CE58330A0E18000A0E11433C1E180
:1021B000123083E10000A0E300308CE57080BDE8C0
:1021C0002034A0E10F60A0E333EFFFE61EEF6FE1E4
:1021D000333FFFE6133F6FE124509CE50EE1A0E1A1
:1021E0000331A0E116EEC5E114338EE124308CE515
:1021F000C8FFFFEA020A5EE3CBFFFF1A04E09CE59A
:10220000000053E3D247E0E700E0CEE114118EE195
:1022100004108CE5C4FFFF0A010612E30038A00198
:1022200018008C1518308C05BFFFFFEA103F11EE27
:10223000023AC3E3103F01EE0C309FE51F30C3E3C9
:10224000103F0CEE6FF07FF51EFF2FE1000000C085
:1022500018309FE518209FE5002083E5103F11EE20
:102260000131C3E3103F01EE6FF07FF51EFF2FE158
:102270005C0000D000CA9A3B80402DE90050A0E1EC
:102280000160A0E10270A0E10380A0E128909FE539
:10229000871000EB0030A0E1560300EB003089E727
:1022A0000040A0E10820A0E10600A0E10710A0E1A5
:1022B00035FF2FE1090094E7890E00EB08000000CC
:1022C000A61300EAA71300EA14009FE50010A0E39C
:1022D00010209FE510402DE9002042E0F7FFFFEBC2
:1022E0001080BDE8004000D0F08305D00C009FE5D1
:1022F0000C209FE50C109FE5002042E0F0FFFFEA74
:10230000000000D0C00000D000A000C070402DE947
:10231000004051E20050A0E10D00000AD420C4E1C9
:10232000001094E538009FE51BFFFFEBD021C4E1CE
:102330000C1094E52C009FE517FFFFEB1C1094E5B3
:1023400024009FE514FFFFEB181094E51C009FE5A7
:1023500011FFFFEB0410A0E10500A0E17040BDE813
:102360002D0D00EAB78E00C0E78E00C0178F00C0A9
:10237000278F00C00010A0E1000090E5E2FFFFEA17
:1023800010309FE510402DE9003093E533FF2FE139
:102390001040BDE8570300EA040000D003F020E33A
:1023A000FDFFFFEAF0412DE90050A0E138609FE514
:1023B00038809FE50620A0E1087086E0074041E0F4
:1023C0002C109FE50400A0E1281300FA060084E029
:1023D0000820A0E10010A0E3084044E2291300FB1C
:1023E000704085E5080087E2F081BDE8000000004C
:1023F000040000007C8800C00030A0E3173F08EE16
:102400004FF07FF56FF07FF51EFF2FE101C010E266
:102410000020A0E1F0402DE91A00001A020010E3AC
:102420003500001A041010E23800000AD044E0E73A
:10243000010B10E305C0A0130500001A020B10E306
:1024400006C0A0130200001A010A10E307C0A0137F
:1024500004C0A003023A12E20010A0130170A013FE
:102460000100A0110C00001A011912E22B00001A41
:10247000023912E20310A0012600000A0100A0E3C5
:102480000070A0E1040000EA00C0A0E30110A0E396
:102490000C40A0E10C00A0E10C70A0E15264E0E768
:1024A00018E012E25232E01703E0A013D253E0E743
:1024B00001302312033003120230A0038330A01135
:1024C000400012E3D222E0E701308313073183E1B9
:1024D000012022E2800183E1060280E1850280E1A1
:1024E000040380E18C0380E1020580E18E0580E138
:1024F000810680E15000F0E7F080BDE80110A0E324
:102500000C40A0E10C00A0E10170A0E1E2FFFFEAB5
:1025100001C0A0E10140A0E10100A0E1F9FFFFEA54
:102520000310A0E10100A0E3F6FFFFEAF04F2DE960
:102530001CD04DE25230E1E70240A0E114308DE5BD
:10254000033002E20C108DE510308DE5201AA0E179
:1025500080329FE5D272E0E701C1D3E75066E7E73A
:1025600003C00CE201005CE30050A0031700000A66
:1025700064829FE564529FE500E098E50C909DE53C
:102580000E2195E71F20D4E7292A82E150929FE58A
:102590000E2185E7002099E5012042E2002089E52F
:1025A000000052E30700000A0E20A0E1012082E2B1
:1025B0003F2002E2029195E75996E8E7000059E3CF
:1025C000F9FFFF1A002088E518529FE50E5585E0B7
:1025D00001E193E700005EE32A00001AFF2FC5E344
:1025E0000320C2E3872182E1012082E3012183E706
:1025F000063195E7000053E30800001AE4319FE537
:10260000D8019FE5033045E02335A0E1032190E7A1
:102610005216E8E7011081E21126D4E7032180E792
:10262000843AA0E1D425E1E7022002E2A32F82E16F
:102630000C3004E2023083E114209DE58220A0E109
:10264000022002E2012082E3023283E1D423E2E7A6
:10265000023383E110209DE5C220A0E1823483E1B2
:102660005423E0E75442E0E7023583E10C209DE586
:10267000843583E11F20CBE7023083E1063185E713
:102680001CD08DE2F08FBDE801005CE30700001A6A
:102690000121D3E7FF5FCEE3D201E0E7070050E17D
:1026A0009721C3170350C5E30121C317CFFFFFEAEA
:1026B0002EE1B0E1CDFFFF0A01A1A0E10090A0E36F
:1026C000012183E0BAE093E109C05CE0DEE2E3E7E8
:1026D00001C0A01304E08DE500C06CE20280D2E5E9
:1026E00003C00CE2D8E1E0E708E08DE50170D2E537
:1026F000D723E0E7D7E1E0E782E08EE10121D3E7ED
:1027000003E00EE25772E2E70CB002E20EE08BE16A
:10271000D8B0E0E7018008E25222E0E70BE28EE168
:1027200008838EE1877388E1022587E18C2582E1A9
:102730002020C2E38229A0E1A229A0E11290CFE7E4
:1027400000800FE1808008E280000CF1107F11EE24
:102750000120C7E3102F01EE04C09DE50120A0E396
:10276000012183E79C22C8E7BA2083E108C09DE5E8
:1027700020BAA0E19C21C3E70121C3E70BBAA0E185
:1027800001C193E701A68BE22525A0E112C5DFE791
:1027900001C183E708309DE50B10A0E10B00A0E12B
:1027A00001BA8BE29392C5E704309DE59396D0E79A
:1027B0000920A0E15CFFFFEB0A005BE1F4FFFF1AD8
:1027C0000CFFFFEB107F01EE000058E387FFFF1ABC
:1027D000800008F185FFFFEA004000D0208201D090
:1027E000248201D0080000D0008000D0F74F2DE9EE
:1027F0000060A0E318729FE506A0A0E114929FE597
:102800000C8097E5083097E504B097E50800A0E153
:1028100000308DE50B5043E0FBFEFFEB00309DE503
:102820000040A0E10B0059E10120A0230020A033CB
:10283000030059E10020A023000052E30860A0112A
:10284000018808E2000055E32B00001A01A08AE28B
:10285000107087E203005AE3E8FFFF1AB8A19FE572
:1028600014B0A0E300309AE500308DE500309DE51E
:10287000050053E14C00008A0030A0E3303F02EE37
:10288000503F02EE8C319FE5020C16E302308913B3
:10289000010B16E3083083130400001A020B16E341
:1028A000103083130100001A010A16E31830831355
:1028B000020A16E3403083130400001A010916E3EC
:1028C000013083130100001A020916E3413083131B
:1028D000103F02EE44319FE5103F03EEC5FEFFEBD3
:1028E000103F11EE013A83E3523283E3103F01EED1
:1028F0000000A0E30CD08DE2F08FBDE8010655E3A7
:102900002000003A5B30F3E7000053E31D00001A9B
:10291000000058E31B00000AD415E1E70C3004E284
:10292000021001E2015645E2013083E15415E0E76F
:102930002B2AA0E101B68BE2013283E1D416E3E752
:10294000813283E18410A0E1021001E2011081E3F1
:10295000013583E1D413E2E7013683E1D410E0E7E7
:10296000813783E15413E0E7013883E15412E0E753
:10297000813883E1D412E0E7813983E1023A83E1CF
:10298000023189E7AEFFFFEA0B10A0E10B00A0E1E6
:102990000420A0E101BA8BE2E3FEFFEB010A55E35C
:1029A00005504590015A4582A5FFFFEA9B0502E0CC
:1029B00004009AE5021080E0028090E7042091E58F
:1029C000100091E504208DE5087091E58EFEFFEB87
:1029D00004209DE50040A0E1028048E00200A0E163
:1029E000081080E0000057E3015085029EFFFF0AB7
:1029F00004008DE50420A0E1CBFEFFEB04009DE583
:102A0000010A57E307704790017A4782010A80E282
:102A1000F2FFFFEAC08A00C0004000D0648900C015
:102A200055555555F0412DE9004052E20500001A78
:102A30000400A0E304E02DE5800008F1020000EFAF
:102A400004E09DE4F081BDE8072003E20160A0E11D
:102A5000010052E30050A0E1081003E20800000A60
:102A6000050052E32100000A000052E32100001A91
:102A7000000051E30C0209030500000A0C0602E302
:102A8000020000EA0C0A04E3000051E30000000A1F
:102A9000100080E3100013E3200080135AFEFFEBC8
:102AA0000070A0E100800FE1808008E280000CF15E
:102AB000056046E0051086E00500A0E10720A0E1E2
:102AC000015A85E298FEFFEB010A54E3044044906A
:102AD000014A4482000054E3F5FFFF1A000058E366
:102AE0000000001A800008F1F041BDE841FEFFEA55
:102AF0000C00A0E3E3FFFFEA0A00A0E3E1FFFFEA26
:102B000004002DE500004FE1200010E304E04E0238
:102B100002E04E1204009DE41B056DF90F504DE9D3
:102B200018D04DE2702F1DEE0320C2E3001092E595
:102B3000011081E2001082E50D00A0E1960000EB9B
:102B4000820100EA04E04EE217056DF90F504DE9ED
:102B500018D04DE20D00A0E1702F1DEE0320C2E35E
:102B6000001092E5011081E2001082E5940000EB74
:102B7000760100EA08E04EE217056DF90F504DE9C5
:102B800018D04DE20D00A0E1702F1DEE0320C2E32E
:102B9000001092E5011081E2001082E59A0000EB3E
:102BA000000050E318109D0518108D05670100EA1C
:102BB00084219FE5013040E210402DE91D0053E3E0
:102BC0005800008A0330D2E703F18FE000F020E3E1
:102BD00068019FE5F0FCFFEB2E00A0E31080BDE84C
:102BE0005C019FE5ECFCFFEB3000A0E31080BDE84A
:102BF00050019FE5E8FCFFEB3200A0E31080BDE848
:102C000044019FE5E4FCFFEB3300A0E31080BDE846
:102C100038019FE5E0FCFFEB3400A0E31080BDE845
:102C20002C019FE5DCFCFFEB3500A0E31080BDE844
:102C3000113E10EE5331E3E718019FE50A0053E31C
:102C400014219F9514119F8503119297D2FCFFEBDD
:102C50003600A0E31080BDE804019FE5CEFCFFEB49
:102C60003100A0E31080BDE8F8009FE5CAFCFFEB4F
:102C70003A00A0E31080BDE8EC009FE5C6FCFFEB46
:102C80003B00A0E31080BDE8E0009FE5C2FCFFEB45
:102C90003C00A0E31080BDE8D4009FE5BEFCFFEB44
:102CA0003700A0E31080BDE8C8009FE5BAFCFFEB49
:102CB0003800A0E31080BDE8BC009FE5B6FCFFEB48
:102CC0003D00A0E31080BDE8B0009FE5B2FCFFEB43
:102CD0003E00A0E31080BDE8A4009FE5AEFCFFEB42
:102CE0003F00A0E31080BDE898009FE5AAFCFFEB41
:102CF0004000A0E31080BDE88C009FE5A6FCFFEB40
:102D00004100A0E31080BDE880009FE5A2FCFFEB3E
:102D10004200A0E31080BDE874009FE59EFCFFEB3D
:102D20004300A0E31080BDE80010A0E164009FE52F
:102D300099FCFFEB0000A0E31080BDE8EE9300C01B
:102D4000848F00C0429000C09E8F00C0C38F00C01F
:102D5000E08F00C0079000C0269000C0F08A00C03D
:102D60007C8F00C0389000C05D9000C0839000C090
:102D7000A99000C0D79000C0FD9000C0239100C072
:102D8000449100C0659100C0A69100C0E79100C0C9
:102D9000049200C0439200C0829200C010402DE90E
:102DA0000040A0E114009FE57BFCFFEB0410A0E1D4
:102DB0002D00A0E354FDFFEB0100A0E31080BDE86F
:102DC000909200C070402DE90050A0E1303F15EE18
:102DD0002343A0E10F3003E2104004E2034084E10A
:102DE000506F16EE1C009FE56BFCFFEB0610A0E198
:102DF0000400A0E16DFFFFEB0510A0E142FDFFEB39
:102E00000100A0E37080BDE8B99200C070402DE9D8
:102E10000050A0E1103F15EE2343A0E10F3003E284
:102E2000104004E2034084E1106F16EE1C009FE5A1
:102E300059FCFFEB0610A0E10400A0E15BFFFFEBF3
:102E40000510A0E130FDFFEB0100A0E37080BDE8BC
:102E5000D59200C01EFF2FE110402DE9F2FCFFEBE0
:102E60001080BDE850009FE550409FE550509FE521
:102E700050609FE550709FE550809FE550909FE522
:102E800050A09FE5D1F021E305D0A0E1D2F021E3ED
:102E900006D0A0E1D7F021E307D0A0E1DBF021E3E9
:102EA00008D0A0E1D3F021E309D0A0E1DFF021E3D5
:102EB0000AD0A0E1E7FFFFEB14FF2FE10C0000D0E8
:102EC000F02E00C0F08C05D0F0D405D0F08B05D0EA
:102ED000F08A05D0F08905D0F08705D0740100EAAA
:102EE0007D0100EA0010A0E30100A0E306FDFFEA77
:102EF0001C309FE510402DE9703F0DEEF1FCFFEB1B
:102F0000F9FCFFEBD2FFFFEB3C0000EB36FEFFEBE2
:102F1000CB0A00EBB88301D0203002E5202042E24A
:102F200000309DE52C109FE5043082E504309DE5DE
:102F3000181082E5083082E508309DE50C3082E506
:102F40001F3100E31C3082E50030A0E3502080E513
:102F5000743080E51EFF2FE1782200C08500E0E399
:102F60001EFF2FE14FF07FF503F020E3800008F112
:102F70006FF07FF51EFF2FE104E04EE21F056DF9B3
:102F80001F0002F10F502DE9130002F104E02DE5BE
:102F900004300DE203D04DE00C002DE9702F1DEE42
:102FA0000320C2E3000092E5010080E2000082E518
:102FB0005E0100EB03002DE98001A0E1800008F133
:102FC000B510A0E38111A0E1010050E1030000AAC7
:102FD00018109FE5001081E00900B1E833FF2FE1F0
:102FE0000300BDE8560100EB04109FE511FF2FE13F
:102FF000388200C0F83000C0500F1DEE1EFF2FE1D8
:103000001EFF2FE1701F1DEE0310C1E3082091E5A4
:103010003000A0E3020080E01F0002F1F02F80E802
:10302000130002F138309FE5142093E5082081E574
:103030007040A0E3044092E0000094E5500F0DEED4
:10304000740092E50030B0E3743082E53000A0E314
:10305000020080E01F0002F1F02F90E8130002F15F
:103060001EFF2FE1B88301D01F056DF91F0002F18B
:103070000F502DE90DC0A0E1130002F104E02DE591
:1030800004300DE203D04DE00C002DE9702F1DEE51
:103090000320C2E3000092E5010080E2000082E527
:1030A00000004FE1200010E304101E05FF14C103CF
:1030B0000100000A02101EE5FF1001E2000051E3CA
:1030C0000100000A020051E30100000ACCFFFFEBFF
:1030D000080000EA1F0002F10D00A0E1130002F158
:1030E0000010A0E30020A0E3A1FCFFEB010000EA38
:1030F000000000EF1EFF2FE180000CF1703F1DEE7D
:103100000330C3E3000093E5010050E30400008AAC
:10311000081093E594209FE5140092E5010050E12A
:10312000B7FFFF1B702F1DEE0320C2E3000092E5E6
:10313000010040E2000082E50C00BDE803D08DE014
:1031400004E09DE41F0002F10F50BDE8000ABDF845
:10315000703F1DEE0330C3E3001093E5010051E31F
:103160000C00008A000050E30A00000A20D08DE223
:10317000130002F1A2FFFFEB703F1DEE0330C3E32B
:10318000000093E5010040E2000083E51F0002F12A
:103190000F50BDE8000ABDF8000093E5010040E2D1
:1031A000000083E50F50DDE818D08DE2000ABDF87D
:1031B000B88301D010309FE510402DE9003093E531
:1031C00033FF2FE10000A0E31080BDE8248301D08D
:1031D00010402DE9F6FFFFEB0000A0E31080BDE8F2
:1031E00014309FE514209FE5000083E50230D2E50E
:1031F000023083E30230C2E51EFF2FE1248301D0B9
:10320000380000D014109FE50129A0E310009FE5CD
:1032100010402DE9FEFAFFEB0000A0E31080BDE8AE
:10322000F08C05D0288301D007402DE92C209FE5A4
:10323000030092E8F000CDE124009FE5082090E52E
:10324000002092E5000052E35700E0030100000A6D
:103250000D10A0E132FF2FE10CD08DE204F09DE4CF
:103260007C8800C0B08000C01F0050E30D00008AC1
:1032700038C09FE50130A0E30C209CE51310A0E1CD
:10328000132002E0130052E10400000A10309CE514
:103290000310D1E10100A0030000A0131EFF2FE1E5
:1032A0000300A0E11EFF2FE10000A0E31EFF2FE1BD
:1032B00000D000505F0050E30800008A1F0050E378
:1032C0000400008A1C209FE50130A0E31330A0E138
:1032D0000C3082E5103082E50000A0E31EFF2FE1F4
:1032E0001500E0E31EFF2FE100D0005010402DE953
:1032F00098319FE5003093E55FF07FF51F3003E2E2
:10330000013083E28332A0E1FF0F53E3FF3FA023AC
:103310005FF07FF578119FE50020A0E3002081E5B4
:1033200070019FE52020A0E3020053E13600008AEF
:103330002010A0E30000A0E3010053E13800008A60
:103340002020A0E30000A0E3020053E13B00008A3C
:1033500044019FE52020A0E30010A0E3020053E118
:103360003C00008A34C19FE52020A0E330019FE5A6
:1033700000E0E0E3020053E13B00008A5FF07FF5EC
:103380000C219FE50130A0E3003082E55FF07FF57E
:103390000030E0E300308CE55FF07FF504319FE51D
:1033A000003080E55FF07FF5FF3F0FE3012C82E204
:1033B000003082E5F0109FE5453B83E21A3283E25C
:1033C000322E82E25FF07FF5001083E5043083E265
:1033D000020053E1FAFFFF1A5FF07FF5CC209FE572
:1033E000F030A0E3003082E5042042E2003092E5B4
:1033F0005FF07FF51A3EC3E35FF07FF5033083E3B0
:10340000003082E50000A0E31080BDE85FF07FF5AA
:103410000A1282E2861B81E2000081E5042082E23A
:10342000C0FFFFEA5FF07FF52121A0E10A2282E2DE
:10343000872B82E2000082E5101081E2BDFFFFEAE7
:103440005FF07FF50A1282E2851B81E2000081E5D0
:10345000042082E2BBFFFFEA5FF07FF5A2C180E0BB
:1034600000108CE5202082E2BBFFFFEAA211A0E160
:103470005FF07FF50C4081E000E084E55FF07FF5D0
:10348000001081E000E081E5202082E2B8FFFFEA41
:10349000041002A0001002A001010101801002A08E
:1034A000801302A0801102A00000FFFFA0A0A0A036
:1034B000042002A05FF07FF50130A0E31F2000E2AE
:1034C000A002A0E11332A0E108209FE5002182E0E4
:1034D000003082E51EFF2FE1001102A05FF07FF5B2
:1034E0000A3280E2853B83E20010C3E52032A0E18E
:1034F0000331B0E11EFF2F010F0000E20A3283E228
:10350000873B83E28000A0E1001093E55FF07FF548
:1035100003C0A0E3040012E30220A0131C10C1E1C9
:10352000121081115FF07FF5001083E51EFF2FE17F
:1035300008009FE5000090E55FF07FF51EFF2FE19A
:103540000C2002A04FF07FF55FF07FF504309FE57F
:10355000000083E51EFF2FE1102002A0F0412DE9BD
:103560000050A0E15C709FE50060A0E30180A0E353
:103570000130D5E57640EFE6040053E1F081BD98D7
:103580000030D5E5034084E00400A0E135FFFFEB07
:10359000000050E30900000A0400A0E144FFFFEB33
:1035A000843197E7000053E30400000A842187E098
:1035B0001F4004E2041092E51804A0E133FF2FE15C
:1035C000016086E2E9FFFFEA348301D08000A0E1D8
:1035D00004309FE5B01083E11EFF2FE1700000D0A2
:1035E00010402DE92610A0E30000A0E30020A0E396
:1035F000F5FFFFEBA010A0E32600A0E337FEFFEBF2
:103600002710A0E30100A0E30020A0E3EEFFFFEB02
:10361000A010A0E32700A0E330FEFFEB2810A0E3FA
:103620000200A0E30020A0E3E7FFFFEBA010A0E36F
:103630002800A0E329FEFFEB2910A0E30300A0E38C
:103640000020A0E3E0FFFFEBA010A0E32900A0E32F
:1036500022FEFFEB2A10A0E30400A0E30020A0E379
:10366000D9FFFFEBA010A0E32A00A0E31BFEFFEBB5
:103670003810A0E30500A0E30020A0E3D2FFFFEB99
:10368000A010A0E33800A0E314FEFFEB6110A0E35C
:103690000600A0E30020A0E3CBFFFFEBA010A0E317
:1036A0006100A0E30DFEFFEB6210A0E30700A0E3C2
:1036B0000020A0E3C4FFFFEBA010A0E36200A0E3A2
:1036C00006FEFFEB6310A0E30800A0E30020A0E3E8
:1036D000BDFFFFEBA010A0E36300A0E3FFFDFFEB45
:1036E0006410A0E30900A0E30020A0E3B6FFFFEB15
:1036F000A010A0E36400A0E3F8FDFFEB4910A0E3F5
:103700000A00A0E30020A0E3AFFFFFEBA010A0E3BE
:103710004900A0E3F1FDFFEB4B10A0E30B00A0E399
:103720000020A0E3A8FFFFEBA010A0E34B00A0E364
:10373000EAFDFFEB6D10A0E30C00A0E30020A0E386
:10374000A1FFFFEBA010A0E36D00A0E3E3FDFFEB02
:103750006E10A0E30D00A0E30020A0E39AFFFFEBB2
:10376000A010A0E36E00A0E3DCFDFFEB8A10A0E355
:103770000E00A0E30020A0E393FFFFEBA010A0E366
:103780008A00A0E3D5FDFFEB8D10A0E30F00A0E3BE
:103790000020A0E38CFFFFEBA010A0E38D00A0E3CE
:1037A000CEFDFFEB0000A0E31080BDE8B030D1E11A
:1037B0005330EBE7092C83E25220EBE7800052E321
:1037C0000E00008A042091E508D04DE25FF07FF5FD
:1037D000053283E2002083E5B030D1E15330EBE7DE
:1037E000053283E2003093E55FF07FF504308DE52C
:1037F0000000A0E304309DE508D08DE21EFF2FE11C
:103800008500E0E31EFF2FE1B030D1E15330EBE75C
:10381000092C83E25220EBE7800052E30E00008A7D
:10382000042091E508D04DE25FF07FF5453283E258
:10383000002083E5B030D1E15330EBE7453283E23D
:10384000003093E55FF07FF504308DE50000A0E3E4
:1038500004309DE508D08DE21EFF2FE18500E0E3F6
:103860001EFF2FE1B030D1E110402DE90240A0E170
:103870005330EBE7082700E3020053E11B00000A86
:10388000482700E3020053E11D00000A070C53E340
:103890000600001A043091E5010853E30D00000A08
:1038A0000400008A023B43E2023BD3E30C00000A1F
:1038B0008500E0E31080BDE8023643E20236D3E340
:1038C000FAFFFF1A90009FE53F0600EB000084E539
:1038D0000000A0E31080BDE880009FE51D0700EB1D
:1038E000F9FFFFEA78009FE5950600EBF6FFFFEA97
:1038F000043091E5010C53E3ECFFFF1A64009FE5EF
:10390000F5FFFFEA043091E5100053E30C00000AD4
:103910000500008A040053E30D00000A080053E389
:1039200044009F05EFFFFF0AE0FFFFEA200053E39A
:103930000500000A400053E330009F05E1FFFF0A45
:10394000DAFFFFEA28009FE5DEFFFFEA24009FE59B
:10395000DCFFFFEA20009FE5E2FFFFEA001C0068B1
:10396000001C006F001C006B001C006A00E0006C73
:1039700000000769001C006900E00069001C006C81
:103980000532A0E3012CA0E3202483E5282493E55D
:10399000010C12E3FCFFFF0A282493E5010012E367
:1039A0000500001A0120A0E3202483E50522A0E3FE
:1039B000283492E5010013E3FCFFFF0A0522A0E38F
:1039C000152D82E2003092E50330C3E3013083E33A
:1039D000003082E5003092E55FF07FF5000053E3B0
:1039E000FBFFFFAA0522A0E34A2E82E2003092E507
:1039F0001030C3E3003082E5003092E55FF07FF5E0
:103A0000100013E3FBFFFF1A0512A0E3A03491E5B9
:103A10002030C3E3A03481E5003092E55FF07FF50C
:103A2000200013E3FBFFFF1A0522A0E34A2E82E2E7
:103A3000003092E54030C3E3003082E5003092E58B
:103A40005FF07FF5400013E3FBFFFF1A0532A0E3B0
:103A5000A42493E51F20C8E7522082E3A42483E531
:103A6000A42493E55220E8E7520052E3FBFFFF1A3B
:103A7000A42493E53F28C2E3012882E3A42483E53C
:103A80000532A0E3A42493E53F2802E2010852E3B3
:103A9000FBFFFF1AA82493E57F20C2E3A82483E557
:103AA0000522A0E3A83492E57F0013E3FCFFFF1A90
:103AB000AC3492E5501505E3F80F0FE39F31CFE7E3
:103AC000013083E1AC3482E50532A0E3AC2493E518
:103AD000002002E0010052E1FBFFFF1AA02493E561
:103AE000012082E3A02483E50532A0E3A02493E52E
:103AF000020012E3FCFFFF0AA02493E5102082E3FA
:103B0000A02483E538209FE5003092E55FF07FF543
:103B1000100013E3FBFFFF0A0522A0E3403592E506
:103B20000330C3E3023083E3403582E5403592E55C
:103B3000033003E2020053E3FBFFFF1A0000A0E39F
:103B40001EFF2FE1A00400500F0050E30500008A83
:103B5000F4330EE33330A0E1010013E38500E0030A
:103B60000000A0131EFF2FE18500E0E31EFF2FE100
:103B700070402DE9B000D1E1042091E55000EBE761
:103B80005258E4E7EFFFFFEB000050E30D00001A8E
:103B90007240FFE6051284E2003091E55FF07FF5A8
:103BA0005FF07FF5D2EAE1E700C0E0E3222CA0E17C
:103BB00001E08EE21CCEE0E11C35C3E1123583E169
:103BC000003081E57080BDE88500E0E37080BDE8ED
:103BD000B000D1E15000EBE7093C80E25330EBE765
:103BE000800053E30900008A050280E2000090E5AE
:103BF0005FF07FF5043091E50030D3E10900000A61
:103C00000100A0E31EFF2FE10100A0E31080BDE84A
:103C100010402DE9CBFFFFEB000050E3F9FFFF1A46
:103C20000200A0E31080BDE80200A0E31EFF2FE128
:103C300010402DE928009FE5E80600EB000050E366
:103C40000500000A1C009FE564FDFFEB14009FE5E2
:103C5000BAF8FFEB0000A0E31080BDE81200E0E33B
:103C60001080BDE81C8200C06C3C00C00A0050E31C
:103C700070402DE90040A0E130509FE50400001A9B
:103C8000083095E50D10A0E30500A0E1043093E5B0
:103C900033FF2FE1083095E57410EFE60C009FE547
:103CA000043093E533FF2FE10400A0E17080BDE80C
:103CB0001C8200C004E02DE5003090E5003082E574
:103CC00004E0D0E500C090E58EC18CE00C0053E12B
:103CD0000100003A0100E0E304F09DE405C0D3E5F3
:103CE000083083E201005CE1F3FFFF1A0000A0E36B
:103CF00004F09DE4F0412DE90040A0E1015180E095
:103D0000050054E10100001A0000A0E3F081BDE8C5
:103D1000046094E4D672E3E71F0006E2D9F8FFEBF3
:103D2000000050E30600000A0130A0E30620A0E1F5
:103D30000710A0E1E1F8FFEB000050E3EFFFFFAA5E
:103D4000F081BDE81200E0E3F081BDE8043090E5C9
:103D5000D102EBE71F1001E2003093E5033090E75A
:103D60000100A0E3103113E00030A0110030A003E7
:103D70000030C2E50000A0E31EFF2FE1043090E513
:103D800001C0A0E3D102EBE71F1001E2002093E5A0
:103D9000023090E71C3183E1023080E70000A0E3AD
:103DA0001EFF2FE1043090E501C0A0E3D108EBE74E
:103DB0001F1001E2002093E5023090E71C3183E1FF
:103DC000023080E70000A0E31EFF2FE170402DE9E4
:103DD0000040A0E10150A0E1E7FFFFEB0510A0E1EA
:103DE0000400A0E1EEFFFFEB0000A0E37080BDE85F
:103DF000010A50E30500000A010250E30700001A1F
:103E0000000051E30200A0030100A0131EFF2FE1F8
:103E1000000051E30400A0030300A0131EFF2FE1E4
:103E2000000051E30300A0030200A0131EFF2FE1D6
:103E3000043090E5003093E51C0093E51C2093E5E9
:103E4000D001E0E7012002E2820080E11C2093E53E
:103E5000020012E31C2093E504008013040012E327
:103E60001C2093E520008013010C12E3012CA01309
:103E70000800801320208315010010E30820A01300
:103E800020208315020010E30120A01320208315B9
:103E9000040010E30220A01320208315200010E36B
:103EA0000420A013202083151EFF2FE1043090E58D
:103EB000002093E5003092E5403083E3003082E556
:103EC0001EFF2FE1043090E5002093E5003092E5DD
:103ED0004030C3E3003082E51EFF2FE1043090E55F
:103EE000002093E5003092E5203083E3003082E546
:103EF0001EFF2FE1043090E5002093E5003092E5AD
:103F00002030C3E3003082E51EFF2FE1043090E54E
:103F1000003093E51C0093E5D002E0E71EFF2FE19F
:103F2000043090E5003093E5082093E5012082E31A
:103F3000082083E560209FE5020053E1130353133B
:103F40000E00000A54109FE554209FE5020053E143
:103F5000010053110900000A48209FE5021A81E27E
:103F6000020053E1010053110400000A38209FE5CC
:103F7000071A81E2020053E1010053110200001A06
:103F8000042093E5402082E3042083E5002093E5AC
:103F9000012C82E3002083E51EFF2FE10010004C7E
:103FA00000F000400000014000300044009001405B
:103FB000043090E5003093E5082093E50120C2E34A
:103FC000082083E560209FE5020053E113035313AB
:103FD0000E00000A54109FE554209FE5020053E1B3
:103FE000010053110900000A48209FE5021A81E2EE
:103FF000020053E1010053110400000A38209FE53C
:10400000071A81E2020053E1010053110200001A75
:10401000042093E54020C2E3042083E5002093E5DB
:10402000012CC2E3002083E51EFF2FE10010004CAD
:1040300000F00040000001400030004400900140CA
:10404000103090E5060083E91EFF2FE1102090E577
:10405000043092E5000053E31EFF2F01081092E5A3
:1040600013FF2FE15500A0E30020A0E310402DE94D
:10407000A010A0E399FBFFEB1040BDE85500A0E3C2
:1040800095FBFFEA37402DE9004051E2005090E5F2
:104090000200001A1500E0E30CD08DE23080BDE88C
:1040A0000030A0E1040090E5101093E5083090E5A1
:1040B0000C3093E5000053E35700E003F5FFFF0ADF
:1040C00004208DE233FF2FE1000050E3F1FFFFBA3F
:1040D000003095E50239C3E3003085E504109DE525
:1040E000A41081E011F431E70F0051E37110FF8655
:1040F0000000A0830C108585E6FFFF8AE4FFFFEA3D
:10410000043090E5003093E51C0093E55003E0E7B0
:104110001EFF2FE1043090E5003093E51C0093E58D
:10412000800010E2000093155003E0171EFF2FE1FE
:10413000F0412DE90140A0E1103090E50520D4E5E3
:10414000005093E50430D4E5041090E5010053E3FA
:1041500002604312066CA003166F6F11A662A011D5
:104160000665A011020052E38220A09102CAA0833A
:10417000A0C19F95B2C09C910620D4E5020052E3F5
:10418000133F6F01A332A001033EA0010500000A06
:10419000040052E3013AA0030200000A003053E297
:1041A0000130A0130336A0E10770D4E5001091E5BB
:1041B000010057E3002091E503ECA00300E0A01309
:1041C000040055E11200001A0122C2E3162CC2E3DA
:1041D000062082E1032082E1002081E5043091E5A0
:1041E000033AC3E30C3083E1043081E5043090E509
:1041F000002093E5083092E5033CC3E30E3083E1F1
:10420000083082E5001095E5040090E5F041BDE836
:104210009BFFFFEA062C02E2020056E10020911506
:10422000062CC2130620821100208115042090E57F
:10423000001092E5042091E5032A02E202005CE10D
:1042400004209115032AC2130C2082110420811529
:10425000042090E5001092E5002091E5EF24C2E3F0
:10426000FF28C2E3EF2CC2E3FF20C2E3020053E1C8
:104270000400000A002091E50122C2E3012AC2E302
:10428000032082E1002081E5043090E5031047E23D
:10429000111F6FE1002093E5A112A0E1083092E523
:1042A000033C03E203005EE108309215033CC313B4
:1042B0000E30831108308215043090E5003093E50C
:1042C000082093E55227E0E7020051E10400000ACC
:1042D000082093E5030057E30129C2130129820353
:1042E000082083E5001094E5003095E5030051E1D6
:1042F0000600000A040090E561FFFFEB000050E3B8
:10430000F081BD18003094E5003085E5F081BDE80E
:104310000000A0E3F081BDE8888B00C0F3412DE9E7
:104320000070A0E1048090E5040098E5101098E585
:10433000083090E5003093E5000053E35750E00368
:104340002A00000A33FF2FE1005050E2270000BA94
:10435000240098E504208DE20010A0E354FEFFEB5A
:10436000005050E2210000BA04309DE50020A0E397
:104370000410D3E5000093E55DFEFFEB005050E232
:104380001A0000BA046097E5103097E5004096E502
:10439000005093E5003094E50130C3E3003084E53C
:1043A000080096E50D0500EB000050E31250E00315
:1043B0000E00000AD800C6E1083090E50C3093E505
:1043C000000053E30000000A33FF2FE1003094E5C2
:1043D0000510A0E10700A0E10C3083E3003084E584
:1043E00052FFFFEB005050E20300000A1550E0E3DB
:1043F0000500A0E108D08DE2F081BDE81830D6E5D7
:10440000000053E3083094150830831308308415F6
:104410001930D6E5000053E30430941502398313B4
:10442000043084151A30D6E5000053E304309415A7
:1044300001388313043084151B30D6E5000053E3A4
:104440000430941502388313043084151C30D6E5EB
:10445000000053E32600000ADC309FE5130354E319
:10446000030054110E00000AD0209FE5D0309FE5D4
:10447000020054E1030054110900000AC4309FE512
:10448000022A82E2020054E1030054110400000AEF
:10449000B4309FE5072A82E2020054E10300541180
:1044A000D1FFFF1A043097E5002093E5083092E52C
:1044B000013983E3083082E5003094E51D20D6E51C
:1044C0003E36C3E3823A83E1003084E5003094E570
:1044D0001E20D6E51F38C3E3023883E1003084E5AF
:1044E0001F30D6E5000053E30830941502398313DA
:1044F000083084152030D6E5000053E300309415D1
:104500000232831300308415003094E5013083E3D8
:10451000003084E51C3094E5020613E3FCFFFF0A3B
:104520001C3094E5010513E3FCFFFF0A283098E5F1
:104530000700A0E133FF2FE1ACFFFFEA0010004CC1
:1045400000F00040000001400030004400900140B5
:10455000F0412DE90150A0E1043090E50020A0E1F8
:1045600005E0D5E5004093E5103090E50670D5E50F
:10457000006093E50430D1E5010053E302104312DB
:10458000061CA003111F6F11A112A0110115A0118B
:1045900002005EE38E00A09102CAA08338C19F95FD
:1045A000B0C09C91020057E30B00000A040057E3DF
:1045B0000200000A000053E30300A0010A00000A01
:1045C000010AA0E3038043E2010058E30600008AE9
:1045D0008530E0E30300A0E1F081BDE8000053E393
:1045E0000000A013F6FFFF1A0102A0E3003053E21F
:1045F0000130A013040057E30030A013000053E380
:10460000F2FFFF1A010A5CE30500000A030A5CE3FB
:104610000230A0030200000A00005CE30130A003A6
:104620000330A01303005EE1E8FFFF1AEFFDFFEB8C
:10463000000057E1E5FFFF1A0730D5E5000053E31E
:104640001400000A010053E32000001A8C309FE59B
:10465000130354E3030054110E00000A80109FE579
:1046600080309FE5010054E1030054110900000A65
:1046700074309FE5021A81E2010054E103005411F5
:104680000400000A64309FE5071A81E2010054E14A
:1046900003005411CDFFFF1A003094E50510A0E18E
:1046A0000200A0E10130C3E3003084E59FFEFFEB90
:1046B000003050E2C5FFFF1A002094E5012082E39C
:1046C000002084E5030095E8030086E8C0FFFFEAC8
:1046D000030053E3DCFFFF0ABCFFFFEA888B00C046
:1046E0000010004C00F00040000001400030004489
:1046F0000090014010402DE90130A0E1102090E52C
:104700000040A0E1002092E5002092E5002081E534
:10471000042090E5002092E5002092E5062C02E2BC
:10472000010B52E3062C42120220A003122F6F113C
:10473000A222A0110420C1E5042090E5002092E50A
:10474000042092E5032A02E2010A52E30020A003BA
:104750000500000A030A52E30220A0030200000A37
:10476000000052E30120A0030320A0130520C3E5AD
:10477000042094E5002092E5000092E5001092E507
:10478000EF04C0E3FF08C0E3061C01E2EF0CC0E346
:10479000FF00C0E395FDFFEB0600C3E50000A0E3CA
:1047A000042094E5002092E5082092E5032C02E223
:1047B000032C42E2122F6FE1A222A0E10720C3E501
:1047C000041094E5001091E5081091E5010911E34A
:1047D0000320A0130720C3E51080BDE810402DE999
:1047E0000140A0E1043090E5003093E5000093E53E
:1047F000001093E5EF04C0E3FF08C0E3061C01E2EC
:10480000EF0CC0E3FF00C0E378FDFFEB040050E3D2
:104810001400000A1C0093E5800010E21080BD081F
:1048200000100FE1801001E280000CF10000A0E315
:1048300000C042E000005CE3060000DA1CC093E523
:1048400080001CE30300000A00C0D4E7010080E2FE
:1048500028C083E5F5FFFFEA000051E31080BD1892
:10486000800008F11080BDE88500E0E31080BDE81D
:10487000043090E5003093E51C2093E5800012E3BE
:10488000FCFFFF0A00200FE1802002E280000CF113
:104890001C0093E5800010E30300001A000052E3BF
:1048A000F4FFFF1A800008F1F2FFFFEA281083E509
:1048B000000052E31EFF2F11800008F11EFF2FE1C0
:1048C000043090E5003093E51C2093E5200012E3CE
:1048D0000200000A002093E5200012E30400001A01
:1048E0001C0093E5400010E2000093155003E01710
:1048F0001EFF2FE10100A0E31EFF2FE110402DE974
:104900000140A0E1043090E5003093E5000093E51C
:10491000001093E5EF04C0E3FF08C0E3061C01E2CA
:10492000EF0CC0E3FF00C0E330FDFFEB040050E3F9
:104930000000A0130810A0130100001A8500E0E396
:104940001080BDE800C042E000005CE31080BDD8EC
:104950001CC093E520001CE31080BD0824C093E533
:1049600000C0C4E7010080E21CC093E508001CE31E
:1049700020108315F2FFFFEA043090E5003093E544
:104980001C2093E5080012E30820A01320208315C3
:104990001C2093E5200012E30000A0130000E003B8
:1049A000243093150030C1151EFF2FE170402DE912
:1049B0000220A0E3A010A0E31B00A0E347F9FFEB57
:1049C0001E0F51EC192CA0E30030A0E3CAF2FFFA4D
:1049D00050209FE50030A0E1F000C2E1190CA0E3F7
:1049E000933082E0902121E03C209FE5004093E05D
:1049F000003082E5041082E50050A1E23E4F45EC14
:104A0000333F1EEE013083E3333F0EEE1B00A0E385
:104A100031F9FFEB333F1EEE0230C3E3333F0EEEBE
:104A20000000A0E37080BDE8008001D0088001D0C4
:104A300030402DE900100FE1801001E280000CF100
:104A40001E4F55EC54209FE5193CA0E300E092E591
:104A500004C092E50E0044E010F330E7930003E059
:104A60000E3093E000C0ACE2081082E830209FE5F1
:104A7000081092E8003093E000C0ACE2081082E831
:104A800020309FE50020A0E3002083E5333F1EEEA9
:104A9000023083E3333F0EEE3040BDE8A50700EA65
:104AA000088001D0008001D0B48301D0010070E300
:104AB0000030A0130130A003031011E01EFF2F11DE
:104AC0007C309FE5010070E330402DE900E093E584
:104AD000044093E50600001A03219EE20030A4E2A0
:104AE0003E2F43EC333F1EEE0230C3E3333F0EEE66
:104AF0003080BDE84C209FE5195CA0E348309FE57D
:104B000000C092E5003093E5042092E50C3093E07C
:104B10000020A2E200C093E0C00FA2E09C2583E049
:104B2000953023E00EC052E00351A0E30400C3E03F
:104B30000C0055E10000D1E0E8FFFF2A05209EE0CF
:104B4000E5FFFFEA088001D0008001D0B48301D0E6
:104B50001E0F51EC18309FE5003093E5030040E054
:104B6000193CA0E310F330E708309FE5000083E52F
:104B70001EFF2FE1088001D0B48301D00532A0E3ED
:104B8000280493E55004E0E71EFF2FE10532A0E37F
:104B9000280493E5010000E21EFF2FE10532A0E3A7
:104BA000280493E55002E0E71EFF2FE1203BA0E13F
:104BB000053283E2603493E5203503E05330EBE7C0
:104BC000000083E11EFF2FE10532A0E3000593E51D
:104BD000D000E0E71EFF2FE10532A0E3200593E5BA
:104BE000D000E0E71EFF2FE1F0412DE90050A0E1E9
:104BF0000300A0E10270A0E10160A0E15AF1FFFA18
:104C00003914A0E384F1FFFA0040A0E10700A0E11D
:104C100055F1FFFA0010A0E10400A0E1FAF0FFFA5C
:104C20000040A0E10500A0E14FF1FFFA0050A0E133
:104C30000600A0E14CF1FFFA0010A0E10500A0E1A0
:104C4000CFF1FFFA0010A0E10400A0E172F1FFFA39
:104C50000040A0E118009DE543F1FFFA0010A0E13B
:104C60000400A0E1C6F1FFFA13F2FFFAF081BDE8FB
:104C70000522A0E3F3412DE90050A0E1803492E544
:104C8000033013E23C00000A010053E34200000A33
:104C90000060A0E30030A0E3003085E5043085E546
:104CA000083085E50532A0E3D47493E5D48493E518
:104CB000DC4493E55778E5E75880E8E7014814E2DB
:104CC000017087E2018088E2DC449315D02493E5EB
:104CD000D441EC17100012E30900000AD83493E520
:104CE0000820A0E10710A0E10600A0E17F3003E268
:104CF000013083E200308DE50430A0E1B9FFFFEB25
:104D0000000085E50532A0E3D02493E5200012E3FE
:104D10000900000AD83493E50820A0E10710A0E1BB
:104D20000600A0E15334E6E7013083E200308DE570
:104D30000430A0E1ABFFFFEB040085E50532A0E302
:104D4000D02493E5400012E30900000AD83493E52B
:104D50000820A0E10710A0E10600A0E15338E6E733
:104D6000013083E200308DE50430A0E19DFFFFEBD0
:104D7000080085E508D08DE2F081BDE882FFFFEBF9
:104D8000000050E3C1FFFF0A403492E51C609FE53C
:104D9000033003E23663A0E1BDFFFFEA76FFFFEBDD
:104DA000000050E3B9FFFF0A04609FE5B8FFFFEA87
:104DB0000090D00300366E010522A0E3F3412DE9F7
:104DC0000050A0E1843492E5033003E2010053E394
:104DD0004600000A020053E34900000A000053E3C2
:104DE0003A00000A0060A0E30030A0E3003085E54F
:104DF000043085E5083085E50532A0E3047593E5C8
:104E0000048593E50C4593E55778E5E75880E8E796
:104E1000014814E2017087E2018088E20C45931595
:104E2000002593E5D441EC17100012E30900000AB5
:104E3000083593E50820A0E10710A0E10600A0E1F5
:104E40007F3003E2013083E200308DE50430A0E1E1
:104E500064FFFFEB000085E50532A0E3002593E544
:104E6000200012E30900000A083593E50820A0E1BC
:104E70000710A0E10600A0E15334E6E7013083E229
:104E800000308DE50430A0E156FFFFEB040085E51E
:104E90000532A0E3002593E5400012E30900000A73
:104EA000083593E50820A0E10710A0E10600A0E185
:104EB0005338E6E7013083E200308DE50430A0E1AD
:104EC00048FFFFEB080085E508D08DE2F081BDE8E2
:104ED0002DFFFFEB000050E3C1FFFF0A403492E5D5
:104EE00030609FE5033003E23663A0E1BDFFFFEAD7
:104EF00021FFFFEB000050E31C609F15B9FFFF1A74
:104F0000B7FFFFEA24FFFFEB000050E30C609F15A2
:104F1000B4FFFF1AB2FFFFEA0090D00300366E0123
:104F200000093D000522A0E3F3412DE90050A0E176
:104F3000883492E5033003E2030053E328619F05C0
:104F40000500000A000053E34200001A0EFFFFEBC9
:104F5000000050E33A00001A0060A0E30030A0E334
:104F6000003085E5043085E5083085E50532A0E3AD
:104F7000247593E5248593E52C4593E55778E5E77B
:104F80005880E8E7014814E2017087E2018088E276
:104F90002C459315202593E5D441EC17100012E31E
:104FA0000900000A283593E50820A0E10710A0E1D8
:104FB0000600A0E17F3003E2013083E200308DE59E
:104FC0000430A0E107FFFFEB000085E50532A0E318
:104FD000202593E5200012E30900000A283593E517
:104FE0000820A0E10710A0E10600A0E15334E6E7A5
:104FF000013083E200308DE50430A0E1F9FEFFEBE3
:10500000040085E50532A0E3202593E5400012E386
:105010000900000A283593E50820A0E10710A0E167
:105020000600A0E15338E6E7013083E200308DE569
:105030000430A0E1EBFEFFEB080085E508D08DE22F
:10504000F081BDE8403492E520609FE5033003E243
:105050003663A0E1C0FFFFEAC7FEFFEB000050E3AC
:105060000C609F15BCFFFF1ABAFFFFEA0080BB006F
:105070000090D00300366E0110402DE9CAFEFFEB10
:1050800070309FE5030050E11000000A013083E218
:10509000030050E11200000A023043E2030050E135
:1050A0000100000A0000A0E31080BDE8B6FEFFEB9F
:1050B000000050E3FAFFFF0A3C009FE50532A0E341
:1050C000403493E5033003E23003A0E11080BDE8F3
:1050D000B1FEFFEB000050E3F1FFFF0A1C009FE56B
:1050E0001080BDE8A4FEFFEB000050E3ECFFFF0AD8
:1050F0000C009FE51080BDE8010C003B0090D00340
:1051000000093D0000366E011F402DE90522A0E395
:10511000443592E5073003E2010053E33C009F056C
:105120000800000A020053E30800000A000053E3ED
:105130000000A0130300001A403492E520009FE510
:10514000033003E23003A0E114D08DE204F09DE4CB
:1051500004008DE2C5FEFFEB04009DE5F9FFFFEAC8
:1051600000366E010090D0031F402DE90522A0E318
:10517000483592E5033003E2020053E33C009F050B
:105180000800000A030053E30800000A010053E38B
:105190002C009F050300000A403492E524009FE59F
:1051A000033003E23003A0E114D08DE204F09DE46B
:1051B00004008DE2FFFEFFEB04009DE5F9FFFFEA2E
:1051C00000093D0000366E010090D0031F402DE91C
:1051D00075FEFFEB44319FE5030050E13E00000AFD
:1051E0001C00008A38319FE5030050E10D00008A61
:1051F000033043E2030050E10200002A0000A0E374
:1052000014D08DE204F09DE418319FE5070B40E2D5
:105210005A0340E2020050E32F00008A0000D3E767
:1052200000F18FE000F020E3973480E2073B43E297
:10523000030053E3F0FFFF8AEC309FE5EC209FE58D
:10524000033080E0020053E32300008A0330D2E7FA
:1052500003F18FE000F020E3D4309FE5030050E13C
:105260001D00000A0C00008A613A43E2FF3E43E25F
:10527000030050E12100000A083083E2030050E1FE
:10528000103043120B00001A43FEFFEB000050E306
:10529000D9FFFF0A9C009FE5D8FFFFEA98309FE501
:1052A000030050E11500000A403083E2030050E1A2
:1052B000F4FFFF0A803043E2030050E1CEFFFF1A03
:1052C00044FEFFEB000050E3CBFFFF0A04008DE239
:1052D00013FFFFEB0C009DE5C8FFFFEAA1FFFFEB0A
:1052E0000532A0E36C2593E5843593E50F2002E2B7
:1052F000073003E23002A0E13003A0E1BFFFFFEA84
:1053000021FEFFEB000050E3BBFFFF0A2C009FE5EE
:105310000532A0E3403493E5033003E2F5FFFFEAF2
:1053200000E00069031C00682C9400C0FFE3FF96B6
:105330002F9400C00000076900093D008000076944
:105340000090D0031F402DE917FEFFEBBC319FE515
:10535000030050E12100008A043043E2030050E1E1
:105360000A00002AFE3483E2043083E2030050E1A5
:105370000E00008A043043E2030050E190319F2583
:105380000F00002A0000A0E314D08DE204F09DE499
:1053900080319FE5070B40E25B0340E2030050E3EE
:1053A0004200008A0000D3E700F18FE000F020E324
:1053B000953480E2073B43E2040053E358319F9564
:1053C000EFFFFF8A033080E050219FE5030053E3A5
:1053D0001D00008A0330D2E703F18FE000F020E3E4
:1053E0003C319FE5030050E13900000A0B00008AC0
:1053F000103043E2030050E12C00000A083083E241
:10540000030050E1DEFFFF1AF2FDFFEB000050E366
:10541000DBFFFF0A04008DE2C1FEFFEB160000EA8D
:1054200000319FE5030050E13100000A083083E2BB
:10543000030050E1D2FFFF1ACFFDFFEB000050E365
:10544000E4009F15CEFFFF0ACEFFFFEAE1FDFFEB70
:10545000000050E3CAFFFF0A04008DE2B0FEFFEB3C
:1054600004009DE5C7FFFFEAD6FDFFEB000050E317
:10547000C3FFFF0A04008DE24EFEFFEB08009DE52E
:10548000C0FFFFEAA4009FE514D08DE204E09DE494
:10549000F8FEFFEACBFDFFEB000050E3B8FFFF0A88
:1054A00004008DE243FEFFEB0C009DE5B5FFFFEA33
:1054B0002CFFFFEB0532A0E36C2593E5843593E5E3
:1054C0000F2002E2073003E23002A0E13003A0E146
:1054D000ACFFFFEAACFDFFEB000050E3A8FFFF0AC2
:1054E0004C009FE50532A0E3403493E5033003E22E
:1054F000F5FFFFEAA8FDFFEB000050E3A0FFFF0A65
:1055000030009FE59FFFFFEA2C009FE59DFFFFEA2B
:10551000041C006CFFE3FF95329400C0FFE3FF948E
:10552000369400C010E0006C18E0006C00366E018C
:10553000000C003B0090D00300093D000080BB0040
:105540000532A0E3683593E5073003E2013083E2DA
:1055500010F330E71EFF2FE11F402DE992FDFFEB16
:10556000E8319FE5030050E13F00008A043043E248
:10557000030050E11100002AFF3483E2053083E28A
:10558000030050E11D00008A053043E2030050E1B2
:105590001200002A0000A0E314D08DE204F09DE484
:1055A000AC319FE5070B40E2170240E2030050E3F5
:1055B0006100008A0000D3E700F18FE000F020E3F3
:1055C00090319FE5033080E08C219FE5030053E399
:1055D0005200008A0330D2E703F18FE000F020E3AD
:1055E00078319FE578219FE5033080E0040053E3A4
:1055F0000900008A0330D2E703F18FE000F020E3D6
:1056000060319FE5030050E13000000A0800008A85
:10561000103043E2030050E1DDFFFF1AB9FEFFEB5B
:10562000C6FFFFEB0532A0E3843593E5073003E2C4
:105630002D0000EA30319FE5030050E12C00000A04
:10564000083083E2030050E12F00000A103043E2EB
:10565000030050E1CEFFFF1A4FFDFFEB000050E3C7
:10566000CBFFFF0A04019FE5CAFFFFEA00319FE577
:10567000030050E10800008A043043E2030050E1D7
:10568000C6FFFF2A913480E2073B43E2040053E364
:10569000E0309F95CAFFFF9ABDFFFFEA8F3480E29A
:1056A000073B43E2040053E3CC309F95C4FFFF9ACD
:1056B000B7FFFFEA43FDFFEB000050E3B4FFFF0A32
:1056C00004008DE2BBFDFFEB08009DE5B1FFFFEAA2
:1056D0002DFDFFEB000050E3ADFFFF0A9C009FE5AE
:1056E0000532A0E3403493E5033003E23003A0E148
:1056F000A8FFFFEA37FDFFEB000050E3A4FFFF0A1D
:1057000004008DE206FEFFEBEEFFFFEA1AFDFFEB61
:10571000000050E39EFFFF0A64009FE59DFFFFEA43
:1057200090FEFFEB0532A0E36C2593E5703593E521
:105730000F2002E23002A0E1BBFFFFEA89FEFFEB8F
:105740000532A0E36C2593E5743593E5F7FFFFEA96
:10575000041C006E3A9400C0FFE3FF913E9400C029
:10576000FFE3FF92429400C010E0006D20E0006D66
:1057700000093D00041C0070FFE3FF90FFE3FF8E73
:105780000090D00300366E0110402DE90040A0E1EA
:10579000143090E5000053E30600001A0000A0E377
:1057A0000C2094E5000060E20130D2E5013083E393
:1057B0000130C2E51080BDE833FF2FE1000050E367
:1057C000F5FFFF0A0C3094E5000050E3000060B2E2
:1057D000FF0050E3FF00A0A30000C3E5EFFFFFEAD6
:1057E000000050E31EFF2F010C3090E50100D3E5CF
:1057F000010010E20000D315100F6F11A002A011DC
:105800001EFF2FE100300FE1803003E280000CF139
:10581000FEFFFFEA10402DE9F9FFFFEB70402DE994
:1058200000500FE1805005E280000CF11C309FE534
:10583000084093E5F6FFFFEB000055E30000001A77
:10584000800008F10400A0E17040BDE8240100EAF6
:10585000B88301D044309FE570402DE9004193E7C3
:10586000010080E2005193E7040055E17080BD988B
:10587000040094E5000050E30500000A1830D0E56C
:10588000010013E30000001ABEFFFFEB084084E2B2
:10589000F4FFFFEA003094E533FF2FE1FAFFFFEA5F
:1058A0006C8B00C070402DE918D04DE2E4409FE5BC
:1058B0008A0400EBE0309FE50120A0E3DC509FE587
:1058C0000300A0E30020C3E5E1FFFFEB0400A0E339
:1058D000DFFFFFEB0460A0E1304084E2050056E109
:1058E0000C00003AAC409FE5DA0200EB050054E101
:1058F0001A00003AE40200EBA40400EB4AEFFFEBCD
:105900009C209FE5BC30D2E10130C3E3BC30C2E152
:1059100018D08DE27080BDE80C3014E514308DE5B0
:10592000103014E510308DE5143014E50C308DE5A1
:10593000183014E508308DE51C3014E504308DE591
:10594000203014E500308DE5D82244E1D00344E155
:10595000730000EB303014E5546083E5DCFFFFEAB0
:10596000D822C4E1010073E3010072030300000ABE
:10597000031092E1000094E50200001AAA0000EB77
:10598000304084E2D8FFFFEA18109FE5180080E25B
:10599000470300EBF9FFFFEAE08700C0EC8305D086
:1059A000E08700C0908001D0106300C070402DE9F6
:1059B00018D04DE274509FE50030A0E308308DE52B
:1059C0000120A0E3F021CDE104308DE51430A0E307
:1059D0005C609FE50F20A0E3935025E054109FE505
:1059E0000040A0E1806386E00C208DE5052DA0E35A
:1059F000921021E040309FE50600A0E100508DE5C7
:105A0000470000EB1030D6E51040C5E5014084E2C8
:105A10000430C3E31030C6E520309FE50C6085E517
:105A2000843583E0043085E518D08DE27080BDE8D0
:105A3000B88301D0108001D0F0D405D00C5B00C039
:105A4000F0CC05D07F402DE90000A0E3A0509FE5F9
:105A50007FFFFFEB9C009FE50040A0E398609FE57F
:105A6000640000EBF9F1FFEB0100A0E378FFFFEB2E
:105A70000200A0E376FFFFEB700200EB7C309FE5B5
:105A8000012BA0E378109FE50500A0E114308DE51F
:105A90000130A0E310308DE50C408DE564309FE5CA
:105AA00008408DE504408DE500408DE5145086E505
:105AB0001B0000EB1030D5E50500A0E10430C3E386
:105AC0001030C5E53E0100EB0400A0E1B6FFFFEB9E
:105AD00000200FE1802002E280000CF1083096E502
:105AE000742083E50A20E0E3782083E57FF5FFEB6F
:105AF000800008F1908001D0108101D0B88301D0DE
:105B0000D29300C030D605D0A45800C010402DE973
:105B100000300FE1803003E280000CF110F5FFEB64
:105B2000FAFFFFEAF04F2DE914D04DE20380A0E127
:105B3000583080E2583080E5072082E25C3080E512
:105B40000060A0E348309DE500A0A0E30750C2E359
:105B500000B0A0E3BC30C0E10430A0E31030C0E5E9
:105B60000170A0E144309DE50040A0E1059081E096
:105B7000086080E50910A0E10E30C0E50F60C0E5C7
:105B8000186080E51C6080E5F8A2C0E104F2FFEB3C
:105B900040309DE5070080E20700C0E30710A0E168
:105BA000680084E5607084E5645084E508308DE524
:105BB0003C309DE5009049E00400A0E104308DE513
:105BC0000920A0E138309DE500308DE50830A0E1E6
:105BD000D0F4FFEB18309FE50900A0E1546084E5A4
:105BE000083093E56C3093E56C3084E514D08DE299
:105BF000F08FBDE8B88301D00130A0E310402DE95B
:105C00000040A0E11030C0E5BC30C0E10030A0E3AE
:105C1000603080E5643080E5DD0300EB04309FE513
:105C2000084083E51080BDE8B88301D070402DE9BD
:105C300000500FE1805005E280000CF11030D0E5FB
:105C4000040013E30B00000A0040A0E1180080E20A
:105C5000020300EB1030D4E50400A0E10430C3E3FC
:105C60001030C4E5DF0000EB18009FE50510A0E14F
:105C70007040BDE8B40100EA000055E37080BD1833
:105C8000800008F17080BDE8ED8305D010402DE95B
:105C9000BC40D0E100100FE1801001E280000CF167
:105CA0001030D0E5080013E30300000A000051E3C0
:105CB0001080BD18800008F11080BDE80120A0E32D
:105CC000CA0000EB010014E31080BD080400A0E34B
:105CD00004E02DE5800008F1020000EF04E09DE4FF
:105CE0001080BDE8E8FFFFEA440100EA003090E5DB
:105CF000042090E5003082E5042083E50030A0E335
:105D0000003080E5043080E51EFF2FE110402DE9D2
:105D1000F5FFFFEB1030D0E50230C3E31030C0E5F3
:105D20000030A0E3083080E51080BDE870402DE928
:105D30000010A0E1D021D0E11030D0E5000052E306
:105D4000020000AA7F3003E21030C0E5E6FFFFEB5F
:105D500050509FE5083095E50520A0E11840B2E5D8
:105D6000020054E1000054130C409505010053E17A
:105D70000500000A1020D3E51F0012E30200001AFC
:105D8000BE20D3E17F0052E30400008A040053E107
:105D90000100000A0400A0E1F00100EB0430A0E1E2
:105DA000143085E57080BDE8B88301D070402DE9DE
:105DB0000A20E0E328509FE50040A0E1083095E587
:105DC000740083E5782083E5C8F4FFEB000054E31A
:105DD0000000001A800008F1083095E5780093E58E
:105DE0007080BDE8B88301D0D021D0E11030D0E57B
:105DF000000052E31EFF2FB11F0013E31EFF2F11FF
:105E000070402DE9B4409FE5833CE0E10420A0E12F
:105E1000A33CE0E11030C0E51830B2E51C1094E579
:105E2000020053E10700001A002080E5041080E51D
:105E3000000081E51C0084E50D0000EA030051E14B
:105E4000F8FFFF0A003093E5000053E3F5FFFF0A77
:105E5000DEE0D3E1DEC0D0E10C005EE1F6FFFFDA68
:105E6000041093E5003080E5041080E5000081E532
:105E7000040083E5185094E5083094E5020055E1EC
:105E8000000055131020D3E50C5094051F0012E3B9
:105E90000400001ABE20D3E17F0052E30100009A03
:105EA000143084E57080BDE8050053E10100000A6C
:105EB0000500A0E1A90100EB145084E57080BDE865
:105EC000B88301D0000050E31EFF2F11703F1DEE7C
:105ED0000330C3E3003093E5000053E30500001AEC
:105EE00018309FE5142093E5083093E5030052E154
:105EF0000000000AACFFFFEA800008F11EFF2FE15E
:105F0000B88301D070402DE9AC409FE5081094E5BE
:105F10001C0094E5003091E5000051E1041091E58A
:105F20000320A0110020A003003081E5041083E5C8
:105F3000083094E51C1094E5000052E30500001AB7
:105F400078209FE5041083E5002083E5003081E59B
:105F50001C3084E5080000EADEC0D2E1DE00D3E1B7
:105F600000005CE1100000DA041092E5002083E5F7
:105F7000041083E5003081E5043082E5185094E593
:105F800038309FE5000055E303005511083094E5D3
:105F90000C509405050053E10100000A0500A0E142
:105FA0006E0100EB145084E57080BDE8010052E101
:105FB000E2FFFF0A002092E5DEFFFFEAB88301D08E
:105FC000D08301D010402DE900400FE1804004E271
:105FD00080000CF183FFFFEB000054E31080BD183C
:105FE000800008F11080BDE87EFFFFEA4EFFFFEA67
:105FF000F0472DE9000052E31020D0E51090A003F7
:106000000890A0130040A0E1020019E10160A0E1A6
:106010000170A0E11D00001A023089E1A223B0E165
:106020001030C0050200000A7F3003E21030C0E5E6
:106030002DFFFFEB080059E32E00000A0080A0E3CB
:106040004CA19FE50A30A0E11850B3E5030055E1EB
:106050000000551308309AE50C509A05050053E1ED
:106060000100000A0500A0E13C0100EB14508AE5A4
:10607000100059E30500000A0400A0E1B6F3FFEBAD
:10608000000058E30100000A08019FE5D9FEFFEB7C
:10609000FC309FE5083093E5040053E13800001A16
:1060A000703F1DEE0330C3E3003093E5000053E37F
:1060B0003300001ABC30D4E1010013E30A00000AE7
:1060C000000056E30000001A800008F10400A0E37D
:1060D00004E02DE5800008F1020000EF04E09DE4FB
:1060E00000700FE1807007E280000CF10700A0E172
:1060F000F047BDE82CFFFFEA083094E5000053E3C9
:106100000100000A0400A0E1FFFEFFEB180084E29A
:10611000588084E2D10100EB585094E5050058E125
:1061200000A0A0131300001A64309FE5083093E527
:10613000030054E1C0FFFF1A703F1DEE0330C3E3BC
:10614000008093E5008058E20180A013BBFFFFEAC6
:106150000500A0E1ECFEFFEB180085E2BF0100EBBB
:1061600078A085E50500A0E11EFFFFEB585094E5FF
:10617000050058E1EBFFFF0A000055E3F3FFFF1AAB
:10618000E8FFFFEA000056E3F087BD18800008F141
:10619000F087BDE8B88301D0108101D070402DE9AF
:1061A0000060A0E150509FE50530A0E11840B3E544
:1061B000030054E100005413083095E50C409505A8
:1061C0001020D3E51F0012E30200001ABE20D3E125
:1061D0007F0052E30400008A040053E10100000A3A
:1061E0000400A0E1DD0000EB0430A0E1143085E5FF
:1061F0000600A0E17040BDE831FFFFEAB88301D09E
:1062000070402DE900600FE1806006E280000CF133
:10621000B4409FE5081094E51C0094E5003091E53A
:10622000000051E1041091E50320A0110020A0031B
:10623000003081E5041083E5083094E51C1094E5F6
:10624000000052E30500001A80209FE5041083E55A
:10625000002083E5003081E51C3084E5080000EA79
:10626000DEC0D2E1DE00D3E100005CE1120000DA22
:10627000041092E5002083E5041083E5003081E5F9
:10628000043082E5185094E540309FE5000055E366
:1062900003005511083094E50C509405050053E1B6
:1062A0000100000A0500A0E1AC0000EB145084E5F9
:1062B0000600A0E17040BDE8BBFEFFEA010052E12C
:1062C000E0FFFF0A002092E5DCFFFFEAB88301D07F
:1062D000D08301D01030D0E5280013E31EFF2F112A
:1062E00010402DE90010A0E1083090E5000053E3D4
:1062F0000000000A84FEFFEB1030D1E50100A0E1B0
:106300000430C3E31030C1E51040BDE8B5FEFFEA3C
:1063100010402DE900400FE1804004E280000CF1C4
:10632000D021C0E1020153E3010052030300000A3F
:10633000000054E31080BD18800008F11080BDE813
:10634000180040E2E2FFFFEBF8FFFFEA0100A0E1E6
:10635000DBFEFFEA013090E1F0412DE90200001A76
:1063600060FEFFEB0000A0E3F081BDE80060A0E16B
:106370000140A0E100700FE1807007E280000CF1A5
:1063800070509FE5080095E517FFFFEB080095E5C5
:106390000430A0E160109FE50620A0E1180080E233
:1063A000C30000EB083095E50040A0E11020D3E5E4
:1063B000747083E5042082E31020C3E50A20E0E343
:1063C000782083E549F3FFEB000057E30000001A53
:1063D000800008F1083095E5D822C3E1020153E3BB
:1063E00000005203DEFFFF1AA50100EB000044E0AD
:1063F000C00FC0E1F081BDE8B88301D0106300C0D8
:1064000070402DE90050A0E10140A0E1D0FFFFEB7A
:10641000010074E3010075030600000AC01FA0E13B
:10642000090090E20A20A0E30030A0E30010A1E2FE
:1064300031ECFFFA7080BDE80000E0E37080BDE859
:106440000C309FE5182083E2182083E51C2083E5AB
:106450001EFF2FE1B88301D000100FE1801001E290
:1064600080000CF11C309FE5082093E50F30D2E549
:10647000013043E20F30C2E5000051E31EFF2F114F
:10648000800008F11EFF2FE1B88301D000000FE16A
:10649000800000E280000CF110309FE5082093E5B9
:1064A0000F30D2E5013083E20F30C2E53AFFFFEA58
:1064B000B88301D004309FE5080093E51EFF2FE16B
:1064C000B88301D01030D0E50020A0E150109FE546
:1064D0001F3013E20130A013010050E101308303AB
:1064E000000053E30C00001A38109FE5000091E50E
:1064F000000050E31EFF2F01BE10D2E17F0051E3E8
:106500000500008A20309FE5DE20D2E1003093E5CF
:10651000030052E10000A0B31EFF2FE10000A0E342
:106520001EFF2FE1108001D0600000D0D88301D081
:106530001C309FE50120A0E3030040E014309FE5FC
:10654000C001A0E1930000E00C309FE50020C3E70C
:106550001EFF2FE1908101D0ABAAAAAAED8305D03E
:1065600050309FE5F0412DE94C509FE51060D3E598
:10657000D3FFFFEB44709FE51830A0E3935625E06E
:106580000040A0E10500A0E1B40000EB000054E3EE
:106590000500000A0630D7E70500A0E120109FE5BE
:1065A000032044E0C23FA0E1410000EB0030A0E343
:1065B0000630C7E7F081BDE8B88301D0908101D0F3
:1065C000ED8305D0306500C070402DE900600FE11B
:1065D000806006E280000CF154509FE554209FE556
:1065E0001030D5E50330D2E7000053E30C00000A79
:1065F000084095E50400A0E1B1FFFFEB000050E387
:106600000700000A1030D4E51F0013E30400001A4D
:106610003BFEFFEB140095E5040050E10000001A7A
:10662000CEFFFFEB000056E37080BD18800008F13C
:106630007080BDE8B88301D0ED8305D00C309FE5B4
:10664000000093E5030050E10000A0031EFF2FE1CE
:10665000680000D010402DE90020A0E1F6FFFFEB1C
:10666000000050E30A00000A103090E5141090E595
:10667000023053E0C22FC1E0020153E30010D2E226
:10668000030000AA000052E30300A0A10000A0B391
:106690001080BDE80201E0E31080BDE80C309FE50A
:1066A000000093E5000050E31EFF2F0127F9FFEAE9
:1066B000640000D0010073E301007203F84F2DE97C
:1066C0000050A0030570A0015600000A081080E5E4
:1066D0000040A0E10390A0E10250A0E100800FE1A2
:1066E000808008E280000CF164A19FE5000053E384
:1066F0001A0000BAE8FFFFEB58319FE50060A0E107
:10670000003093E5003053E20130A013055090E0D3
:10671000C09FA9E0053093E0A0009AE80090A9E2AC
:10672000055093E00770A9E0149084E50190A0E380
:10673000103084E5C0FFFFEB1CE19FE50030A0E1D5
:1067400004A09EE5000053E31400001A00E084E575
:1067500004A084E500408AE504408EE51F0000EABD
:1067600006009AE80370A0E10130E0E3013053E055
:106770000010E0E30220C1E0053053E00920C2E050
:10678000010053E30010D2E20090A0E30130A0B377
:106790000020A0B3103080E5142080E5E4FFFFEA7C
:1067A000101093E5102094E514C093E5140094E5CF
:1067B000010052E10CB0D0E01D0000AA021051E02F
:1067C000042093E500C0CCE0101083E514C083E5FD
:1067D000042084E5003084E5004082E5044083E540
:1067E00095FFFFEB000054E10B00001A64309FE5B9
:1067F000003093E5010073E30700001A000059E33D
:106800000100001AA4FFFFEB0060A0E10600A0E178
:106810008FFFFFEB0010A0E3A3F8FFEB000058E3AD
:106820000000001A800008F10500A0E10710A0E1B7
:10683000F88FBDE8012052E00C00C0E00A0053E1EF
:10684000102084E5140084E5BFFFFF0A003093E5C3
:10685000BBFFFFEAA88101D0640000D0680000D02F
:106860000020A0E1F0412DE900500FE1805005E249
:1068700080000CF1001090E5000051E32200000AB6
:106880006DFFFFEBA8309FE5043093E5030052E174
:106890000700000A10E092E5103091E5144092E5FF
:1068A00014C091E50E3093E004C0ACE0103081E5F7
:1068B00014C081E5041092E50040A0E3003092E5A9
:1068C0000060A0E3020050E10271A0E3003081E526
:1068D000041083E5004082E5044082E5F061C2E1F6
:1068E0000400000A0000A0E3000055E3F081BD1899
:1068F000800008F1F081BDE867FFFFEB54FFFFEB7C
:106900000410A0E168F8FFEBF5FFFFEA101090E536
:10691000143090E5020153E3010051030200001A14
:106920000000A0E30211A0E3F001C2E11500E0E3E2
:10693000ECFFFFEA680000D0F84F2DE90030A0E33B
:10694000F4909FE50160A0E1F0709FE50140A0E3B5
:10695000EC809FE50251A0E3000089E5003087E567
:1069600035FFFFEB002099E5000050E3005098E868
:10697000C2AFA0E10800000A103090E5141090E5C5
:10698000030052E101B0DAE0130000AA023053E044
:106990000A10C1E0103080E5141080E50C2092E070
:1069A0000040A0E30AE0AEE00030E0E3003087E51D
:1069B0000400A0E1044088E8004089E524FFFFEBE3
:1069C0000410A0E138F8FFEB040056E10000001AC3
:1069D000800008F1F84FBDE8FAFEFFEA0CC093E032
:1069E000033042E0003089E5042090E5003090E576
:1069F00008A090E5003082E5042083E50030A0E3A4
:106A00000E10A1E0030056E100C088E5041088E5FF
:106A1000003080E5043080E5F041C0E10000001A5C
:106A2000800008F13AFF2FE100600FE1806006E28C
:106A300080000CF100FFFFEBC9FFFFEADC8301D00F
:106A4000640000D0A88101D010402DE900400FE182
:106A5000804004E280000CF10FFFFFEB1C209FE55B
:106A60000030A0E1D000C2E1000093E0C31FA1E02C
:106A7000000054E31080BD18800008F11080BDE8CC
:106A8000A88101D010402DE9EEFFFFEB1080BDE89A
:106A9000ECFFFFEA3C209FE50130A0E3003080E5F9
:106AA000041092E5000051E30000820500309115CA
:106AB0000400820503300312033080110030811579
:106AC0000400821510209FE5003092E5013083E23A
:106AD000003082E51EFF2FE1E48301D0E08301D086
:106AE00070402DE900600FE1806006E280000CF14B
:106AF00084309FE50020A0E380C09FE5002083E56F
:106B0000042083E578009FE578209FE578E09FE505
:106B10000C0052E10E00003A64509FE50D42A0E3E4
:106B20000500A0E1045085E2003090E5000053E349
:106B30000000001AD6FFFFEB014A84E20E0254E384
:106B4000F6FFFF1A000056E37080BD18800008F1C0
:106B50007080BDE80E4002E0031282E2012A82E268
:106B60002116A0E1013190E75330EBE7043083E1D7
:106B70000C3083E3013180E7E4FFFFEAE48301D0D6
:106B800000E005D0EC8301D0000000D000F0FFFF52
:106B90001EFF2FE104309FE56C3080E51EFF2FE1E2
:106BA000AC0000D00CC080E20CC080E510C080E5D5
:106BB00097ECFFEA70402DE924409FE524509FE5C3
:106BC000050054E10100003A0000A0E37080BDE838
:106BD000060094E90400A0E1144084E2F0FFFFEB1A
:106BE000F6FFFFEAAC0000D0C00000D02DE9F04F66
:106BF000804643688BB09246009383789C0740F1AF
:106C0000FA8000250878002800F0F78025280AD0AF
:106C10004B1C019301354146009B98470028C0F268
:106C2000E4800199EEE74E788B1C0193252EF1D07C
:106C30000027B9463C460A221F2C22D8A6F1200381
:106C4000102B20D8DFE803F0141F1F1A1F1F1F0B83
:106C50001F1F1F121F171F1F090044F00104019B73
:106C600013F8016B0193002EE6D13AE044F00204E0
:106C700044F00404F3E744F00804F0E744F010049F
:106C8000EDE77F2C24D8A6F13003092B08D8600645
:106C900056BF44F0200402FB073702FB0939DEE748
:106CA0002A2E0DD15AF8043B610653D4002BA7BFFE
:106CB00044F020049946C3F1000944F02804CEE7CB
:106CC0002E2E05D1630600F1988044F04004C6E7FB
:106CD0006C2E2ED028D8682E32D06A2E37D04C2E6B
:106CE00035D0002F46F02003B8BF24F04004A3F1B4
:106CF0006502BCBF0027A4B2022A01D9612B2BD1A7
:106D00000AF1070A9D4E2AF0070A07270AF1080A26
:106D1000210761D506EB070B34465C455ED1AE1BFF
:106D2000A9EB0709A21959E1742E98D07A2E96D0B2
:106D3000D7E7260648BF44F4007444F080048EE789
:106D4000E00548BF44F4007444F4807487E744F4D9
:106D5000207484E71F4682E7A6F16302122A00F23C
:106D6000D980DFE812F013004E00D700D700D7001B
:106D7000D7004E00D700D700D700D700D700E900D2
:106D8000D200D700D7001A00D700A1005AF8043B60
:106D900004AE8DF810300127BAE75AF8046B784B2F
:106DA000002E08BF1E4614F0400F18BF394630466B
:106DB00008BF4FF0FF3100F070F90746A8E7009BCD
:106DC00041462020984700280FDB013CA742F6D31C
:106DD0004D44A1462D1B9DE74C46F7E714F8010BE7
:106DE0004146009B9847002897DA98F8023043F014
:106DF000040388F802304FF0FF3528460BB0BDE899
:106E0000F08F220630D5A3052AD50AF1070A2AF009
:106E100007039A4659685AF8080B24F0100B00290A
:106E20001FFA8BFB2FDA40424BF4806B61EB410180
:106E300004AC0A23224600F03CF91BF0400FA0EB03
:106E4000040200F08E802BF001049742A4B240F3BC
:106E50008F80002E40F08E802BF01104A4B21DE034
:106E60005AF8040BC117D8E75AF8041BE00501D4FF
:106E70000846F7E7A2054BBF48B208B241F3C0117C
:106E800041F3C031C9E750EA0103D1D16306CFD540
:106E9000002FCDD124F011043A46A4B23B4640F273
:106EA00006410C4262D124E024F010040A23A4B26B
:106EB00014F0800243D014F400711DBF0AF1070AD8
:106EC0002AF0070292465AF8040B1CBF51685AF880
:106ED000080B50EA01023ED124F0160B62061FFA9D
:106EE0008BFB3CD5002F3AD124F017043A463B46A1
:106EF000A4B2210759D4E10705D5994571DDA9EB65
:106F000003039F184B469B4649E044F010041023AE
:106F10007826CDE7782B04D1C6F1780343F010032F
:106F2000C6E7009B4146252098470028FFF65DAF45
:106F30000235414630466FE608230026B8E75AF886
:106F4000040B14F48071C4D014F400711ABFC0B2E1
:106F5000114680B2BDE724F006041FFA84FB04AC9E
:106F600068E713465C46E10699D52EB90133C0E7C0
:106F70001346F8E73B46F6E70233BAE7DE9300C074
:106F8000D79300C0CDE902324146009B20209847AC
:106F90000028FFF62AAFDDE902320BF1010BD945DB
:106FA000F0DCEB1A03EB0B055B46E10627D5CDE9D8
:106FB00002324146009B302098470028FFF615AF6B
:106FC000DDE902327EB901352F44791B8A4229DB83
:106FD000144604AE94BB2A44A9EB03091546914418
:106FE00040E017468FE7023541463046CDE9023290
:106FF000009B98470028DDE90232E5DAF5E640F229
:1070000006410C42E0D014F0020F05F101054146A3
:10701000CDE9023214BF2B20202014F4806F18BF5A
:107020002D20E5E7CDE902324146009B302098470C
:107030000135DDE902320028C7DAD6E6013CCDE9A8
:1070400002324146009B305D98470028DDE902325C
:10705000C0DACAE6009B4146202001359847002847
:10706000FFF6C3AEA9EB0503002BF3DCD9E500BFA7
:107070000A44431E914200D1704710B511F8014BEC
:1070800003F8014F9142F9D110BD024403469342E7
:1070900000D1704703F8011BF9E70246014410B51F
:1070A00013468A4203D01C780132002CF8D1181AFA
:1070B00010BDF0B5C3F137070446FFB203F01F035C
:1070C0001046E6B2082B32D0102B3DD06508A4083C
:1070D00044EA817445EAC1752D194FEA910242EBE9
:1070E0005102290941EA02716D1842EB1212290A74
:1070F00041EA02616D1842EB1222290C41EA024179
:107100006D1842EB1242AD1842F10002EC0844EA5D
:107110004274D10804EB8402A6EB4205EDB2092DBE
:107120000BD90A3D013441F10001EDB212E0E4084F
:1071300006F0070544EA4174C908303554EA0102F3
:1071400000F8015BBDD1F0BD240906F00F0544EA4B
:1071500001740909092D84BFED19EDB2EDE70000B6
:1071600004F01FE58B7000C004F01FE5717000C0D3
:10717000000000000000000000000000000000000F
:1071800000000000000000000000000000000000FF
:1071900000000000000000000000000000000000EF
:1071A00000000000000000000000000000000000DF
:1071B00000000000000000000000000000000000CF
:1071C00000000000000000000000000000000000BF
:1071D00000000000000000000000000000000000AF
:1071E000000000000000000000000000000000009F
:1071F000000000000000000000000000000000008F
:10720000000000000000000000000000000000007E
:10721000000000000000000000000000000000006E
:10722000000000000000000000000000000000005E
:10723000000000000000000000000000000000004E
:10724000000000000000000000000000000000003E
:10725000000000000000000000000000000000002E
:10726000000000000000000000000000000000001E
:10727000000000000000000000000000000000000E
:1072800000000000000000000000000000000000FE
:1072900000000000000000000000000000000000EE
:1072A00000000000000000000000000000000000DE
:1072B00000000000000000000000000000000000CE
:1072C00000000000000000000000000000000000BE
:1072D00000000000000000000000000000000000AE
:1072E000000000000000000000000000000000009E
:1072F000000000000000000000000000000000008E
:10730000000000000000000000000000000000007D
:10731000000000000000000000000000000000006D
:10732000000000000000000000000000000000005D
:10733000000000000000000000000000000000004D
:10734000000000000000000000000000000000003D
:10735000000000000000000000000000000000002D
:10736000000000000000000000000000000000001D
:10737000000000000000000000000000000000000D
:1073800000000000000000000000000000000000FD
:1073900000000000000000000000000000000000ED
:1073A00000000000000000000000000000000000DD
:1073B00000000000000000000000000000000000CD
:1073C00000000000000000000000000000000000BD
:1073D00000000000000000000000000000000000AD
:1073E000000000000000000000000000000000009D
:1073F000000000000000000000000000000000008D
:10740000000000000000000000000000000000007C
:10741000000000000000000000000000000000006C
:10742000000000000000000000000000000000005C
:10743000000000000000000000000000000000004C
:10744000000000000000000000000000000000003C
:10745000000000000000000000000000000000002C
:10746000000000000000000000000000000000001C
:10747000000000000000000000000000000000000C
:1074800000000000000000000000000000000000FC
:1074900000000000000000000000000000000000EC
:1074A00000000000000000000000000000000000DC
:1074B00000000000000000000000000000000000CC
:1074C00000000000000000000000000000000000BC
:1074D00000000000000000000000000000000000AC
:1074E000000000000000000000000000000000009C
:1074F000000000000000000000000000000000008C
:10750000000000000000000000000000000000007B
:10751000000000000000000000000000000000006B
:10752000000000000000000000000000000000005B
:10753000000000000000000000000000000000004B
:10754000000000000000000000000000000000003B
:10755000000000000000000000000000000000002B
:10756000000000000000000000000000000000001B
:10757000000000000000000000000000000000000B
:1075800000000000000000000000000000000000FB
:1075900000000000000000000000000000000000EB
:1075A00000000000000000000000000000000000DB
:1075B00000000000000000000000000000000000CB
:1075C00000000000000000000000000000000000BB
:1075D00000000000000000000000000000000000AB
:1075E000000000000000000000000000000000009B
:1075F000000000000000000000000000000000008B
:10760000000000000000000000000000000000007A
:10761000000000000000000000000000000000006A
:10762000000000000000000000000000000000005A
:10763000000000000000000000000000000000004A
:10764000000000000000000000000000000000003A
:10765000000000000000000000000000000000002A
:10766000000000000000000000000000000000001A
:10767000000000000000000000000000000000000A
:1076800000000000000000000000000000000000FA
:1076900000000000000000000000000000000000EA
:1076A00000000000000000000000000000000000DA
:1076B00000000000000000000000000000000000CA
:1076C00000000000000000000000000000000000BA
:1076D00000000000000000000000000000000000AA
:1076E000000000000000000000000000000000009A
:1076F000000000000000000000000000000000008A
:107700000000000000000000000000000000000079
:107710000000000000000000000000000000000069
:107720000000000000000000000000000000000059
:107730000000000000000000000000000000000049
:107740000000000000000000000000000000000039
:107750000000000000000000000000000000000029
:107760000000000000000000000000000000000019
:107770000000000000000000000000000000000009
:1077800000000000000000000000000000000000F9
:1077900000000000000000000000000000000000E9
:1077A00000000000000000000000000000000000D9
:1077B00000000000000000000000000000000000C9
:1077C00000000000000000000000000000000000B9
:1077D00000000000000000000000000000000000A9
:1077E0000000000000000000000000000000000099
:1077F0000000000000000000000000000000000089
:107800000000000000000000000000000000000078
:107810000000000000000000000000000000000068
:107820000000000000000000000000000000000058
:107830000000000000000000000000000000000048
:107840000000000000000000000000000000000038
:107850000000000000000000000000000000000028
:107860000000000000000000000000000000000018
:107870000000000000000000000000000000000008
:1078800000000000000000000000000000000000F8
:1078900000000000000000000000000000000000E8
:1078A00000000000000000000000000000000000D8
:1078B00000000000000000000000000000000000C8
:1078C00000000000000000000000000000000000B8
:1078D00000000000000000000000000000000000A8
:1078E0000000000000000000000000000000000098
:1078F0000000000000000000000000000000000088
:107900000000000000000000000000000000000077
:107910000000000000000000000000000000000067
:107920000000000000000000000000000000000057
:107930000000000000000000000000000000000047
:107940000000000000000000000000000000000037
:107950000000000000000000000000000000000027
:107960000000000000000000000000000000000017
:107970000000000000000000000000000000000007
:1079800000000000000000000000000000000000F7
:1079900000000000000000000000000000000000E7
:1079A00000000000000000000000000000000000D7
:1079B00000000000000000000000000000000000C7
:1079C00000000000000000000000000000000000B7
:1079D00000000000000000000000000000000000A7
:1079E0000000000000000000000000000000000097
:1079F0000000000000000000000000000000000087
:107A00000000000000000000000000000000000076
:107A10000000000000000000000000000000000066
:107A20000000000000000000000000000000000056
:107A30000000000000000000000000000000000046
:107A40000000000000000000000000000000000036
:107A50000000000000000000000000000000000026
:107A60000000000000000000000000000000000016
:107A70000000000000000000000000000000000006
:107A800000000000000000000000000000000000F6
:107A900000000000000000000000000000000000E6
:107AA00000000000000000000000000000000000D6
:107AB00000000000000000000000000000000000C6
:107AC00000000000000000000000000000000000B6
:107AD00000000000000000000000000000000000A6
:107AE0000000000000000000000000000000000096
:107AF0000000000000000000000000000000000086
:107B00000000000000000000000000000000000075
:107B10000000000000000000000000000000000065
:107B20000000000000000000000000000000000055
:107B30000000000000000000000000000000000045
:107B40000000000000000000000000000000000035
:107B50000000000000000000000000000000000025
:107B60000000000000000000000000000000000015
:107B70000000000000000000000000000000000005
:107B800000000000000000000000000000000000F5
:107B900000000000000000000000000000000000E5
:107BA00000000000000000000000000000000000D5
:107BB00000000000000000000000000000000000C5
:107BC00000000000000000000000000000000000B5
:107BD00000000000000000000000000000000000A5
:107BE0000000000000000000000000000000000095
:107BF0000000000000000000000000000000000085
:107C00000000000000000000000000000000000074
:107C10000000000000000000000000000000000064
:107C20000000000000000000000000000000000054
:107C30000000000000000000000000000000000044
:107C40000000000000000000000000000000000034
:107C50000000000000000000000000000000000024
:107C60000000000000000000000000000000000014
:107C70000000000000000000000000000000000004
:107C800000000000000000000000000000000000F4
:107C900000000000000000000000000000000000E4
:107CA00000000000000000000000000000000000D4
:107CB00000000000000000000000000000000000C4
:107CC00000000000000000000000000000000000B4
:107CD00000000000000000000000000000000000A4
:107CE0000000000000000000000000000000000094
:107CF0000000000000000000000000000000000084
:107D00000000000000000000000000000000000073
:107D10000000000000000000000000000000000063
:107D20000000000000000000000000000000000053
:107D30000000000000000000000000000000000043
:107D40000000000000000000000000000000000033
:107D50000000000000000000000000000000000023
:107D60000000000000000000000000000000000013
:107D70000000000000000000000000000000000003
:107D800000000000000000000000000000000000F3
:107D900000000000000000000000000000000000E3
:107DA00000000000000000000000000000000000D3
:107DB00000000000000000000000000000000000C3
:107DC00000000000000000000000000000000000B3
:107DD00000000000000000000000000000000000A3
:107DE0000000000000000000000000000000000093
:107DF0000000000000000000000000000000000083
:107E00000000000000000000000000000000000072
:107E10000000000000000000000000000000000062
:107E20000000000000000000000000000000000052
:107E30000000000000000000000000000000000042
:107E40000000000000000000000000000000000032
:107E50000000000000000000000000000000000022
:107E60000000000000000000000000000000000012
:107E70000000000000000000000000000000000002
:107E800000000000000000000000000000000000F2
:107E900000000000000000000000000000000000E2
:107EA00000000000000000000000000000000000D2
:107EB00000000000000000000000000000000000C2
:107EC00000000000000000000000000000000000B2
:107ED00000000000000000000000000000000000A2
:107EE0000000000000000000000000000000000092
:107EF0000000000000000000000000000000000082
:107F00000000000000000000000000000000000071
:107F10000000000000000000000000000000000061
:107F20000000000000000000000000000000000051
:107F30000000000000000000000000000000000041
:107F40000000000000000000000000000000000031
:107F50000000000000000000000000000000000021
:107F60000000000000000000000000000000000011
:107F70000000000000000000000000000000000001
:107F800000000000000000000000000000000000F1
:107F900000000000000000000000000000000000E1
:107FA00000000000000000000000000000000000D1
:107FB00000000000000000000000000000000000C1
:107FC00000000000000000000000000000000000B1
:107FD00000000000000000000000000000000000A1
:107FE0000000000000000000000000000000000091
:107FF0000000000000000000000000000000000081
:088000003095FF7F0100000034
:1080080000000000B08000C0002000C00000000098
:10801800B46B00C00000000000000000CC8000C06D
:1080280000000000008200C000000000C88100C0FD
:1080380000000000748100C000000000588100C0EA
:1080480000000000AC8100C000000000E48100C016
:1080580000000000E88000C000000000048100C0AB
:10806800000000003C8100C000000000908100C0BA
:1080780000000000208100C0E03500C000000000C2
:10808800000000001C8200C0303C00C0000000005E
:10809800AC4900C000000000043200C0000000002D
:0880A800101F00C000000000E1
:1080B000A49300C000000000F08700C0A60000D01C
:1080C00000000000803900C000000000B19300C033
:1080D0001C8B00C0E08700C0A80000D0000000009A
:1080E0000000000000000000D48D00C08C8800C09B
:1080F0000C8800C0900000D0B48101D04C2000C09A
:1081000000000000E28D00C0A08800C00C8800C004
:10811000920000D0C08101D04C2000C000000000BF
:10812000F08D00C0B48800C00C8800C0940000D05E
:10813000CC8101D04C2000C000000000FE8D00C0AA
:10814000C88800C00C8800C0960000D0D88101D03B
:108150004C2000C0000000000C8E00C0DC8800C075
:108160000C8800C0980000D0E48101D04C2000C0F1
:10817000000000001A8E00C0F08800C00C8800C00B
:108180009A0000D0F08101D04C2000C00000000017
:10819000288E00C0048900C00C8800C09C0000D05C
:1081A000FC8101D04C2000C000000000368E00C0D1
:1081B000188900C00C8800C09E0000D0088201D041
:1081C0004C2000C000000000448E00C02C8900C07C
:1081D0000C8800C0A00000D0148201D04C2000C048
:1081E00000000000799300C00000000000000000C3
:1081F000A20000D000000000283200C000000000F3
:10820000979300C00000000000000000A40000D010
:1082100000000000EC3200C000000000C29300C06B
:10822000208B00C0308800C0AA0000D0480000D0D9
:088230001C4300C00000000027
:1082380000000000E42E00C000000000E42E00C092
:1082480000000000E42E00C000000000E42E00C082
:1082580000000000E42E00C000000000E42E00C072
:1082680000000000E42E00C000000000E42E00C062
:1082780000000000E42E00C000000000E42E00C052
:1082880000000000E42E00C000000000E42E00C042
:1082980000000000E42E00C000000000E42E00C032
:1082A80000000000E42E00C000000000E42E00C022
:1082B80000000000E42E00C000000000E42E00C012
:1082C80000000000E42E00C000000000E42E00C002
:1082D80000000000E42E00C000000000E42E00C0F2
:1082E80000000000E42E00C000000000E42E00C0E2
:1082F80000000000E42E00C000000000E42E00C0D2
:1083080000000000E42E00C000000000304A00C059
:1083180000000000E42E00C000000000E42E00C0B1
:1083280000000000E42E00C000000000E42E00C0A1
:1083380000000000E42E00C000000000E42E00C091
:1083480000000000E42E00C000000000E42E00C081
:1083580000000000E42E00C000000000E42E00C071
:108368002A9400C05C3500C0289400C05C3500C069
:10837800269400C05C3500C0249400C05C3500C061
:10838800229400C05C3500C000000000E42E00C04C
:1083980000000000E42E00C000000000E42E00C031
:1083A80000000000E42E00C000000000E42E00C021
:1083B80000000000E42E00C000000000E42E00C011
:1083C80000000000E42E00C000000000E42E00C001
:1083D80000000000E42E00C000000000E42E00C0F1
:1083E80000000000E42E00C000000000E42E00C0E1
:1083F800209400C05C3500C000000000E42E00C0DE
:1084080000000000E42E00C000000000E42E00C0C0
:1084180000000000E42E00C000000000E42E00C0B0
:1084280000000000E42E00C000000000E42E00C0A0
:1084380000000000E42E00C000000000E42E00C090
:1084480000000000E42E00C000000000E42E00C080
:1084580000000000E42E00C000000000E42E00C070
:1084680000000000E42E00C000000000E42E00C060
:1084780000000000E42E00C0169400C05C3500C067
:1084880000000000E42E00C0149400C05C3500C059
:1084980000000000E42E00C000000000E42E00C030
:1084A80000000000E42E00C000000000E42E00C020
:1084B80000000000E42E00C000000000E42E00C010
:1084C80000000000E42E00C000000000E42E00C000
:1084D80000000000E42E00C01C8200C04C4000C018
:1084E80000000000E42E00C000000000E42E00C0E0
:1084F80000000000E42E00C000000000E42E00C0D0
:1085080000000000E42E00C000000000E42E00C0BF
:1085180000000000E42E00C000000000E42E00C0AF
:1085280000000000E42E00C000000000E42E00C09F
:1085380000000000E42E00C01E9400C05C3500C09E
:108548001C9400C05C3500C01A9400C05C3500C0A3
:10855800189400C05C3500C000000000E42E00C084
:1085680000000000E42E00C000000000E42E00C05F
:1085780000000000E42E00C000000000E42E00C04F
:1085880000000000E42E00C000000000E42E00C03F
:1085980000000000E42E00C0129400C05C3500C04A
:1085A800109400C05C3500C000000000E42E00C03C
:1085B80000000000E42E00C000000000E42E00C00F
:1085C80000000000E42E00C000000000E42E00C0FF
:1085D80000000000E42E00C000000000E42E00C0EF
:1085E80000000000E42E00C000000000E42E00C0DF
:1085F80000000000E42E00C000000000E42E00C0CF
:1086080000000000E42E00C000000000E42E00C0BE
:1086180000000000E42E00C000000000E42E00C0AE
:1086280000000000E42E00C000000000E42E00C09E
:1086380000000000E42E00C000000000E42E00C08E
:1086480000000000E42E00C000000000E42E00C07E
:1086580000000000E42E00C000000000E42E00C06E
:1086680000000000E42E00C000000000E42E00C05E
:1086780000000000E42E00C000000000E42E00C04E
:108688000E9400C05C3500C000000000E42E00C05D
:1086980000000000E42E00C00C9400C05C3500C04F
:1086A80000000000E42E00C000000000E42E00C01E
:1086B80000000000E42E00C000000000E42E00C00E
:1086C80000000000E42E00C000000000E42E00C0FE
:1086D80000000000E42E00C000000000E42E00C0EE
:1086E80000000000E42E00C000000000E42E00C0DE
:1086F80000000000E42E00C000000000E42E00C0CE
:1087080000000000E42E00C000000000E42E00C0BD
:1087180000000000E42E00C000000000E42E00C0AD
:1087280000000000E42E00C000000000E42E00C09D
:1087380000000000E42E00C000000000E42E00C08D
:1087480000000000E42E00C000000000E42E00C07D
:1087580000000000E42E00C000000000E42E00C06D
:1087680000000000E42E00C000000000E42E00C05D
:1087780000000000E42E00C000000000E42E00C04D
:1087880000000000E42E00C000000000E42E00C03D
:1087980000000000E42E00C000000000E42E00C02D
:1087A80000000000E42E00C000000000E42E00C01D
:1087B80000000000E42E00C000000000E42E00C00D
:1087C80000000000E42E00C000000000E42E00C0FD
:0887D80000000000E42E00C0C7
:1087E0004C3D00C07C3D00C0A43D00C0CC3D00C05D
:1087F000AC3700C0083800C000000000643800C07A
:10880000D03B00C000000000703B00C01C2000C036
:10881000242000C02C2000C0342000C0442000C010
:108820003C2000C00000000000000000000000002C
:10883000784900C0704800C0303E00C0504500C0BC
:10884000F44600C0DC4700C0FC4800C0AC3E00C09D
:10885000C43E00C0144100C0DC3E00C0F43E00C075
:10886000004100C00C3F00C0203F00C0B03F00C02E
:0C887000C04800C000000000404000C0F4
:10887C0018070000010000000020005000200050EC
:10888C00FFFF000000A00050080000006807000077
:10889C0000010000FFFF00000090005007000000E6
:1088AC006807000080000000FFFF000000800050FF
:1088BC00060000006807000040000000FFFF0000F9
:1088CC000070005005000000680700002000000048
:1088DC00FFFF00000060005004000000680700006B
:1088EC0010000000FFFF00000050005003000000CB
:1088FC006807000008000000FFFF00000040005067
:10890C00020000006807000004000000FFFF0000E8
:10891C000030005001000000680700000200000059
:10892C00FFFF00000020005000000000680700005E
:10893C0001000000C88100C0AC8100C0908100C063
:10894C00748100C0588100C03C8100C0208100C0EF
:10895C00048100C0E88000C0110000006C8900C0D8
:10896C00000000400000004000940100528E00C046
:10897C001A00000000000044000000440040010008
:10898C00578E00C01A00000000000048000000488C
:10899C00000004015C8E00C01A0000000000004CB6
:1089AC000000004C00C40000618E00C01A000000E2
:1089BC00000000500000005000D40000668E00C083
:1089CC001A000000000002500000025000A4000039
:1089DC006B8E00C01A000000000008500000085008
:1089EC0000D00500708E00C01A000000000000547A
:1089FC0000000054008000007A8E00C01A000000B5
:108A0C000000005700000057000010007F8E00C0CF
:108A1C001A0000000000005800000058000001007F
:108A2C00858E00C01A0000000000005A0000005A99
:108A3C00007400008A8E00C01A0000000000005C68
:108A4C000000005C00A400008F8E00C01A00000023
:108A5C00001002A0001002A000700000948E00C054
:108A6C001A0000000000FE2F0000FE2F00C00100C5
:108A7C00988E00C03C000000000000C0000000C048
:108A8C00001000009F8E00C02C000000009000C061
:108A9C00009000C000800000A78E00C02C000000D9
:108AAC00000008E0000008E000D00500B08E00C017
:108ABC001A000000568F00C0000000D000E005D066
:108ACC001C260000628F00C0001000C0707100C036
:108ADC002C9201006E8F00C0008000C000A000C06E
:108AEC000C920100ED9200C0FA9200C0059300C0F8
:108AFC001D9300C02E9300C0459300C07C8F00C016
:108B0C007C8F00C0529300C07C8F00C0629300C069
:108B1C000000005000000140B08000C0CC8000C0BC
:108B2C0010D4480D4C8B00C0010000000000000068
:108B3C000000000000000000548B00C0644000C026
:108B4C0000070000000001005C8B00C00100000069
:108B5C00648B00C002000000C350040003510000ED
:108B6C00088000C0088000C0988000C0A08000C0B1
:108B7C00A88000C0B08000C00040002000100000A1
:108B8C000030737465703A20656E746572696E6737
:108B9C002073797374656D20636C6F636B20636FE6
:108BAC006E6669670A0D00737465703A2073797389
:108BBC0074656D20636C6F636B20636F6E666967A1
:108BCC00757265640A0D00737465703A2072746373
:108BDC0020696E697469616C697A65640A0D007349
:108BEC007465703A20737973696E697420636F6D64
:108BFC00706C6574650A0D00737465703A2067704B
:108C0C00696F20696E697420736B69707065640A92
:108C1C000D0048656C6C6F20576F726C64202D20B2
:108C2C004C616E64656420696E2075736572206199
:108C3C0070706C69636174696F6E20696E20444456
:108C4C00520A0D00737465703A2075736572206357
:108C5C006F646520626567696E20320A0D0073745B
:108C6C0065703A207573657220636F646520626568
:108C7C0067696E20330A0D0048656C6C6F20576F66
:108C8C00726C64202D205553455F53544D33324D37
:108C9C0050313358585F444B20424F4152442020AE
:108CAC0020200A0D00737465703A2075736572206C
:108CBC00636F646520626567696E20340A0D00730A
:108CCC007465703A206261636B75702072656769B8
:108CDC0073746572207772697474656E0A0D007313
:108CEC007465703A206C656473207475726E65647B
:108CFC00206F66660A0D00737465703A2077616B9D
:108D0C0065757020736F7572636520656E61626C3A
:108D1C0065640A0D00737465703A206261636B754B
:108D2C007020726567697374657220322076616C8D
:108D3C007565203D203078253038780A0D00737425
:108D4C0065703A206673626C20656E747279706F10
:108D5C00696E74206C6F616465640A0D00737465D0
:108D6C00703A206673626C2073797372616D206D3A
:108D7C0061707065640A0D00456E64206F66206139
:108D8C0070706C69636174696F6E0A0D002A2A2A0F
:108D9C0020426F6F74696E67205A65706879722013
:108DAC004F53206275696C642076342E342E302D2E
:108DBC00353038372D6734326366383139663235A1
:108DCC006237202A2A2A0A006770696F40353030D2
:108DDC003061303030006770696F40353030303979
:108DEC00303030006770696F40353030303830309B
:108DFC0030006770696F40353030303730303000BC
:108E0C006770696F40353030303630303000677005
:108E1C00696F403530303035303030006770696FF5
:108E2C00403530303034303030006770696F403549
:108E3C0030303033303030006770696F403530304F
:108E4C00303230303000415042310041504232001B
:108E5C0041484232004150423600414842340041C0
:108E6C00504233004445425547204150420041484E
:108E7C004235004158494D4300414842360041506B
:108E8C004234004150423500474943005359535234
:108E9C00414D00766563746F727300726F6D5F7411
:108EAC0061696C004441504255530072302F61315E
:108EBC003A2020307825303878202072312F6132DA
:108ECC003A2020307825303878202072322F6133C8
:108EDC003A20203078253038780A0072332F6134EC
:108EEC003A2020307825303878207231322F697052
:108EFC003A2020307825303878207231342F6C723B
:108F0C003A20203078253038780A00207870737237
:108F1C003A20203078253038780A004661756C7418
:108F2C00696E6720696E737472756374696F6E20F5
:108F3C006164647265737320287231352F706329F4
:108F4C003A203078253038780A007A657068797262
:108F5C005F64617461007A65706879725F636F64D5
:108F6C0065007A65706879725F726F646174610014
:108F7C00556E6B6E6F776E00416C69676E6D656ECA
:108F8C0074204661756C7420402030782530387818
:108F9C000A0053796E6368726F6E6F757320457833
:108FAC007465726E616C2041626F72742040203067
:108FBC0078253038780A004173796E6368726F6E69
:108FCC006F75732045787465726E616C2041626FA9
:108FDC0072740A0053796E6368726F6E6F757320CA
:108FEC005061726974792F454343204572726F72D8
:108FFC002040203078253038780A004173796E6330
:10900C0068726F6E6F7573205061726974792F4539
:10901C004343204572726F720A0044656275672083
:10902C004576656E7420282573290A00326E6420FB
:10903C004C6576656C205065726D697373696F6EE3
:10904C00204661756C742040203078253038780AC1
:10905C0000317374204C6576656C204163636573D5
:10906C007320466C6167204661756C74204020301B
:10907C0078253038780A00326E64204C6576656C41
:10908C002041636365737320466C6167204661758C
:10909C006C742040203078253038780A00436163A6
:1090AC006865204D61696E74656E616E63652049FB
:1090BC006E737472756374696F6E204661756C742F
:1090CC002040203078253038780A00317374204CD9
:1090DC006576656C205472616E736C6174696F6E29
:1090EC00204661756C742040203078253038780A21
:1090FC0000326E64204C6576656C205472616E7320
:10910C006C6174696F6E204661756C742040203000
:10911C0078253038780A00317374204C6576656C8C
:10912C0020446F6D61696E204661756C742040201F
:10913C003078253038780A00326E64204C657665BC
:10914C006C20446F6D61696E204661756C742040B3
:10915C00203078253038780A00317374204C6576CD
:10916C00656C2053796E6368726F6E6F75732045F2
:10917C00787465726E616C2041626F7274205472E7
:10918C00616E736C6174696F6E205461626C6520E2
:10919C0040203078253038780A00326E64204C65D7
:1091AC0076656C2053796E6368726F6E6F75732081
:1091BC0045787465726E616C2041626F72742054D4
:1091CC0072616E736C6174696F6E205461626C6550
:1091DC002040203078253038780A00544C42204307
:1091EC006F6E666C6963742041626F7274204020EC
:1091FC003078253038780A00317374204C657665E8
:10920C006C2053796E6368726F6E6F75732050614A
:10921C0072697479204572726F72205472616E7328
:10922C006C6174696F6E205461626C6520402030F3
:10923C0078253038780A00326E64204C6576656C7F
:10924C002053796E6368726F6E6F75732050617204
:10925C00697479204572726F72205472616E736CEE
:10926C006174696F6E205461626C652040203078A7
:10927C00253038780A00556E6B6E6F776E20282576
:10928C0075290A002A2A2A2A2A20554E444546497D
:10929C004E454420494E535452554354494F4E2049
:1092AC0041424F5254202A2A2A2A2A0A002A2A2AC0
:1092BC002A2A2050524546455443482041424F5299
:1092CC0054202A2A2A2A2A0A002A2A2A2A2A20440C
:1092DC004154412041424F5254202A2A2A2A2A0A18
:1092EC000048616C7420526571756573740042722C
:1092FC0065616B706F696E74004173796E6368722F
:10930C006F6E6F7573205761746368706F696E74DC
:10931C0000424B505420496E737472756374696FBC
:10932C006E0045787465726E616C20446562756779
:10933C00205265717565737400566563746F722085
:10934C004361746368004F5320556E6C6F636B20E0
:10935C0043617463680053796E6368726F6E6F75E6
:10936C0073205761746368706F696E7400696E74F2
:10937C006572727570742D636F6E74726F6C6C6540
:10938C007240353030306430303000676963406192
:10939C003030323130303000726363403530303031
:1093AC00303030300072657365742D636F6E74727B
:1093BC006F6C6C65720073657269616C403430302F
:1093CC003130303030006D61696E00286E756C6C18
:1093DC0029002A666C6F61742A00080D0C110C0CA4
:1093EC000C150018262E322A36083A563E420446F0
:1093FC00224A56565656560C56141056564E56521F
:10940C000F010E010D010C010B010A0109010801EC
:10941C00070106010501040103010201010100011C
:10942C002636181A2A0C16495122224A292D4D4447
:10943C002653453C1E4B2D34163D430000000000C6
:10944C000000000000000000000000000000000010
:10945C000000000000000000000000000000000000
:10946C0000000000000000000000000000000000F0
:10947C0000000000000000000000000000000000E0
:10948C0000000000000000000000000000000000D0
:10949C0000000000000000000000000000000000C0
:1094AC0000000000000000000000000000000000B0
:1094BC0000000000000000000000000000000000A0
:1094CC000000000000000000000000000000000090
:1094DC000000000000000000000000000000000080
:1094EC000000000000000000000000000000000070
:1094FC000000000000000000000000000000000060
:10950C00000000000000000000000000000000004F
:10951C00000000000000000000000000000000003F
:10952C00000000000000000000000000000000002F
:10953C00000000000000000000000000000000001F
:10954C00000000000000000000000000000000000F
:10955C0000000000000000000000000000000000FF
:10956C0000000000000000000000000000000000EF
:10957C0000000000000000000000000000000000DF
:10958C0000000000000000000000000000000000CF
:10959C0000000000000000000000000000000000BF
:1095AC0000000000000000000000000000000000AF
:1095BC00000000000000000000000000000000009F
:1095CC00000000000000000000000000000000008F
:1095DC00000000000000000000000000000000007F
:1095EC00000000000000000000000000000000006F
:1095FC00000000000000000000000000000000005F
:10960C00000000000000000000000000000000004E
:10961C00000000000000000000000000000000003E
:10962C00000000000000000000000000000000002E
:10963C00000000000000000000000000000000001E
:10964C00000000000000000000000000000000000E
:10965C0000000000000000000000000000000000FE
:10966C0000000000000000000000000000000000EE
:10967C0000000000000000000000000000000000DE
:10968C0000000000000000000000000000000000CE
:10969C0000000000000000000000000000000000BE
:1096AC0000000000000000000000000000000000AE
:1096BC00000000000000000000000000000000009E
:1096CC00000000000000000000000000000000008E
:1096DC00000000000000000000000000000000007E
:1096EC00000000000000000000000000000000006E
:1096FC00000000000000000000000000000000005E
:10970C00000000000000000000000000000000004D
:10971C00000000000000000000000000000000003D
:10972C00000000000000000000000000000000002D
:10973C00000000000000000000000000000000001D
:10974C00000000000000000000000000000000000D
:10975C0000000000000000000000000000000000FD
:10976C0000000000000000000000000000000000ED
:10977C0000000000000000000000000000000000DD
:10978C0000000000000000000000000000000000CD
:10979C0000000000000000000000000000000000BD
:1097AC0000000000000000000000000000000000AD
:1097BC00000000000000000000000000000000009D
:1097CC00000000000000000000000000000000008D
:1097DC00000000000000000000000000000000007D
:1097EC00000000000000000000000000000000006D
:1097FC00000000000000000000000000000000005D
:10980C00000000000000000000000000000000004C
:10981C00000000000000000000000000000000003C
:10982C00000000000000000000000000000000002C
:10983C00000000000000000000000000000000001C
:10984C00000000000000000000000000000000000C
:10985C0000000000000000000000000000000000FC
:10986C0000000000000000000000000000000000EC
:10987C0000000000000000000000000000000000DC
:10988C0000000000000000000000000000000000CC
:10989C0000000000000000000000000000000000BC
:1098AC0000000000000000000000000000000000AC
:1098BC00000000000000000000000000000000009C
:1098CC00000000000000000000000000000000008C
:1098DC00000000000000000000000000000000007C
:1098EC00000000000000000000000000000000006C
:1098FC00000000000000000000000000000000005C
:10990C00000000000000000000000000000000004B
:10991C00000000000000000000000000000000003B
:10992C00000000000000000000000000000000002B
:10993C00000000000000000000000000000000001B
:10994C00000000000000000000000000000000000B
:10995C0000000000000000000000000000000000FB
:10996C0000000000000000000000000000000000EB
:10997C0000000000000000000000000000000000DB
:10998C0000000000000000000000000000000000CB
:10999C0000000000000000000000000000000000BB
:1099AC0000000000000000000000000000000000AB
:1099BC00000000000000000000000000000000009B
:1099CC00000000000000000000000000000000008B
:1099DC00000000000000000000000000000000007B
:1099EC00000000000000000000000000000000006B
:1099FC00000000000000000000000000000000005B
:109A0C00000000000000000000000000000000004A
:109A1C00000000000000000000000000000000003A
:109A2C00000000000000000000000000000000002A
:109A3C00000000000000000000000000000000001A
:109A4C00000000000000000000000000000000000A
:109A5C0000000000000000000000000000000000FA
:109A6C0000000000000000000000000000000000EA
:109A7C0000000000000000000000000000000000DA
:109A8C0000000000000000000000000000000000CA
:109A9C0000000000000000000000000000000000BA
:109AAC0000000000000000000000000000000000AA
:109ABC00000000000000000000000000000000009A
:109ACC00000000000000000000000000000000008A
:109ADC00000000000000000000000000000000007A
:109AEC00000000000000000000000000000000006A
:109AFC00000000000000000000000000000000005A
:109B0C000000000000000000000000000000000049
:109B1C000000000000000000000000000000000039
:109B2C000000000000000000000000000000000029
:109B3C000000000000000000000000000000000019
:109B4C000000000000000000000000000000000009
:109B5C0000000000000000000000000000000000F9
:109B6C0000000000000000000000000000000000E9
:109B7C0000000000000000000000000000000000D9
:109B8C0000000000000000000000000000000000C9
:109B9C0000000000000000000000000000000000B9
:109BAC0000000000000000000000000000000000A9
:109BBC000000000000000000000000000000000099
:109BCC000000000000000000000000000000000089
:109BDC000000000000000000000000000000000079
:109BEC000000000000000000000000000000000069
:109BFC000000000000000000000000000000000059
:109C0C000000000000000000000000000000000048
:109C1C000000000000000000000000000000000038
:109C2C000000000000000000000000000000000028
:109C3C000000000000000000000000000000000018
:109C4C000000000000000000000000000000000008
:109C5C0000000000000000000000000000000000F8
:109C6C0000000000000000000000000000000000E8
:109C7C0000000000000000000000000000000000D8
:109C8C0000000000000000000000000000000000C8
:109C9C0000000000000000000000000000000000B8
:109CAC0000000000000000000000000000000000A8
:109CBC000000000000000000000000000000000098
:109CCC000000000000000000000000000000000088
:109CDC000000000000000000000000000000000078
:109CEC000000000000000000000000000000000068
:109CFC000000000000000000000000000000000058
:109D0C000000000000000000000000000000000047
:109D1C000000000000000000000000000000000037
:109D2C000000000000000000000000000000000027
:109D3C000000000000000000000000000000000017
:109D4C000000000000000000000000000000000007
:109D5C0000000000000000000000000000000000F7
:109D6C0000000000000000000000000000000000E7
:109D7C0000000000000000000000000000000000D7
:109D8C0000000000000000000000000000000000C7
:109D9C0000000000000000000000000000000000B7
:109DAC0000000000000000000000000000000000A7
:109DBC000000000000000000000000000000000097
:109DCC000000000000000000000000000000000087
:109DDC000000000000000000000000000000000077
:109DEC000000000000000000000000000000000067
:109DFC000000000000000000000000000000000057
:109E0C000000000000000000000000000000000046
:109E1C000000000000000000000000000000000036
:109E2C000000000000000000000000000000000026
:109E3C000000000000000000000000000000000016
:109E4C000000000000000000000000000000000006
:109E5C0000000000000000000000000000000000F6
:109E6C0000000000000000000000000000000000E6
:109E7C0000000000000000000000000000000000D6
:109E8C0000000000000000000000000000000000C6
:109E9C0000000000000000000000000000000000B6
:109EAC0000000000000000000000000000000000A6
:109EBC000000000000000000000000000000000096
:109ECC000000000000000000000000000000000086
:109EDC000000000000000000000000000000000076
:109EEC000000000000000000000000000000000066
:109EFC000000000000000000000000000000000056
:109F0C000000000000000000000000000000000045
:109F1C000000000000000000000000000000000035
:109F2C000000000000000000000000000000000025
:109F3C000000000000000000000000000000000015
:109F4C000000000000000000000000000000000005
:109F5C0000000000000000000000000000000000F5
:109F6C0000000000000000000000000000000000E5
:109F7C0000000000000000000000000000000000D5
:109F8C0000000000000000000000000000000000C5
:109F9C0000000000000000000000000000000000B5
:109FAC0000000000000000000000000000000000A5
:109FBC000000000000000000000000000000000095
:109FCC000000000000000000000000000000000085
:109FDC000000000000000000000000000000000075
:109FEC000000000000000000000000000000000065
:049FFC000000000061
:10A00000281F00C09C2300C040000000FFFFFFFF8E
:10A01000F0CC45D0F08B06D0F08A06D0F08906D07F
:10A02000F08709D0F0830DD0000000000000000090
:10A03000000000000000000000000000D03100C05F
:10A040000000000000000000540000D000000000EC
:10A050000000000000C20100000103000090D003D6
:10A06000C8000000FFFFFFFF680000D0680000D0BC
:10A07000FF00FF00FF00FF00FF00FF00FF00FF00E8
:10A08000FF00FF00FF00FF00FF00FF00FF00FF00D8
:10A0900000000000000000000000000000000000C0
:0CA0A000000000000000000000000000B4
:10A0AC000000000030DA05D03C0200000000000087
:04A0BC0000000000A0
:04A0C00015E015E0B2
:04000005C0002E64A5
:00000001FF
