:02000004C0003A
:1000000018F09FE518F09FE518F09FE518F09FE5C0
:1000100018F09FE500F020E314F09FE514F09FE551
:10002000F03100C08C2E00C0F83300C0D02E00C0CC
:0C003000002F00C0083300C0E82700C00B
:1000400000000000000000000000000000000000B0
:1000500000000000000000000000000000000000A0
:100060000000000000000000000000000000000090
:100070000000000000000000000000000000000080
:100080000000000000000000000000000000000070
:100090000000000000000000000000000000000060
:1000A0000000000000000000000000000000000050
:1000B0000000000000000000000000000000000040
:1000C0000000000000000000000000000000000030
:1000D0000000000000000000000000000000000020
:1000E0000000000000000000000000000000000010
:1000F0000000000000000000000000000000000000
:1001000000000000000000000000000000000000EF
:1001100000000000000000000000000000000000DF
:1001200000000000000000000000000000000000CF
:1001300000000000000000000000000000000000BF
:1001400000000000000000000000000000000000AF
:10015000000000000000000000000000000000009F
:10016000000000000000000000000000000000008F
:10017000000000000000000000000000000000007F
:10018000000000000000000000000000000000006F
:10019000000000000000000000000000000000005F
:1001A000000000000000000000000000000000004F
:1001B000000000000000000000000000000000003F
:1001C000000000000000000000000000000000002F
:1001D000000000000000000000000000000000001F
:1001E000000000000000000000000000000000000F
:1001F00000000000000000000000000000000000FF
:1002000000000000000000000000000000000000EE
:1002100000000000000000000000000000000000DE
:1002200000000000000000000000000000000000CE
:1002300000000000000000000000000000000000BE
:1002400000000000000000000000000000000000AE
:10025000000000000000000000000000000000009E
:10026000000000000000000000000000000000008E
:10027000000000000000000000000000000000007E
:10028000000000000000000000000000000000006E
:10029000000000000000000000000000000000005E
:1002A000000000000000000000000000000000004E
:1002B000000000000000000000000000000000003E
:1002C000000000000000000000000000000000002E
:1002D000000000000000000000000000000000001E
:1002E000000000000000000000000000000000000E
:1002F00000000000000000000000000000000000FE
:1003000000000000000000000000000000000000ED
:1003100000000000000000000000000000000000DD
:1003200000000000000000000000000000000000CD
:1003300000000000000000000000000000000000BD
:1003400000000000000000000000000000000000AD
:10035000000000000000000000000000000000009D
:10036000000000000000000000000000000000008D
:10037000000000000000000000000000000000007D
:10038000000000000000000000000000000000006D
:10039000000000000000000000000000000000005D
:1003A000000000000000000000000000000000004D
:1003B000000000000000000000000000000000003D
:1003C000000000000000000000000000000000002D
:1003D000000000000000000000000000000000001D
:1003E000000000000000000000000000000000000D
:1003F00000000000000000000000000000000000FD
:1004000000000000000000000000000000000000EC
:1004100000000000000000000000000000000000DC
:1004200000000000000000000000000000000000CC
:1004300000000000000000000000000000000000BC
:1004400000000000000000000000000000000000AC
:10045000000000000000000000000000000000009C
:10046000000000000000000000000000000000008C
:10047000000000000000000000000000000000007C
:10048000000000000000000000000000000000006C
:10049000000000000000000000000000000000005C
:1004A000000000000000000000000000000000004C
:1004B000000000000000000000000000000000003C
:1004C000000000000000000000000000000000002C
:1004D000000000000000000000000000000000001C
:1004E000000000000000000000000000000000000C
:1004F00000000000000000000000000000000000FC
:1005000000000000000000000000000000000000EB
:1005100000000000000000000000000000000000DB
:1005200000000000000000000000000000000000CB
:1005300000000000000000000000000000000000BB
:1005400000000000000000000000000000000000AB
:10055000000000000000000000000000000000009B
:10056000000000000000000000000000000000008B
:10057000000000000000000000000000000000007B
:10058000000000000000000000000000000000006B
:10059000000000000000000000000000000000005B
:1005A000000000000000000000000000000000004B
:1005B000000000000000000000000000000000003B
:1005C000000000000000000000000000000000002B
:1005D000000000000000000000000000000000001B
:1005E000000000000000000000000000000000000B
:1005F00000000000000000000000000000000000FB
:1006000000000000000000000000000000000000EA
:1006100000000000000000000000000000000000DA
:1006200000000000000000000000000000000000CA
:1006300000000000000000000000000000000000BA
:1006400000000000000000000000000000000000AA
:10065000000000000000000000000000000000009A
:10066000000000000000000000000000000000008A
:10067000000000000000000000000000000000007A
:10068000000000000000000000000000000000006A
:10069000000000000000000000000000000000005A
:1006A000000000000000000000000000000000004A
:1006B000000000000000000000000000000000003A
:1006C000000000000000000000000000000000002A
:1006D000000000000000000000000000000000001A
:1006E000000000000000000000000000000000000A
:1006F00000000000000000000000000000000000FA
:1007000000000000000000000000000000000000E9
:1007100000000000000000000000000000000000D9
:1007200000000000000000000000000000000000C9
:1007300000000000000000000000000000000000B9
:1007400000000000000000000000000000000000A9
:100750000000000000000000000000000000000099
:100760000000000000000000000000000000000089
:100770000000000000000000000000000000000079
:100780000000000000000000000000000000000069
:100790000000000000000000000000000000000059
:1007A0000000000000000000000000000000000049
:1007B0000000000000000000000000000000000039
:1007C0000000000000000000000000000000000029
:1007D0000000000000000000000000000000000019
:1007E0000000000000000000000000000000000009
:1007F00000000000000000000000000000000000F9
:1008000000000000000000000000000000000000E8
:1008100000000000000000000000000000000000D8
:1008200000000000000000000000000000000000C8
:1008300000000000000000000000000000000000B8
:1008400000000000000000000000000000000000A8
:100850000000000000000000000000000000000098
:100860000000000000000000000000000000000088
:100870000000000000000000000000000000000078
:100880000000000000000000000000000000000068
:100890000000000000000000000000000000000058
:1008A0000000000000000000000000000000000048
:1008B0000000000000000000000000000000000038
:1008C0000000000000000000000000000000000028
:1008D0000000000000000000000000000000000018
:1008E0000000000000000000000000000000000008
:1008F00000000000000000000000000000000000F8
:1009000000000000000000000000000000000000E7
:1009100000000000000000000000000000000000D7
:1009200000000000000000000000000000000000C7
:1009300000000000000000000000000000000000B7
:1009400000000000000000000000000000000000A7
:100950000000000000000000000000000000000097
:100960000000000000000000000000000000000087
:100970000000000000000000000000000000000077
:100980000000000000000000000000000000000067
:100990000000000000000000000000000000000057
:1009A0000000000000000000000000000000000047
:1009B0000000000000000000000000000000000037
:1009C0000000000000000000000000000000000027
:1009D0000000000000000000000000000000000017
:1009E0000000000000000000000000000000000007
:1009F00000000000000000000000000000000000F7
:100A000000000000000000000000000000000000E6
:100A100000000000000000000000000000000000D6
:100A200000000000000000000000000000000000C6
:100A300000000000000000000000000000000000B6
:100A400000000000000000000000000000000000A6
:100A50000000000000000000000000000000000096
:100A60000000000000000000000000000000000086
:100A70000000000000000000000000000000000076
:100A80000000000000000000000000000000000066
:100A90000000000000000000000000000000000056
:100AA0000000000000000000000000000000000046
:100AB0000000000000000000000000000000000036
:100AC0000000000000000000000000000000000026
:100AD0000000000000000000000000000000000016
:100AE0000000000000000000000000000000000006
:100AF00000000000000000000000000000000000F6
:100B000000000000000000000000000000000000E5
:100B100000000000000000000000000000000000D5
:100B200000000000000000000000000000000000C5
:100B300000000000000000000000000000000000B5
:100B400000000000000000000000000000000000A5
:100B50000000000000000000000000000000000095
:100B60000000000000000000000000000000000085
:100B70000000000000000000000000000000000075
:100B80000000000000000000000000000000000065
:100B90000000000000000000000000000000000055
:100BA0000000000000000000000000000000000045
:100BB0000000000000000000000000000000000035
:100BC0000000000000000000000000000000000025
:100BD0000000000000000000000000000000000015
:100BE0000000000000000000000000000000000005
:100BF00000000000000000000000000000000000F5
:100C000000000000000000000000000000000000E4
:100C100000000000000000000000000000000000D4
:100C200000000000000000000000000000000000C4
:100C300000000000000000000000000000000000B4
:100C400000000000000000000000000000000000A4
:100C50000000000000000000000000000000000094
:100C60000000000000000000000000000000000084
:100C70000000000000000000000000000000000074
:100C80000000000000000000000000000000000064
:100C90000000000000000000000000000000000054
:100CA0000000000000000000000000000000000044
:100CB0000000000000000000000000000000000034
:100CC0000000000000000000000000000000000024
:100CD0000000000000000000000000000000000014
:100CE0000000000000000000000000000000000004
:100CF00000000000000000000000000000000000F4
:100D000000000000000000000000000000000000E3
:100D100000000000000000000000000000000000D3
:100D200000000000000000000000000000000000C3
:100D300000000000000000000000000000000000B3
:100D400000000000000000000000000000000000A3
:100D50000000000000000000000000000000000093
:100D60000000000000000000000000000000000083
:100D70000000000000000000000000000000000073
:100D80000000000000000000000000000000000063
:100D90000000000000000000000000000000000053
:100DA0000000000000000000000000000000000043
:100DB0000000000000000000000000000000000033
:100DC0000000000000000000000000000000000023
:100DD0000000000000000000000000000000000013
:100DE0000000000000000000000000000000000003
:100DF00000000000000000000000000000000000F3
:100E000000000000000000000000000000000000E2
:100E100000000000000000000000000000000000D2
:100E200000000000000000000000000000000000C2
:100E300000000000000000000000000000000000B2
:100E400000000000000000000000000000000000A2
:100E50000000000000000000000000000000000092
:100E60000000000000000000000000000000000082
:100E70000000000000000000000000000000000072
:100E80000000000000000000000000000000000062
:100E90000000000000000000000000000000000052
:100EA0000000000000000000000000000000000042
:100EB0000000000000000000000000000000000032
:100EC0000000000000000000000000000000000022
:100ED0000000000000000000000000000000000012
:100EE0000000000000000000000000000000000002
:100EF00000000000000000000000000000000000F2
:100F000000000000000000000000000000000000E1
:100F100000000000000000000000000000000000D1
:100F200000000000000000000000000000000000C1
:100F300000000000000000000000000000000000B1
:100F400000000000000000000000000000000000A1
:100F50000000000000000000000000000000000091
:100F60000000000000000000000000000000000081
:100F70000000000000000000000000000000000071
:100F80000000000000000000000000000000000061
:100F90000000000000000000000000000000000051
:100FA0000000000000000000000000000000000041
:100FB0000000000000000000000000000000000031
:100FC0000000000000000000000000000000000021
:100FD0000000000000000000000000000000000011
:100FE0000000000000000000000000000000000001
:100FF00000000000000000000000000000000000F1
:101000004A1E08BF70473DD3884230D9114232D0C2
:10101000B1FA81F3B0FA80F2A3EB02024FF00103C0
:1010200001FA02F103FA02F34FF00002884224BFF2
:10103000401A1A43B0EB510F24BFA0EB510042EA13
:101040005302B0EB910F24BFA0EB910042EA930250
:10105000B0EBD10F24BFA0EBD10042EAD3020028AD
:101060001CBF5FEA13130909E0D1104670470CBF9B
:10107000012000207047B1FA81F2C2F11F0220FA6C
:1010800002F0704708B14FF0FF3000F07FB800BFAA
:101090000029F7D02DE90340FFF7B2FFBDE8064075
:1010A00002FB00F3A1EB0301704700BF002956D0FB
:1010B00080EA010C48BF49424A1E38D0030048BFAD
:1010C00043428B4238D911423ED0B1FA81F2B3FA91
:1010D00083F0A2EB00004FF0010201FA00F102FAE6
:1010E00000F24FF000008B4224BF5B1A1043B3EBB9
:1010F000510F24BFA3EB510340EA5200B3EB910F11
:1011000024BFA3EB910340EA9200B3EBD10F24BFBD
:10111000A3EBD10340EAD200002B1CBF5FEA1212FE
:101120000909E0D1BCF1000F48BF404270479CEA7A
:10113000000F48BF4042704738BF002004BF4FEA4D
:10114000EC7040F001007047B1FA81F2C2F11F0269
:10115000BCF1000F23FA02F048BF4042704700285C
:10116000C8BF6FF00040B8BF4FF0004000F00EB8AD
:101170000029F4D02DE90340FFF79AFFBDE80640AF
:1011800002FB00F3A1EB0301704700BF704700BFF3
:1011900080F0004002E000BF81F0004142001FBF2C
:1011A0005FEA410392EA030F7FEA226C7FEA236C35
:1011B0006AD04FEA1262D2EB1363C1BFD21841402A
:1011C00048404140B8BF5B42192B88BF704710F0C0
:1011D000004F40F4000020F07F4018BF404211F063
:1011E000004F41F4000121F07F4118BF494292EACB
:1011F000030F3FD0A2F1010241FA03FC10EB0C00F7
:10120000C3F1200301FA03F100F0004302D5494283
:1012100060EB4000B0F5000F13D3B0F1807F06D330
:1012200040084FEA310102F10102FE2A51D2B1F128
:10123000004F40EBC25008BF20F0010040EA03001D
:101240007047490040EB0000013A28BFB0F5000F9D
:10125000EDD2B0FA80FCACF1080CB2EB0C0200FA53
:101260000CF0AABF00EBC25052421843BCBFD040A2
:101270001843704792F0000F81F4000106BF80F41C
:1012800000000132013BB5E74FEA41037FEA226CDF
:1012900018BF7FEA236C21D092EA030F04D092F0AA
:1012A000000F08BF0846704790EA010F1CBF0020DE
:1012B000704712F07F4F04D1400028BF40F000403B
:1012C000704712F100723CBF00F50000704700F05B
:1012D000004343F0FE4040F4000070477FEA226282
:1012E00016BF08467FEA23630146420206BF5FEA53
:1012F000412390EA010F40F4800070474FF0000353
:1013000004E000BF10F0004348BF40425FEA000C19
:1013100008BF704743F0964301464FF000001CE0C1
:1013200050EA010208BF70474FF000030AE000BF17
:1013300050EA010208BF704711F0004302D5404255
:1013400061EB41015FEA010C02BF844601460020C7
:1013500043F0B64308BFA3F18053A3F50003BCFAE2
:101360008CF2083AA3EBC25310DB01FA02FC63448F
:1013700000FA02FCC2F12002BCF1004F20FA02F296
:1013800043EB020008BF20F00100704702F1200289
:1013900001FA02FCC2F1200250EA4C0021FA02F2EA
:1013A00043EB020008BF20EADC7070474FF0FF0CEF
:1013B0001CEAD0521EBF1CEAD15392EA0C0F93EAEA
:1013C0000C0F6FD01A4480EA010C400218BF5FEA8C
:1013D00041211ED04FF0006343EA501043EA5111FF
:1013E000A0FB01310CF00040B1F5000F3EBF4900F9
:1013F00041EAD3715B0040EA010062F17F02FD2AFD
:101400001DD8B3F1004F40EBC25008BF20F00100DF
:10141000704790F0000F0CF0004C08BF49024CEAF6
:10142000502040EA51207F3AC2BFD2F1FF0340EA88
:10143000C250704740F400004FF00003013A5DDCF9
:1014400012F1190FDCBF00F000407047C2F100023A
:10145000410021FA02F1C2F1200200FA02FC5FEA27
:10146000310040F1000053EA4C0308BF20EADC7071
:10147000704792F0000F00F0004C02BF400010F4E3
:10148000000F013AF9D040EA0C0093F0000F01F090
:10149000004C02BF490011F4000F013BF9D041EAB2
:1014A0000C018FE70CEAD15392EA0C0F18BF93EAB4
:1014B0000C0F0AD030F0004C18BF31F0004CD8D1DE
:1014C00080EA010000F00040704790F0000F17BF65
:1014D00090F0004F084691F0000F91F0004F14D0AB
:1014E00092EA0C0F01D142020FD193EA0C0F03D103
:1014F0004B0218BF084608D180EA010000F0004006
:1015000040F0FE4040F40000704740F0FE4040F4E0
:10151000400070474FF0FF0C1CEAD0521EBF1CEA7F
:10152000D15392EA0C0F93EA0C0F69D0A2EB03029D
:1015300080EA010C49024FEA402037D04FF0805337
:1015400043EA111143EA10130CF000408B4238BFFC
:101550005B0042F17D024FF4000C8B4224BF5B1A0A
:1015600040EA0C00B3EB510F24BFA3EB510340EA58
:101570005C00B3EB910F24BFA3EB910340EA9C0006
:10158000B3EBD10F24BFA3EBD10340EADC001B0176
:1015900018BF5FEA1C1CE0D1FD2A3FF650AF8B421A
:1015A00040EBC25008BF20F0010070470CF0004C27
:1015B0004CEA50207F32C2BFD2F1FF0340EAC25052
:1015C000704740F400004FF00003013A37E792F013
:1015D000000F00F0004C02BF400010F4000F013A71
:1015E000F9D040EA0C0093F0000F01F0004C02BF6C
:1015F000490011F4000F013BF9D041EA0C0195E7D5
:101600000CEAD15392EA0C0F08D142027FF47DAF6D
:1016100093EA0C0F7FF470AF084676E793EA0C0F5D
:1016200004D14B023FF44CAF08466EE730F0004C5B
:1016300018BF31F0004CCAD130F000427FF45CAFEB
:1016400031F000437FF43CAF5FE700BF42000ED2B1
:10165000B2F1FE4F0BD34FF09E03B3EB126209D4ED
:101660004FEA002343F0004323FA02F070474FF0A3
:101670000000704712F1610F01D1420202D14FF018
:10168000FF3070474FF00000704700BF7BB972B960
:101690000029BEBF00204FF0004106E008BF00282F
:1016A0001CBF6FF000414FF0FF30FFF76FBDADF191
:1016B000080C6DE904CE002909DB002B1ADB00F0D1
:1016C0004DF8DDF804E0DDE9022304B07047404244
:1016D00061EB4101002B1BDB00F040F8DDF804E07A
:1016E000DDE9022304B0404261EB4101524263EB69
:1016F00043037047524263EB430300F02FF8DDF8D9
:1017000004E0DDE9022304B0404261EB410170478F
:10171000524263EB430300F021F8DDF804E0DDE919
:10172000022304B0524263EB4303704753B94AB9F2
:10173000002908BF00281CBF4FF0FF314FF0FF30D9
:10174000FFF724BDADF1080C6DE904CE00F006F8FA
:10175000DDF804E0DDE9022304B070472DE9F04331
:1017600090420D46079F044675EB03016FD3002B93
:101770005FD0B3FA83F6002D5FD0B5FA85F1761A03
:10178000A6F12000C6F12001B340A6F1200C02FA18
:1017900000F0C6F1200E22FA01F10343B2400B43E0
:1017A000944275EB03014CD30120A41A00FA0CF10A
:1017B00065EB030520FA0EF841EA0801B0409EB33C
:1017C0005208B04642EAC3725B08944275EB0309C3
:1017D0003AD3A41A65EB030524196D41013445F190
:1017E0000005B8F10108F0D1001905FA0EFE24FA3F
:1017F00006F441EB050125FA0CFC44EA0E0444EA28
:101800000C04F540A6F1200CC6F1200205FA06F3FF
:1018100004FA0CFC43EA0C0324FA02F204FA06F67A
:101820001343801B61EB03010FB1C7E90045BDE81D
:10183000F083B2FA82F620369DE7B4FA84F12031C3
:101840009DE700200146BAE724196D41C9E7002051
:101850000146E9E71EFF2FE110402DE920019FE539
:101860007D0200EBB70000EB0040A0E10010A0E11A
:1018700010019FE5780200EB000054E33700001AE6
:101880000200A0E30E0100EB0040A0E10010A0E187
:10189000F4009FE5700200EB000054E32F00001AF3
:1018A0007B0100EB0010A0E1E0009FE56A0200EB85
:1018B000A00000EBD8309FE5D8009FE5102093E50D
:1018C000022C82E3102083E5102093E50120C2E37F
:1018D000102083E5002093E5012082E3002083E5CA
:1018E000002093E50820C2E3002083E5002093E573
:1018F0000420C2E3002083E50522A0E3003192E545
:10190000013083E3003182E5530200EB580100EB24
:10191000000050E31500000A7C009FE54E0200EB3A
:10192000860000EB5A0100EB0010A0E16C009FE57F
:10193000490200EB520100EB0010A0E160009FE5BE
:10194000450200EB4A0100EB0010A0E154009FE5C6
:10195000410200EB3A0100EB4C009FE53E0200EB38
:101960000010A0E3100702E3B21E00EBFBFFFFEA4A
:10197000430100EB000050E3E6FFFF1A5C0600EBBA
:10198000E1FFFFEABABD00C0D5BD00C0F1BD00C097
:1019900017BE00C00010005035BE00C04BBE00C0D6
:1019A00066BE00C083BE00C093BE00C0A6BE00C01D
:1019B00004E02DE5083090E518E093E500005EE3D3
:1019C0000C00000A020512E30400000A103090E542
:1019D00001C0A0E3003093E51C3113E0062422127D
:1019E00018309FE50EC0A0E104E09DE4033002E062
:1019F000162602E21CFF2FE15700E0E304F09DE40D
:101A000040000006010612E30230A0E130402DE95B
:101A1000085090E5104090E50300000A030712E328
:101A20005220A017032702120230231000C094E5B1
:101A300001E0A0E30126C3E3010013E31EE1A0E1FE
:101A40000E308C110E30CC01003084E5003095E56D
:101A50003040BDE813FF2FE1591900EA0020A0E152
:101A60000130A0E104E02DE524009FE5081090E599
:101A70000CE091E500005EE30300000A0EC0A0E167
:101A80000010A0E304E09DE41CFF2FE15700E0E319
:101A900004F09DE44CB200C00C009FE50119A0E3E6
:101AA000083090E5143093E513FF2FE1F8B100C042
:101AB00028009FE510402DE9E6FFFFEB000050E312
:101AC0000000000AF3FFFFEB14009FE5E20100EBCA
:101AD00010309FE50120A0E30020C3E51080BDE8A1
:101AE000F8B100C0DFBE00C0E48505D034009FE53A
:101AF00010402DE9D80100EB2C009FE5D5FFFFEB4E
:101B0000000050E30000000AE2FFFFEB1C309FE5FD
:101B10000120A0E30020C3E50020A0E310309FE5F2
:101B20000020C3E51080BDE8F6BE00C0F8B100C0DB
:101B3000E38505D0E28505D01B00A0E3CA0500EAD5
:101B40001B00A0E3C70500EA70402DE944519FE562
:101B50000500A0E1BFFFFFEB000050E30200001A08
:101B60001240E0E30400A0E17080BDE828019FE599
:101B7000B8FFFFEB000050E3F8FFFF0A1C219FE5D0
:101B80000810A0E30500A0E19DFFFFEB004050E23C
:101B9000F3FFFF1A08219FE50E10A0E3F8009FE570
:101BA00097FFFFEB004050E2EDFFFF1AF4309FE596
:101BB000F4209FE5086095E5043082E5013CA0E350
:101BC000083082E51C3096E5000053E30100001A5E
:101BD0005740E0E3E2FFFFEACC109FE50120A0E3DD
:101BE0000500A0E133FF2FE1004050E2DCFFFF1AC7
:101BF0001725A0E30810A0E30500A0E16BFFFFEBB1
:101C0000004050E20700000A1C3096E5000053E354
:101C1000D3FFFF0A90109FE50020A0E30500A0E19C
:101C200033FF2FE1CEFFFFEA80509FE50500A0E1E2
:101C300088FFFFEB000050E3C8FFFF0A0410A0E19B
:101C40000400A0E184FFFFEB004050E2C4FFFF1A54
:101C5000083095E5184093E5000054E3DBFFFF0AE8
:101C60004C209FE50030A0E30310A0E10500A0E1B7
:101C700034FF2FE1004050E2B9FFFF1A34309FE5F6
:101C80000040C3E530309FE50040C3E52C309FE5C0
:101C90000040C3E5B2FFFFEA6CB100C0F8B100C07C
:101CA0000100010001001600B01A00C0508201D0EE
:101CB0004CB200C0EC1A00C0E48505D0E38505D025
:101CC000E28505D0F0412DE90050A0E158619FE583
:101CD00080D04DE20600A0E15EFFFFEB000050E384
:101CE0001240E0032800000A088096E50030A0E3D7
:101CF00038219FE5184098E534719FE5030054E1D1
:101D00000030C2E55740E0030030C7E51E00000A7E
:101D100020219FE50310A0E10600A0E134FF2FE1A0
:101D2000004050E21800001A043098E530108DE2AF
:101D30000600A0E133FF2FE13D0070E30040A0E189
:101D40000A00001AF0109FE50600A0E1003098E5B7
:101D500033FF2FE1004050E20B00001A043098E5F9
:101D600030108DE20600A0E133FF2FE10040A0E13A
:101D7000000054E30400001A30008DE2400100EB43
:101D8000000051E3030000AA1540E0E30400A0E1D5
:101D900080D08DE2F081BDE8005095E00D00A0E11B
:101DA0000010A1E204108DE50C108DE200508DE5CD
:101DB000CB1F00FA000050E3F2FFFF0A0C309DE554
:101DC00058108DE27C408DE50F00A0E358308DE582
:101DD00010309DE55C308DE514309DE560308DE57B
:101DE00018309DE564308DE51C309DE568308DE54B
:101DF00020309DE56C308DE524309DE570308DE51B
:101E000028309DE574308DE52C309DE578308DE5EA
:101E100011FFFFEB004050E20040C7050120A00386
:101E200018309F050020C305D7FFFFEA4CB200C061
:101E3000E48505D0E38505D0EC1A00C07CB900C06C
:101E4000E28505D010402DE920409FE50030D4E523
:101E5000000053E31080BD080010A0E30100A0E1E2
:101E6000FDFEFFEB0030A0E30030C4E51080BDE8CC
:101E7000E28505D004309FE50000D3E51EFF2FE189
:101E8000E48505D004309FE50000D3E51EFF2FE177
:101E9000E38505D010402DE93C409FE50400A0E11A
:101EA000ECFEFFEB000050E31080BD08083094E525
:101EB000143093E5000053E35700E0030200000AEA
:101EC0000010A0E30400A0E133FF2FE1000050E385
:101ED0000000A0D30100A0C31080BDE84CB200C038
:101EE00010402DE9044090E5000094E5341800EB23
:101EF000000050E30000A0131200E00314309F150F
:101F000000109415B420D4110010831508309F15CB
:101F1000B020C3111080BDE85C8201D0E08505D0FF
:101F2000083090E5811180E0020953E38220A0315E
:101F300002019127B20091311EFF2FE1811180E053
:101F4000080090E5020950E38220A0310231812788
:101F5000B23081311EFF2FE10120A0E310402DE9B6
:101F6000EEFFFFEBA000A0E11080BDE8083090E597
:101F7000811180E0020953E30500003A043091E545
:101F8000000052E30130C30301308313043081E5C4
:101F90001EFF2FE1B230D1E1000052E30130C30354
:101FA00001308313B230C1E11EFF2FE18230A0E186
:101FB0000120A0E3E0FFFFEA083090E5020953E3C7
:101FC0000500003A10402DE9E2FFFFEB010050E36D
:101FD0000000A0830100A0931080BDE80000A0E3F2
:101FE0001EFF2FE1083090E5020953E30110412262
:101FF000110F6FE11F0060E21EFF2FE1F0412DE99C
:102000000040A0E10150A0E1EAFFFFEB000050E337
:10201000F081BD180510A0E10400A0E1CDFFFFEBA9
:102020000010A0E10400A0E1EDFFFFEB002184E03F
:10203000106092E5000056E30E00001A0C3094E5A3
:102040000110A0E3113083E10510A0E10C3084E51C
:102050000400A0E1105082E50530A0E10220A0E3D9
:10206000B5FFFFEB0320A0E30510A0E10400A0E111
:10207000F041BDE8B0FFFFEA0220A0E30610A0E1B6
:102080000400A0E1A5FFFFEB0030A0E10070A0E19B
:102090000220A0E30510A0E10400A0E1A6FFFFEBF1
:1020A0000630A0E10320A0E30510A0E10400A0E1B8
:1020B000A1FFFFEB0320A0E30710A0E10530A0E1A2
:1020C0000400A0E19CFFFFEB0220A0E30610A0E1CA
:1020D000E5FFFFEA010752E30430A0330830A023F4
:1020E000032042E0F0412DE9076081E2024081E0F7
:1020F0000050A0E30760C6E30740C4E3064044E0A5
:10210000006080E50600A0E1A441A0E1084086E56A
:102110000410A0E10C5086E5B1FFFFEB0021A0E127
:102120000510A0E11B7082E2100086E2042082E22A
:10213000A771A0E1782000FB078044E00720A0E120
:102140000510A0E10600A0E197FFFFEB0530A0E13C
:102150000520A0E10510A0E10600A0E176FFFFEB5D
:102160000600A0E10510A0E10120A0E37EFFFFEB47
:102170000820A0E10710A0E18BFFFFEB0730A0E1F2
:102180000520A0E10710A0E10600A0E16AFFFFEB37
:102190000520A0E10410A0E10600A0E182FFFFEB12
:1021A0000830A0E10520A0E10410A0E10600A0E1B4
:1021B00061FFFFEB0410A0E10600A0E10120A0E315
:1021C00069FFFFEB0710A0E1F041BDE88AFFFFEADD
:1021D0000C009FE510402DE91F0000EB0000A0E37C
:1021E0001080BDE84DBF00C00000A0E31EFF2FE13E
:1021F00004309FE5003093E513FF2FE1000000D08D
:1022000004309FE5000083E51EFF2FE1000000D0B1
:1022100030402DE90040A0E114D04DE20150A0E192
:102220001020A0E30010A0E30D00A0E13A2000FB85
:102230000230A0E30520A0E10230CDE50410A0E1CA
:1022400010309FE50D00A0E104308DE50B1F00FA72
:1022500014D08DE23080BDE8F02100C00F002DE9E0
:1022600007402DE914108DE210009DE504108DE566
:10227000E6FFFFEB0CD08DE204E09DE410D08DE290
:102280001EFF2FE1F0472DE96C3700E3144090E585
:102290000070A0E1105090E5C41FA0E1034094E05D
:1022A000015085E20010A1E2020055E30C6090E5C8
:1022B0000030A0830130A093034054E0016046E267
:1022C0000010C1E2000051E3192EA0A30030A0A32A
:1022D0000400A0A1040000AAC0009FE5192EA0E3FD
:1022E0000030A0E3000094E00010C1E2E6FCFFFA39
:1022F000004197E8A8309FE5030055E3089097E573
:102300000020A0E1934024E0CECFA0E13C30A0E348
:1023100099E3ECE00900A0330200E023005085E0DF
:102320000C70A0E19EE38CE09900A0E393C72CE041
:102330002431A0E16D7100E3973423E0900505E0BE
:10234000063083E06460A0E308E09EE00500A0E3BF
:1023500014F634E7043043E0025085E244409FE540
:1023600015F035E7922480E0053083E0940121E008
:10237000C8CFACE0020093E02C209FE50030A1E242
:10238000020090E024209FE50030C3E2900281E04B
:10239000921321E00E0090E00C10A1E0F087BDE860
:1023A00071FEFFFF70FEFFFFB13A02009405F5FFDA
:1023B000805101001EFF2FE110209FE50000A0E3E7
:1023C000043092E50430C3E3043082E51EFF2FE1C0
:1023D00000100850041090E52C009FE5083090E5AF
:1023E000003093E5000053E30400000A0C1081E282
:1023F00010402DE933FF2FE1C00F00E01080BDE851
:102400005700E0E3C00F00E01EFF2FE1E0B000C086
:10241000080050E310402DE90200009A0040A0E3BC
:102420000400A0E11080BDE814309FE5004193E76F
:102430000400A0E1E21600EB000050E3F7FFFF1AF2
:10244000F5FFFFEA60BA00C070402DE906EA02E23B
:10245000040090E501095EE304C090E50100A0E3FB
:102460001001A0E14400001AD244E3E7070051E361
:102470003400008A303FFFE6133F6FE10F50A0E3C6
:1024800020E09CE50331A0E115E3CEE1303FFFE61B
:10249000133F6FE10331A0E114338EE120308CE56E
:1024A00004309CE5D2E7E0E70030C3E11E3183E170
:1024B00004308CE5303FFFE6133F6FE10340A0E3BB
:1024C00008109CE58330A0E152E8E1E71413C1E174
:1024D000303FFFE6133F6FE18330A0E11E3381E11F
:1024E00008308CE5303FFFE6133F6FE10C109CE5B0
:1024F0008330A0E152E9E1E71413C1E1303FFFE688
:10250000133F6FE1D226E1E78330A0E11E3381E182
:1025100004E0A0E10C308CE5303FFFE6133F6FE1B3
:10252000300FFFE6100F6FE100109CE58330A0E153
:102530008000A0E11433C1E1123083E10000A0E388
:1025400000308CE57080BDE82034A0E10F60A0E38E
:1025500033EFFFE61EEF6FE1333FFFE6133F6FE11E
:1025600024509CE50EE1A0E10331A0E116EEC5E1A7
:1025700014338EE124308CE5C8FFFFEA020A5EE3E3
:10258000CBFFFF1A04E09CE5000053E3D247E0E7ED
:1025900000E0CEE114118EE104108CE5C4FFFF0AC7
:1025A000010612E30038A00118008C1518308C05C4
:1025B000BFFFFFEA00000FE1800000E280000CF1A5
:1025C00040309FE5002093E5000052E30600001A2A
:1025D00034209FE5001092E5011C81E3001082E5A4
:1025E000001092E5010C11E3FCFFFF0A002093E5C7
:1025F000000050E3012082E2002083E51EFF2F113E
:10260000800008F11EFF2FE1F48201D0001000507D
:1026100000000FE1800000E280000CF164309FE5D3
:10262000002093E5000052E30D00001A58309FE5AA
:102630000120A0E35BF07FF59F1F93E1000051E3D1
:102640000200001A92CF83E100005CE3F9FFFF1A59
:102650005BF07FF5000050E31EFF2F11800008F1B2
:102660001EFF2FE1010052E320109F05002091057D
:10267000012CC20300208105002093E5012042E2E5
:10268000002083E5F2FFFFEAF48201D0F08201D05E
:1026900000100050103F11EE023AC3E3103F01EE6C
:1026A0000C309FE51F30C3E3103F0CEE6FF07FF559
:1026B0001EFF2FE1000000C018309FE518209FE5A5
:1026C000002083E5103F11EE0131C3E3103F01EE1E
:1026D0006FF07FF51EFF2FE1AC0000D000CA9A3BDF
:1026E00080402DE90050A0E10160A0E10270A0E16E
:1026F0000380A0E128909FE5871B00EB0030A0E15C
:10270000200300EB003089E70040A0E10820A0E1B1
:102710000600A0E10710A0E135FF2FE1090094E7D2
:10272000311900EB08000000341F00EA311F00EAF5
:1027300014009FE50010A0E310209FE510402DE954
:10274000002042E0F7FFFFEB1080BDE8004000D022
:10275000E88505D00C009FE50C209FE50C109FE557
:10276000002042E0F0FFFFEA000000D0080100D0A6
:1027700000D000C070402DE9004051E20050A0E1BF
:102780000D00000AD420C4E1001094E538009FE554
:10279000B1FEFFEBD021C4E10C1094E52C009FE5C5
:1027A000ADFEFFEB1C1094E524009FE5AAFEFFEBB5
:1027B000181094E51C009FE5A7FEFFEB0410A0E1B4
:1027C0000500A0E17040BDE80C1600EA6BC000C037
:1027D0009BC000C0CBC000C0DBC000C00010A0E1A7
:1027E000000090E5E2FFFFEA10309FE510402DE980
:1027F000003093E533FF2FE11040BDE8210300EAEC
:10280000040000D003F020E3FDFFFFEAF0412DE9D2
:102810000050A0E138609FE538809FE50620A0E1E8
:10282000087086E0074041E02C109FE50400A0E11D
:10283000B31E00FA060084E00820A0E10010A0E327
:10284000084044E2B41E00FB704085E5080087E2C2
:10285000F081BDE8000000000400000074B900C071
:102860000030A0E3173F08EE4FF07FF56FF07FF5E3
:102870001EFF2FE101C010E20020A0E1F0402DE991
:102880001A00001A020010E33500001A041010E2CA
:102890003800000AD044E0E7010B10E305C0A013A4
:1028A0000500001A020B10E306C0A0130200001A74
:1028B000010A10E307C0A01304C0A003023A12E209
:1028C0000010A0130170A0130100A0110C00001A49
:1028D000011912E22B00001A023912E20310A001C2
:1028E0002600000A0100A0E30070A0E1040000EA55
:1028F00000C0A0E30110A0E30C40A0E10C00A0E1A7
:102900000C70A0E15264E0E718E012E25232E017E6
:1029100003E0A013D253E0E7013023120330031287
:102920000230A0038330A011400012E3D222E0E77E
:1029300001308313073183E1012022E2800183E12A
:10294000060280E1850280E1040380E18C0380E1DE
:10295000020580E18E0580E1810680E15000F0E70C
:10296000F080BDE80110A0E30C40A0E10C00A0E164
:102970000170A0E1E2FFFFEA01C0A0E10140A0E197
:102980000100A0E1F9FFFFEA0310A0E10100A0E3CC
:10299000F6FFFFEAF04F2DE91CD04DE25230E1E79F
:1029A0000240A0E114308DE5033002E20C108DE509
:1029B00010308DE5201AA0E180329FE5D272E0E769
:1029C00001C1D3E75066E7E703C00CE201005CE316
:1029D0000050A0031700000A64829FE564529FE53F
:1029E00000E098E50C909DE50E2195E71F20D4E7C7
:1029F000292A82E150929FE50E2185E7002099E582
:102A0000012042E2002089E5000052E30700000AAD
:102A10000E20A0E1012082E23F2002E2029195E730
:102A20005996E8E7000059E3F9FFFF1A002088E50E
:102A300018529FE50E5585E001E193E700005EE343
:102A40002A00001AFF2FC5E30320C2E3872182E199
:102A5000012082E3012183E7063195E7000053E37B
:102A60000800001AE4319FE5D8019FE5033045E0F6
:102A70002335A0E1032190E75216E8E7011081E237
:102A80001126D4E7032180E7843AA0E1D425E1E7C9
:102A9000022002E2A32F82E10C3004E2023083E143
:102AA00014209DE58220A0E1022002E2012082E3C1
:102AB000023283E1D423E2E7023383E110209DE573
:102AC000C220A0E1823483E15423E0E75442E0E7EE
:102AD000023583E10C209DE5843583E11F20CBE79F
:102AE000023083E1063185E71CD08DE2F08FBDE82E
:102AF00001005CE30700001A0121D3E7FF5FCEE38A
:102B0000D201E0E7070050E19721C3170350C5E366
:102B10000121C317CFFFFFEA2EE1B0E1CDFFFF0A8D
:102B200001A1A0E10090A0E3012183E0BAE093E1DC
:102B300009C05CE0DEE2E3E701C0A01304E08DE53C
:102B400000C06CE20280D2E503C00CE2D8E1E0E70D
:102B500008E08DE50170D2E5D723E0E7D7E1E0E7B3
:102B600082E08EE10121D3E703E00EE25772E2E753
:102B70000CB002E20EE08BE1D8B0E0E7018008E2A1
:102B80005222E0E70BE28EE108838EE1877388E151
:102B9000022587E18C2582E12020C2E38229A0E181
:102BA000A229A0E11290CFE700800FE1808008E227
:102BB00080000CF1107F11EE0120C7E3102F01EE11
:102BC00004C09DE50120A0E3012183E79C22C8E722
:102BD000BA2083E108C09DE520BAA0E19C21C3E7AB
:102BE0000121C3E70BBAA0E101C193E701A68BE283
:102BF0002525A0E112C5DFE701C183E708309DE587
:102C00000B10A0E10B00A0E101BA8BE29392C5E7A3
:102C100004309DE59396D0E70920A0E15CFFFFEB2F
:102C20000A005BE1F4FFFF1A0CFFFFEB107F01EEDF
:102C3000000058E387FFFF1A800008F185FFFFEAD4
:102C4000004000D0F88201D0FC8201D0080000D002
:102C5000008000D0F74F2DE90060A0E318729FE5D7
:102C600006A0A0E114929FE50C8097E5083097E557
:102C700004B097E50800A0E100308DE50B5043E07B
:102C8000FBFEFFEB00309DE50040A0E10B0059E1A9
:102C90000120A0230020A033030059E10020A0233D
:102CA000000052E30860A011018808E2000055E32B
:102CB0002B00001A01A08AE2107087E203005AE399
:102CC000E8FFFF1AB8A19FE514B0A0E300309AE531
:102CD00000308DE500309DE5050053E14C00008A91
:102CE0000030A0E3303F02EE503F02EE8C319FE512
:102CF000020C16E302308913010B16E3083083132C
:102D00000400001A020B16E3103083130100001AAE
:102D1000010A16E318308313020A16E340308313C6
:102D20000400001A010916E3013083130100001AA0
:102D3000020916E341308313103F02EE44319FE550
:102D4000103F03EEC5FEFFEB103F11EE013A83E3A7
:102D5000523283E3103F01EE0000A0E30CD08DE27D
:102D6000F08FBDE8010655E32000003A5B30F3E741
:102D7000000053E31D00001A000058E31B00000A86
:102D8000D415E1E70C3004E2021001E2015645E2FD
:102D9000013083E15415E0E72B2AA0E101B68BE274
:102DA000013283E1D416E3E7813283E18410A0E1AC
:102DB000021001E2011081E3013583E1D413E2E75F
:102DC000013683E1D410E0E7813783E15413E0E773
:102DD000013883E15412E0E7813883E1D412E0E75F
:102DE000813983E1023A83E1023189E7AEFFFFEAEC
:102DF0000B10A0E10B00A0E10420A0E101BA8BE2DE
:102E0000E3FEFFEB010A55E305504590015A458268
:102E1000A5FFFFEA9B0502E004009AE5021080E0AE
:102E2000028090E7042091E5100091E504208DE5F3
:102E3000087091E58EFEFFEB04209DE50040A0E1C7
:102E4000028048E00200A0E1081080E0000057E3A3
:102E5000015085029EFFFF0A04008DE50420A0E1D9
:102E6000CBFEFFEB04009DE5010A57E30770479096
:102E7000017A4782010A80E2F2FFFFEAE0BB00C06C
:102E8000004000D084BA00C05555555504002DE5CA
:102E900000004FE1200010E304E04E0202E04E1279
:102EA00004009DE41B056DF90F504DE918D04DE26B
:102EB000702F1DEE0320C2E3001092E5011081E2A5
:102EC000001082E50D00A0E1960000EB830100EA0E
:102ED00004E04EE217056DF90F504DE918D04DE2B0
:102EE0000D00A0E1702F1DEE0320C2E3001092E55B
:102EF000011081E2001082E5940000EB770100EA06
:102F000008E04EE217056DF90F504DE918D04DE27B
:102F10000D00A0E1702F1DEE0320C2E3001092E52A
:102F2000011081E2001082E59A0000EB000050E3FE
:102F300018109D0518108D05680100EA84219FE591
:102F4000013040E210402DE91D0053E35800008A93
:102F50000330D2E703F18FE000F020E368019FE542
:102F6000BDFCFFEB2E00A0E31080BDE85C019FE5F7
:102F7000B9FCFFEB3000A0E31080BDE850019FE5F5
:102F8000B5FCFFEB3200A0E31080BDE844019FE5F3
:102F9000B1FCFFEB3300A0E31080BDE838019FE5F2
:102FA000ADFCFFEB3400A0E31080BDE82C019FE5F1
:102FB000A9FCFFEB3500A0E31080BDE8113E10EE48
:102FC0005331E3E718019FE50A0053E314219F956D
:102FD00014119F85031192979FFCFFEB3600A0E32D
:102FE0001080BDE804019FE59BFCFFEB3100A0E3EE
:102FF0001080BDE8F8009FE597FCFFEB3A00A0E3E6
:103000001080BDE8EC009FE593FCFFEB3B00A0E3E4
:103010001080BDE8E0009FE58FFCFFEB3C00A0E3E3
:103020001080BDE8D4009FE58BFCFFEB3700A0E3E8
:103030001080BDE8C8009FE587FCFFEB3800A0E3E7
:103040001080BDE8BC009FE583FCFFEB3D00A0E3E2
:103050001080BDE8B0009FE57FFCFFEB3E00A0E3E1
:103060001080BDE8A4009FE57BFCFFEB3F00A0E3E0
:103070001080BDE898009FE577FCFFEB4000A0E3DF
:103080001080BDE88C009FE573FCFFEB4100A0E3DE
:103090001080BDE880009FE56FFCFFEB4200A0E3DD
:1030A0001080BDE874009FE56BFCFFEB4300A0E3DC
:1030B0001080BDE80010A0E164009FE566FCFFEB16
:1030C0000000A0E31080BDE8ECC500C038C100C01E
:1030D000F6C100C052C100C077C100C094C100C099
:1030E000BBC100C0DAC100C010BC00C030C100C00C
:1030F000ECC100C011C200C037C200C05DC200C038
:103100008BC200C0B1C200C0D7C200C0F8C200C0AC
:1031100019C300C05AC300C09BC300C0B8C300C0DD
:10312000F7C300C036C400C010402DE90040A0E144
:1031300014009FE548FCFFEB0410A0E12D00A0E384
:103140008BFDFFEB0100A0E31080BDE844C400C08C
:1031500070402DE90050A0E1303F15EE2343A0E17F
:103160000F3003E2104004E2034084E1506F16EE9A
:103170001C009FE538FCFFEB0610A0E10400A0E175
:103180006DFFFFEB0510A0E179FDFFEB0100A0E36F
:103190007080BDE86DC400C070402DE90050A0E112
:1031A000103F15EE2343A0E10F3003E2104004E28C
:1031B000034084E1106F16EE1C009FE526FCFFEB38
:1031C0000610A0E10400A0E15BFFFFEB0510A0E109
:1031D00067FDFFEB0100A0E37080BDE889C400C07B
:1031E0001EFF2FE110402DE929FDFFEB1080BDE807
:1031F00050009FE550409FE550509FE550609FE58F
:1032000050709FE550809FE550909FE550A09FE54E
:10321000D1F021E305D0A0E1D2F021E306D0A0E176
:10322000D7F021E307D0A0E1DBF021E308D0A0E153
:10323000D3F021E309D0A0E1DFF021E30AD0A0E13F
:10324000E7FFFFEB14FF2FE10C0000D0803200C03D
:10325000E88E05D0E8D605D0E88D05D0E88C05D0FD
:10326000E88B05D0E88905D00C0200EA150200EAD7
:103270001E0200EA0010A0E30100A0E33CFDFFEA0B
:103280001C309FE510402DE9703F0DEE27FDFFEB50
:103290002FFDFFEBD1FFFFEB3C0000EB6CFEFFEBE3
:1032A000E01300EBA48501D0203002E5202042E2AB
:1032B00000309DE52C109FE5043082E504309DE54B
:1032C000181082E5083082E508309DE50C3082E573
:1032D0001F3100E31C3082E50030A0E3502080E580
:1032E000743080E51EFF2FE1E02600C08500E0E39A
:1032F0001EFF2FE14FF07FF503F020E3800008F17F
:103300006FF07FF51EFF2FE104E04EE21F056DF91F
:103310001F0002F10F502DE9130002F104E02DE52A
:1033200004300DE203D04DE00C002DE9702F1DEEAE
:103330000320C2E3000092E5010080E2000082E584
:10334000FF0100EB03002DE98001A0E1800008F1FE
:10335000B510A0E38111A0E1010050E1030000AA33
:1033600018109FE5001081E00900B1E833FF2FE15C
:103370000300BDE8F70100EB04109FE511FF2FE10A
:1033800010B300C0883400C0500F1DEE1EFF2FE1A7
:103390001EFF2FE1701F1DEE0310C1E3082091E511
:1033A0003000A0E3020080E01F0002F1F02F80E86F
:1033B000130002F138309FE5142093E5082081E5E1
:1033C0007040A0E3044092E0000094E5500F0DEE41
:1033D000740092E50030B0E3743082E53000A0E381
:1033E000020080E01F0002F1F02F90E8130002F1CC
:1033F0001EFF2FE1A48501D01F056DF91F0002F10A
:103400000F502DE90DC0A0E1130002F104E02DE5FD
:1034100004300DE203D04DE00C002DE9702F1DEEBD
:103420000320C2E3000092E5010080E2000082E593
:1034300000004FE1200010E304101E05FF14C1033B
:103440000100000A02101EE5FF1001E2000051E336
:103450000100000A020051E30100000ACCFFFFEB6B
:10346000080000EA1F0002F10D00A0E1130002F1C4
:103470000010A0E30020A0E3D7FCFFEB010000EA6E
:10348000000000EF1EFF2FE180000CF1703F1DEEE9
:103490000330C3E3000093E5010050E30400008A19
:1034A000081093E594209FE5140092E5010050E197
:1034B000B7FFFF1B702F1DEE0320C2E3000092E553
:1034C000010040E2000082E50C00BDE803D08DE081
:1034D00004E09DE41F0002F10F50BDE8000ABDF8B2
:1034E000703F1DEE0330C3E3001093E5010051E38C
:1034F0000C00008A000050E30A00000A20D08DE290
:10350000130002F1A2FFFFEB703F1DEE0330C3E397
:10351000000093E5010040E2000083E51F0002F196
:103520000F50BDE8000ABDF8000093E5010040E23D
:10353000000083E50F50DDE818D08DE2000ABDF8E9
:10354000A48501D010309FE510402DE9003093E5AF
:1035500033FF2FE10000A0E31080BDE8FC8301D021
:1035600010402DE9F6FFFFEB0000A0E31080BDE85E
:1035700014309FE514209FE5000083E50230D2E57A
:10358000023083E30230C2E51EFF2FE1FC8301D04D
:10359000380000D014109FE50129A0E310009FE53A
:1035A00010402DE9CAFAFFEB0000A0E31080BDE84F
:1035B000E88E05D0008401D01F0050E30400008A8B
:1035C00040309FE5802093E5021081E1801083E583
:1035D0001EFF2FE13F0050E30400008A24309FE5E6
:1035E000902093E5021081E1901083E51EFF2FE10A
:1035F0005F0050E30C309F95A020939502108191BD
:10360000A01083951EFF2FE100D000501F0050E353
:103610000400008A40209FE5803092E50130C3E13C
:10362000803082E51EFF2FE13F0050E30400008A56
:1036300024209FE5903092E50130C3E1903082E58F
:103640001EFF2FE15F0050E30C209F95A030929564
:103650000130C391A03082951EFF2FE100D00050B1
:1036600007402DE92C209FE5030092E8F000CDE112
:1036700024009FE5082090E5002092E5000052E339
:103680005700E0030100000A0D10A0E132FF2FE116
:103690000CD08DE204F09DE474B900C0E0B000C02D
:1036A0001F0050E30D00008A38C09FE50130A0E301
:1036B0000C209CE51310A0E1132002E0130052E15E
:1036C0000400000A10309CE50310D1E10100A003C2
:1036D0000000A0131EFF2FE10300A0E11EFF2FE159
:1036E0000000A0E31EFF2FE100D000505F0050E378
:1036F0000800008A1F0050E30400008A1C209FE598
:103700000130A0E31330A0E10C3082E5103082E5F7
:103710000000A0E31EFF2FE11500E0E31EFF2FE1F4
:1037200000D000501F3000E25F0050E310402DE950
:103730000140A0E31443A0E15800008A7C319FE5DA
:10374000030051E33A00008A0110D3E701F18FE052
:1037500000F020E31F0050E35200008A60319FE533
:10376000001093E50410C1E1001083E5041093E517
:103770000410C1E1041083E548319FE5030052E3E2
:103780002900008A0230D3E703F18FE000F020E344
:103790001F0050E34300008A24319FE5001093E5A9
:1037A000011084E1EFFFFFEA1F0050E33D00008AB3
:1037B0000C319FE5041093E5011084E1041083E5CA
:1037C000001093E50410C1E1001083E5F8309FE597
:1037D000030052E31400008A0230D3E703F18FE0C4
:1037E00000F020E31F0050E32E00008AD0309FE558
:1037F000001093E5011084E1001083E5041093E5C7
:10380000011084E1041083E5EFFFFFEA1F0050E39D
:103810000300008AA8209FE5843092E50430C3E1CC
:10382000843082E50410A0E177FFFFEB0000A0E305
:103830001080BDE894309FE5030052E3FAFFFF8A51
:10384000D23093E103F18FE000F020E31F0050E35A
:103850000300008A68209FE5843092E50430C3E1CC
:10386000843082E50410A0E152FFFFEBEEFFFFEA97
:103870000410A0E164FFFFEB1F0050E3EAFFFF8AA2
:103880003C209FE5843092E5033084E1843082E57A
:10389000E5FFFFEA0410A0E146FFFFEBF5FFFFEABA
:1038A0001500E0E31080BDE824309FE5030052E3FB
:1038B000DDFFFF8AD23093E103F18FE000F020E3D7
:1038C0000AC600C000D000500EC600C012C600C01C
:1038D00016C600C01AC600C010402DE998319FE5F9
:1038E000003093E55FF07FF51F3003E2013083E2A3
:1038F0008332A0E1FF0F53E3FF3FA0235FF07FF58A
:1039000078119FE50020A0E3002081E570019FE58C
:103910002020A0E3020053E13600008A2010A0E33B
:103920000000A0E3010053E13800008A2020A0E35A
:103930000000A0E3020053E13B00008A44019FE540
:103940002020A0E30010A0E3020053E13C00008A25
:1039500034C19FE52020A0E330019FE500E0E0E3D3
:10396000020053E13B00008A5FF07FF50C219FE5E8
:103970000130A0E3003082E55FF07FF50030E0E346
:1039800000308CE55FF07FF504319FE5003080E585
:103990005FF07FF5FF3F0FE3012C82E2003082E50C
:1039A000F0109FE5453B83E21A3283E2322E82E239
:1039B0005FF07FF5001083E5043083E2020053E1FD
:1039C000FAFFFF1A5FF07FF5CC209FE5F030A0E30F
:1039D000003082E5042042E2003092E55FF07FF59E
:1039E0001A3EC3E35FF07FF5033083E3003082E5E6
:1039F0000000A0E31080BDE85FF07FF50A1282E2CC
:103A0000861B81E2000081E5042082E2C0FFFFEA1C
:103A10005FF07FF52121A0E10A2282E2872B82E27A
:103A2000000082E5101081E2BDFFFFEA5FF07FF544
:103A30000A1282E2851B81E2000081E5042082E215
:103A4000BBFFFFEA5FF07FF5A2C180E000108CE5CC
:103A5000202082E2BBFFFFEAA211A0E15FF07FF528
:103A60000C4081E000E084E55FF07FF5001081E02C
:103A700000E081E5202082E2B8FFFFEA041002A006
:103A8000001002A001010101801002A0801302A019
:103A9000801102A00000FFFFA0A0A0A0042002A0AF
:103AA0005FF07FF50130A0E31F2000E2A002A0E15B
:103AB0001332A0E108209FE5002182E0003082E57A
:103AC0001EFF2FE1001102A05FF07FF50130A0E39F
:103AD0001F2000E2A002A0E11332A0E108209FE530
:103AE000002182E0003082E51EFF2FE1801102A05C
:103AF0005FF07FF50A3280E2853B83E20010C3E588
:103B00002032A0E10331B0E11EFF2F010F0000E2DF
:103B10000A3283E2873B83E28000A0E1001093E554
:103B20005FF07FF503C0A0E3040012E30220A013BE
:103B30001C10C1E1121081115FF07FF5001083E5C8
:103B40001EFF2FE108009FE5000090E55FF07FF584
:103B50001EFF2FE10C2002A04FF07FF55FF07FF5F4
:103B600004309FE5000083E51EFF2FE1102002A036
:103B7000F0412DE90050A0E15C709FE50060A0E3FA
:103B80000180A0E30130D5E57640EFE6040053E183
:103B9000F081BD980030D5E5034084E00400A0E149
:103BA000BEFEFFEB000050E30900000A0400A0E1A4
:103BB000CDFEFFEB843197E7000053E30400000AD9
:103BC000842187E01F4004E2041092E51804A0E17C
:103BD00033FF2FE1016086E2E9FFFFEA0C8401D0A8
:103BE0008000A0E104309FE5B01083E11EFF2FE1CB
:103BF000C00000D010402DE92610A0E30000A0E393
:103C00000020A0E3F5FFFFEBA010A0E32600A0E357
:103C100096FDFFEB2710A0E30100A0E30020A0E346
:103C2000EEFFFFEBA010A0E32700A0E38FFDFFEB6A
:103C30002810A0E30200A0E30020A0E3E7FFFFEBD1
:103C4000A010A0E32800A0E388FDFFEB2910A0E36B
:103C50000300A0E30020A0E3E0FFFFEBA010A0E33F
:103C60002900A0E381FDFFEB2A10A0E30400A0E3FC
:103C70000020A0E3D9FFFFEBA010A0E32A00A0E3FF
:103C80007AFDFFEB3810A0E30500A0E30020A0E3DD
:103C9000D2FFFFEBA010A0E33800A0E373FDFFEB21
:103CA0006110A0E30600A0E30020A0E3CBFFFFEB40
:103CB000A010A0E36100A0E36CFDFFEB6210A0E3A5
:103CC0000700A0E30020A0E3C4FFFFEBA010A0E3E7
:103CD0006200A0E365FDFFEB6310A0E30800A0E332
:103CE0000020A0E3BDFFFFEBA010A0E36300A0E372
:103CF0005EFDFFEB6410A0E30900A0E30020A0E359
:103D0000B6FFFFEBA010A0E36400A0E357FDFFEBBC
:103D10004910A0E30A00A0E30020A0E3AFFFFFEBFF
:103D2000A010A0E34900A0E350FDFFEB4B10A0E37F
:103D30000B00A0E30020A0E3A8FFFFEBA010A0E38E
:103D40004B00A0E349FDFFEB6D10A0E30C00A0E3E6
:103D50000020A0E3A1FFFFEBA010A0E36D00A0E313
:103D600042FDFFEB6E10A0E30D00A0E30020A0E3F6
:103D70009AFFFFEBA010A0E36E00A0E33BFDFFEB7A
:103D80008A10A0E30E00A0E30020A0E393FFFFEB66
:103D9000A010A0E38A00A0E334FDFFEB8D10A0E3A8
:103DA0000F00A0E30020A0E38CFFFFEBA010A0E336
:103DB0008D00A0E32DFDFFEB0000A0E31080BDE827
:103DC0001F1001E20100A0E31001A0E11EFF2FE19E
:103DD0002C109FE5002050E2123F6F11FF30A0032E
:103DE0001F3063127330EF168330A0E1B30091E10E
:103DF00010309FE5801093E5012082E1802083E56B
:103E000018FDFFEAC00000D000D000500C209FE554
:103E1000803092E50030C3E1803082E51EFF2FE163
:103E200000D0005080309FE5030051E31D00008A60
:103E30000110D3E701F18FE000F020E36C309FE543
:103E4000002093E50020C2E1002083E5042093E5F3
:103E50000020C2E1042083E51EFF2FE14C309FE5E6
:103E6000002093E5022080E1F6FFFFEA3C309FE569
:103E7000042093E5022080E1042083E5002093E5FF
:103E80000020C2E1002083E51EFF2FE11C309FE5EA
:103E9000002093E5022080E1002083E5042093E5E3
:103EA000020080E1040083E51EFF2FE11EC600C072
:103EB00000D00050003050E2133F6F11FF30A003DC
:103EC00064009FE51F3063127330EF1683C190E7E3
:103ED00001005CE10D00001A04E02DE583E180E0C3
:103EE00004E09EE502005EE10400000A00005CE3DD
:103EF0000400001A831180E7830180E0042080E53C
:103F00000000A0E304F09DE40F00E0E304F09DE472
:103F100000005CE38311800783018000042080059A
:103F20000000A0030F00E0131EFF2FE10C8401D05E
:103F300024209FE5003050E2133F6F11FF30A003B3
:103F40001F3063120010A0E37330EF16831182E775
:103F5000832182E0041082E51EFF2FE10C8401D052
:103F60008021A0E10C0000E2050280E2182002E2BC
:103F70000D0A80E20FC0A0E3603090E51C32C3E17F
:103F8000113283E1603080E51EFF2FE18031A0E136
:103F90005001E1E7183003E214209FE5180080E2A9
:103FA000000192E70F20A0E3120300E03003A0E13C
:103FB0001EFF2FE100D00050B030D1E15330EBE7CD
:103FC000092C83E25220EBE7800052E30E00008AC6
:103FD000042091E508D04DE25FF07FF5053283E2E1
:103FE000002083E5B030D1E15330EBE7053283E2C6
:103FF000003093E55FF07FF504308DE50000A0E32D
:1040000004309DE508D08DE21EFF2FE18500E0E33E
:104010001EFF2FE1B030D1E15330EBE7092C83E2F2
:104020005220EBE7800052E30E00008A042091E565
:1040300008D04DE25FF07FF5453283E2002083E552
:10404000B030D1E15330EBE7453283E2003093E505
:104050005FF07FF504308DE50000A0E304309DE5BE
:1040600008D08DE21EFF2FE18500E0E31EFF2FE167
:10407000B030D1E110402DE90240A0E15330EBE730
:10408000082700E3020053E11B00000A482700E371
:10409000020053E11D00000A070C53E30600001A5A
:1040A000043091E5010853E30D00000A0400008A82
:1040B000023B43E2023BD3E30C00000A8500E0E34D
:1040C0001080BDE8023643E20236D3E3FAFFFF1A5E
:1040D00090009FE5350E00EB000084E50000A0E3B2
:1040E0001080BDE880009FE5130F00EBF9FFFFEAA9
:1040F00078009FE58B0E00EBF6FFFFEA043091E5B8
:10410000010C53E3ECFFFF1A64009FE5F5FFFFEAA3
:10411000043091E5100053E30C00000A0500008A0A
:10412000040053E30D00000A080053E344009F0518
:10413000EFFFFF0AE0FFFFEA200053E30500000A5B
:10414000400053E330009F05E1FFFF0ADAFFFFEA7A
:1041500028009FE5DEFFFFEA24009FE5DCFFFFEA81
:1041600020009FE5E2FFFFEA001C0068001C006FD2
:10417000001C006B001C006A00E0006C0000076976
:10418000001C006900E00069001C006C0532A0E31F
:10419000012CA0E3202483E5282493E5010C12E3FD
:1041A000FCFFFF0A282493E5010012E30500001A32
:1041B0000120A0E3202483E50522A0E3283492E532
:1041C000010013E3FCFFFF0A0522A0E3152D82E2A4
:1041D000003092E50330C3E3013083E3003082E531
:1041E000003092E55FF07FF5000053E3FBFFFFAA8C
:1041F0000522A0E34A2E82E2003092E51030C3E3AC
:10420000003082E5003092E55FF07FF5100013E3A7
:10421000FBFFFF1A0512A0E3A03491E52030C3E3B1
:10422000A03481E5003092E55FF07FF5200013E3D4
:10423000FBFFFF1A0522A0E34A2E82E2003092E53E
:104240004030C3E3003082E5003092E55FF07FF557
:10425000400013E3FBFFFF1A0532A0E3A42493E51B
:104260001F20C8E7522082E3A42483E5A42493E519
:104270005220E8E7520052E3FBFFFF1AA42493E523
:104280003F28C2E3012882E3A42483E50532A0E3AA
:10429000A42493E53F2802E2010852E3FBFFFF1A42
:1042A000A82493E57F20C2E3A82483E50522A0E3A8
:1042B000A83492E57F0013E3FCFFFF1AAC3492E5CB
:1042C000501505E3F80F0FE39F31CFE7013083E18D
:1042D000AC3482E50532A0E3AC2493E5002002E093
:1042E000010052E1FBFFFF1AA02493E5012082E3C5
:1042F000A02483E50532A0E3A02493E5020012E3A5
:10430000FCFFFF0AA02493E5102082E3A02483E5AC
:1043100038209FE5003092E55FF07FF5100013E351
:10432000FBFFFF0A0522A0E3403592E50330C3E31B
:10433000023083E3403582E5403592E5033003E205
:10434000020053E3FBFFFF1A0000A0E31EFF2FE172
:10435000A00400500F0050E30500008AF4330EE380
:104360003330A0E1010013E38500E0030000A01357
:104370001EFF2FE18500E0E31EFF2FE170402DE9D5
:10438000B000D1E1042091E55000EBE75258E4E79A
:10439000EFFFFFEB000050E30D00001A7240FFE654
:1043A000051284E2003091E55FF07FF55FF07FF564
:1043B000D2EAE1E700C0E0E3222CA0E101E08EE2D6
:1043C0001CCEE0E11C35C3E1123583E1003081E50C
:1043D0007080BDE88500E0E37080BDE8B000D1E109
:1043E0005000EBE7093C80E25330EBE7800053E3F9
:1043F0000900008A050280E2000090E55FF07FF589
:10440000043091E50030D3E10900000A0100A0E387
:104410001EFF2FE10100A0E31080BDE810402DE950
:10442000CBFFFFEB000050E3F9FFFF1A0200A0E30F
:104430001080BDE80200A0E31EFF2FE110402DE92F
:1044400028009FE5DE0E00EB000050E30500000AA7
:104450001C009FE545FCFFEB14009FE567F7FFEBB1
:104460000000A0E31080BDE81200E0E31080BDE88A
:1044700068B200C0784400C00A0050E370402DE9E3
:104480000040A0E130509FE50400001A083095E597
:104490000D10A0E30500A0E1043093E533FF2FE108
:1044A000083095E57410EFE60C009FE5043093E5C5
:1044B00033FF2FE10400A0E17080BDE868B200C0C6
:1044C00010402DE9043090E5040093E5BC0E00EBAC
:1044D000000050E31200E0030000A0131080BDE8CC
:1044E00070402DE90250A0E1043090E520D04DE26B
:1044F0000040A0E31C20D3E50510CDE505108DE2BA
:1045000008108DE5080052E3040093E50220A01393
:10451000B830D3E10120A00318208DE50110A0E3FD
:104520000C108DE50720A0E3B640CDE106108DE22A
:104530001040CDE514108DE51C20CDE51C20DDE5F7
:1045400008108DE2022082E31C20CDE5082090E5D2
:10455000086092E50220A0E336FF2FE1000050E35F
:104560000400A0A1B630DDA1B030C5A120D08DE2FD
:104570007080BDE81F402DE9043090E50120CDE5B5
:104580001C00D3E52224A0E10220CDE5080050E381
:10459000040093E50D20A0E1B830D3E103C0A013DF
:1045A0000010CDE502C0A00304108DE90220A0E3B5
:1045B0000C20CDE50C20DDE504108DE2022082E325
:1045C0000C20CDE5082090E5084092E50120A0E30D
:1045D00034FF2FE1C00F00E010D08DE21080BDE865
:1045E0000030A0E10120A0E130402DE90410D3E526
:1045F000B630D3E1000090E5023083E138209FE53A
:1046000001E0A0E3104090E50320D2E100C094E572
:1046100003372302085090E5010013E31EE1A0E1F7
:104620000126C3E30E308C110E30CC01003084E53E
:10463000003095E53040BDE813FF2FE10100100088
:10464000043090E51CC0D3E5203093E510005CE316
:104650008110A0017110EF0613FF2FE1043090E5E7
:104660001CC0D3E5243093E510005CE38110A00169
:104670007110EF0613FF2FE12F0F00EA0C0081E20B
:10468000891000EA520F00EAF0412DE9043090E56C
:10469000104090E50C3093E5000053E38540E003C3
:1046A0001300000A0150A0E10270A0E1B51000EB78
:1046B000006050E20A40E0130D00001A048084E21A
:1046C0000030E0E30020E0E30800A0E1ECFFFFEBB6
:1046D000141094E5000051E30630A0111000001AF8
:1046E000000057E31540E0031A00001A0800A0E19B
:1046F000E0FFFFEB0400A0E1F081BDE8002083E5CE
:10470000182094E5020055E1183084050D0000EAF8
:10471000002091E50130A0E1000052E3EFFFFF0A25
:104720000210A0E1050051E1F8FFFF1A002095E515
:10473000000053E3F0FFFF1A183094E5142084E5DD
:10474000030055E1182084050030A0E3030057E181
:10475000003085E50500000A143094E5003085E559
:10476000183094E5145084E5000053E31850840594
:104770000040A0E3DCFFFFEAF74F2DE90350A0E182
:10478000043090E5104090E50C3093E5000053E3D1
:104790008550E0032C00000A0060A0E101B0A0E118
:1047A0000270A0E1771000EB000050E30A50E01324
:1047B0002500001A043084E20020E0E304308DE597
:1047C000040084E20030E0E3ADFFFFEBB4A4D4E1E9
:1047D000010557E3B694D4E1B884D4E11D00000A82
:1047E000050557E32C00000A020657E30130A00339
:1047F00013ABCA010A20A0E10210A0E30600A0E169
:1048000095FFFFEB005050E20D00001AB4A4C4E184
:104810000920A0E10310A0E30600A0E18EFFFFEB5A
:10482000005050E20600001AB694C4E10820A0E14E
:104830000410A0E30600A0E187FFFFEB005050E268
:10484000B884C40104009DE58AFFFFEB0500A0E1E8
:104850000CD08DE2F08FBDE80110A0E3010355E319
:10486000111BA0E17110FFE60AA081E1088081E13F
:104870000700000A060455E38550E003F0FFFF0A35
:10488000020455E309908101D9FFFF0A1550E0E3C6
:10489000EBFFFFEA0190C9E1D5FFFFEA0110A0E3B9
:1048A000010355E3111BA0E17110FFE60120E0E1D7
:1048B0000AA081E17230FFE6028008E00A00000AE7
:1048C000060455E30E00000A020455E3EEFFFF1A4A
:1048D000BC23D4E1023003E0BC33C4E1BE33D4E1F5
:1048E000033081E1BE33C4E1C1FFFFEABC23D4E160
:1048F000022081E1BC23C4E1BE23D4E1023003E005
:10490000F7FFFFEABC33D4E1033081E1BC33C4E1FB
:10491000BE33D4E1031081E1BE13C4E1B4FFFFEA6A
:10492000F0412DE90050A0E1106090E50180A0E188
:10493000141000EB000050E30A50E0130F00001ABF
:10494000047086E20020E0E30030E0E30700A0E12D
:104950004BFFFFEBB245D6E10500A0E10910A0E353
:10496000084024E07440FFE60420A0E13AFFFFEB9A
:10497000005050E20700A0E1B245C6013DFFFFEB49
:104980000500A0E1F081BDE8F0412DE90050A0E173
:10499000106090E50180A0E10240A0E1F90F00EB7A
:1049A000000050E30A50E0131100001A047086E280
:1049B0000020E0E30030E0E30700A0E130FFFFEB80
:1049C000B235D6E10500A0E10910A0E3034024E0E0
:1049D000084004E07440FFE6034024E00420A0E126
:1049E0001DFFFFEB005050E20700A0E1B245C601F9
:1049F00020FFFFEB0500A0E1F081BDE80020A0E36F
:104A0000E0FFFFEA0120A0E1DEFFFFEA73402DE9AD
:104A10000040A0E1105090E50160A0E1D90F00EB4B
:104A2000000050E30A40E0130D00001A045085E234
:104A30000030E0E30020E0E30500A0E110FFFFEB21
:104A40000400A0E106208DE20910A0E3FBFEFFEBCD
:104A5000004050E20500A0E1B630DD0100308605DF
:104A600004FFFFEB0400A0E108D08DE27080BDE8F8
:104A7000F84F2DE90060A0E1044090E50180A0E13D
:104A8000107090E50250A0E1BE0F00EB000050E373
:104A90000A40E0130D00001A047087E20020E0E3F2
:104AA0000030E0E30700A0E1F5FEFFEB022815E28D
:104AB0000B00000A1D10D4E5D530E0E7010053E1FA
:104AC0000400000A8540E0E30700A0E1E9FEFFEBF7
:104AD0000400A0E1F88FBDE85511E0E7030051E1C3
:104AE000F7FFFF1A10A096E50130A0E3000052E3A3
:104AF000B094DAE11338A0E1B2B5DAE17330FFE641
:104B0000039089010700000A0320E0E1020715E392
:104B100003B08B117220FFE60100001A010715E3B4
:104B200002B00B10029009E00B20A0E10910A0E3F5
:104B30000600A0E1C8FEFFEB004050E20700001AAB
:104B4000B2B5CAE10410A0E10920A0E10600A0E18D
:104B5000C1FEFFEB004050E2B094CA010100000A20
:104B6000000054E3D7FFFFBA109096E5200015E34C
:104B7000BC24D9E1D2FFFF1A0130A0E3100015E3F5
:104B80000610A0E30600A0E11338A0E10350821153
:104B90000350C2017550FF160520A0E1AEFEFFEBE9
:104BA000004050E2BC54C901C6FFFFEA73402DE942
:104BB000286040E2105010E50020E0E30030E0E320
:104BC0000040A0E10600A0E1ADFEFFEB04208DE275
:104BD0000710A0E30500A0E198FEFFEB000050E302
:104BE0002C00001AB430DDE1000053E32900000A74
:104BF00006208DE20810A0E30500A0E18FFEFFEB88
:104C0000000050E32300001ABC21D4E10600A0E11B
:104C1000B831D4E1B610DDE1023003E0B021D4E1D7
:104C2000012002E0023083E1B221D4E10120C2E19F
:104C3000023083E1B420DDE1023003E0B430CDE1A5
:104C40008CFEFFEB181014E5000051E3B460DD1199
:104C5000004091150C00001A08D08DE27080BDE86C
:104C6000082091E5022016E00200000A043091E5D8
:104C70000500A0E133FF2FE1000054E30410A0E1A0
:104C80000430A001003094150340A0E1000051E37E
:104C9000F2FFFF1AEFFFFFEA0600A0E175FEFFEB4F
:104CA000ECFFFFEAF0412DE9044090E5105090E55B
:104CB0001C10D4E5081041E2F78011E26900001AE7
:104CC000283094E50060A0E133FF2FE1000050E3BD
:104CD000F081BDB8047085E20120A0E30810A0E1D6
:104CE0000700A0E1870D00EB143094E5000053E3CA
:104CF0000600001A0C3094E5000053E31A00001A75
:104D00000700A0E15BFEFFEB0000A0E3F081BDE83F
:104D10001A18A0E3140084E230FEFFEB000050E319
:104D20000100000A0400E0E3F081BDE80200A0E316
:104D3000D01100EB140094E518C0D4E5102090E5E4
:104D400001E0A0E3083090E5002092E51E1CA0E100
:104D50001E2C12E0103093050C30931533FF2FE119
:104D6000000050E3E2FFFF0AEDFFFFEA1C30D4E54C
:104D7000100053E30800001A108096E5402004E379
:104D80000510A0E30600A0E133FEFFEB000050E3B6
:104D9000E3FFFF1A403004E3BA34C8E10C0094E5A5
:104DA0000C8084E2860C00EB000050E32F00000A28
:104DB000C0109FE52C0085E21C6085E59B0E00EB92
:104DC0000118A0E30800A0E104FEFFEB000050E39F
:104DD000D3FFFF1A1030D4E50160A0E398209FE5CF
:104DE000201085E21633A0E1F422C5E10C0094E521
:104DF000083090E51C3093E5000053E3C8FFFF0A3C
:104E00000620A0E133FF2FE1000050E3C4FFFF1AAA
:104E1000B231D4E10C0094E51010D4E5403003E247
:104E200008C090E5102090E518409CE5000054E390
:104E3000BBFFFF0A002092E5162112E00525A0E342
:104E4000173583030F352312F934C3E3FF38C3E367
:104E5000FF3CC3E3BF30C3E334FF2FE1000050E366
:104E6000A6FFFF0AAEFFFFEA1500E0E3F081BDE810
:104E70001200E0E3F081BDE8AC4B00C07C4600C00E
:104E8000043090E50000A0E3043093E5103093E592
:104E9000003081E51EFF2FE1043090E5043093E5FA
:104EA000140093E5002022E0012002E0002022E02F
:104EB0000000A0E3142083E51EFF2FE1043090E5FD
:104EC000043093E5183083E25FF07FF5001083E54E
:104ED0000000A0E31EFF2FE1043090E50000A0E3F6
:104EE0000118A0E1043093E5181083E51EFF2FE1BF
:104EF000043090E5043093E5143083E2002093E51C
:104F00005FF07FF55FF07FF5021021E0001083E590
:104F10000000A0E31EFF2FE104E02DE5103090E536
:104F2000080093E5000050E300C0A0130D00001A34
:104F3000000052E31800001A1500E0E304F09DE4BD
:104F400000008CE50C0093E5000051E10CC08305E6
:104F50000D0000EA00E090E500C0A0E100005EE383
:104F6000F2FFFF0A0E00A0E1010050E1F8FFFF1A76
:104F7000000091E500005CE3F0FFFF1A0CC093E530
:104F8000080083E50C0051E10C0083050000A0E35C
:104F9000000052E1000081E50500000A082093E5C9
:104FA000002081E50C2093E5081083E5000052E322
:104FB0000C1083050000A0E304F09DE4F0472DE908
:104FC0000280A0E1049090E50070A0E10150A0E112
:104FD0000360A0E1080099E578FBFFEB020658E3C7
:104FE0000F00001A084099E50500A0E1E6FBFFEB81
:104FF000000054E10800001A0510A0E16FFBFFEB70
:105000000040A0E180FBFFEB0400A0E1C7FBFFEB49
:105010000010A0E30400A0E181FBFFEB0000A0E38F
:10502000F087BDE8010558E31B00000A010356E3C1
:105030000040A0E10600000A060456E31400000A3E
:10504000020456E30260A0030200000A1500E0E338
:10505000F087BDE80160A0E34C109FE50720A0E1C8
:105060000400A0E192FBFFEB000050E30C00001AEB
:10507000081099E50500A0E1B8FBFFEB0400A0E1F2
:105080000610A0E166FBFFEB0400A0E14FFBFFEB85
:10509000E1FFFFEA0360A0E3EEFFFFEA8500E0E343
:1050A000F087BDE80F00E0E3F087BDE8845100C061
:1050B00002C812E270402DE90140A0E1106090E5C5
:1050C000305002E21700000A020012E30400000A56
:1050D000040012E30ACAA0130200001A8500E0E3EC
:1050E0007080BDE802CAA0E3020712E301C68C1378
:1050F000100055E301C78C030100000A200055E3AE
:1051000002C78C03035812E20B00000A043096E534
:105110003314A0E1010011E30110A0031134830155
:1051200004308605040000EA010812E3EFFFFF1ACD
:10513000000055E306CAA003E7FFFF1A030712E3C6
:105140000410A0E18223A0E10130A013032802E2B1
:105150000030A0030C2082E1BAF4FFEB000055E31D
:105160000500001A043096E53324A0E1010012E3A3
:105170000120A0131234C311043086150000A0E3EF
:105180007080BDE870402DE90160A0E1103091E52C
:10519000081093E5000051E30050A0110040911564
:1051A0007080BD08000051E37080BD08082091E5C3
:1051B000022015E00200000A043091E50600A0E19B
:1051C00033FF2FE1000054E30410A0E10430A001FC
:1051D000003094150340A0E1F1FFFFEA103090E5A4
:1051E0005020D3E5000052E30000A0130400E003C8
:1051F00020309315003081151EFF2FE110402DE95E
:105200000020A0E3A010A0E34000A0E317F8FFEB0C
:105210004000A0E313F8FFEB4100A0E30020A0E36F
:10522000A010A0E311F8FFEB1040BDE84100A0E39F
:105230000CF8FFEA10402DE90020A0E3A010A0E345
:105240007D00A0E309F8FFEB7D00A0E305F8FFEB8C
:105250007E00A0E30020A0E3A010A0E303F8FFEB92
:105260001040BDE87E00A0E3FEF7FFEA10402DE904
:105270000020A0E3A010A0E39200A0E3FBF7FFEB67
:105280009200A0E3F7F7FFEB9300A0E30020A0E378
:10529000A010A0E3F5F7FFEB1040BDE89300A0E3FA
:1052A000F0F7FFEAF7432DE90380A0E10830D1E5EC
:1052B0000250A0E1109090E50070A0E1043083E37B
:1052C0000140A0E10830C1E50120A0E30130A0E1E8
:1052D000050052E10600009A109089E20020E0E308
:1052E0000030E0E30900A0E10060A0E3380C00EB2F
:1052F000190000EA0800002A0810D3E51400D3E5DD
:1053000000C021E001001CE30100000A040010E3DA
:105310001800000A020011E31600001A012082E2C0
:105320000C3083E27220EFE6E8FFFFEA010055E36C
:105330000700A0E1143084120030A00308018DE8BA
:105340000E0094E8930100EB006050E2040000BA04
:10535000015045E20C4084E27550EFE6000055E351
:10536000F1FFFF1A0900A0E1F30B00EB0600A0E13A
:105370000CD08DE2F083BDE81560E0E3FAFFFFEAB0
:10538000042090E5000051E3103090E50C2092E5F8
:105390005210C3E5003092050336C3030030820586
:1053A0001EFF2FE1F7402DE90040A0E1043090E519
:1053B0000170A0E1106090E50020A0E398009FE557
:1053C0000C5093E5041093E5083090E504208DE53A
:1053D0000C3093E5020053E10300001A0440E0E3BF
:1053E0000400A0E10CD08DE2F080BDE804208DE245
:1053F00033FF2FE1000050E3F7FFFFBA207086E58E
:10540000107086E20020E0E30030E0E30700A0E156
:10541000EF0B00EB003095E50400A0E10130C3E3A1
:10542000003085E55210D6E5D4FFFFEB04109DE572
:10543000EF0000EB004050E2040000BA5130D6E526
:10544000000053E3003095150130831300308515BB
:105450000700A0E1B80B00EBE0FFFFEAE0B000C0FE
:1054600070402DE90040A0E1046090E5105090E507
:105470000020E0E30010A0E30500A0E1A10B00EB99
:10548000003096E50400A0E133FF2FE10030A0E3F7
:105490005030C5E55230C5E50120A0E3100085E29B
:1054A0000210A0E1970B00EB0400A0E1260000EB46
:1054B000101096E578309FE5030051E10610A00337
:1054C0000900000A1000008A68309FE5030051E1DE
:1054D0000210A0030400000A5C309FE5031041E0C5
:1054E000111F6FE1A112A0E10111A0E1101081E3F1
:1054F0000400A0E1AAFFFFEB000050E30130A0A3ED
:105500000000A0A35030C5A57080BDE82C309FE5F9
:10551000030051E10810A003F3FFFF0A613983E2A1
:105520002A3C83E2030051E10A10A0030010A013FB
:10553000EDFFFFEA40420F00A0860100801A06003E
:1055400040E133003A0000EA900000EA13402DE900
:105550000010A0E3044090E504208DE2140094E5DF
:105560007C0100EB000050E3100000BA04309DE520
:105570000020A0E30410D3E5000093E5850100EBD3
:10558000000050E3090000BA28009FE5041094E5EC
:10559000083090E5003093E5000053E30200000A74
:1055A00033FF2FE1000050E30000000A0400E0E3B5
:1055B00008D08DE21080BDE8E0B000C0043090E576
:1055C000101090E50C3093E5002093E50220C2E333
:1055D000002083E5002093E50420C2E3002083E55A
:1055E000002093E52020C2E3002083E5002093E51E
:1055F0001020C2E3002083E5002093E54020C2E3B1
:10560000002083E55120D1E5000052E300209305FE
:105610008020C203002083051EFF2FE1442090E577
:10562000000052E31EFF2F010020A0E3442080E58C
:10563000410B00EA10402DE9043090E5101090E590
:105640000C3093E518C083E200209CE55FF07FF505
:1056500000E093E55FF07FF5100012E30700000A19
:105660001C2093E5102082E31C2083E50130A0E399
:10567000383081E500309CE55FF07FF51080BDE8B3
:10568000200012E30800000A1C2093E5202082E39A
:105690001C2083E50120A0E3182083E5C6FFFFEB73
:1056A0001040BDE8100090E5DBFFFFEA040012E3C4
:1056B0000900000A243093E54C2091E50030C2E552
:1056C000483091E5013043E2483081E54C3091E5C6
:1056D000013083E24C3081E5E5FFFFEA800012E310
:1056E0001200000A40001EE31000000A043083E2AA
:1056F000002093E55FF07FF548E091E500005EE370
:10570000E5FFFF0AFF005EE30200009A5FF07FF50D
:10571000002083E5D6FFFFEA4010D1E5FF28C2E371
:105720000E2882E1000051E30124C203F6FFFFEAE4
:10573000020012E30900000A4C2091E50020D2E5A6
:10574000282083E5482091E5012042E2482081E5B8
:105750004C2091E5012082E24C2081E5C4FFFFEA64
:10576000400012E3C2FFFF0A40001EE3C0FFFF0A31
:10577000442091E50820D2E5020012E3C6FFFF0AAB
:10578000042093E5012982E3042083E5B8FFFFEAC2
:10579000043090E50C3093E5182093E5020C12E3F9
:1057A0000C00000A10402DE90040A0E11C2093E508
:1057B000101090E5022C82E31C2083E50130A0E369
:1057C000343081E57CFFFFEB100090E592FFFFEBAA
:1057D0000400E0E31080BDE8182093E50000A0E39A
:1057E000010C12E31C209315012C82131C2083153D
:1057F0001EFF2FE1F74F2DE904C090E5103090E532
:105800000000A0E30CE09CE504308DE56C719FE5A1
:105810001C309CE568819FE568919FE568A19FE544
:1058200068B19FE500308DE500309DE5000053E153
:1058300004309DE5202093E52200001AD220E2E703
:10584000010052E34300000A020052E34900001A3B
:10585000147500E3966FA0E37D5FA0E3774100E35A
:105860002C819FE50200A0E3012040E211F232E723
:1058700018F232E716F23CE701C04CE2FF005CE3AD
:105880003900008A17F233E7013043E2FF0053E3A7
:105890003500008A14F239E70F0059E33200008A1C
:1058A00015F232E7012042E20F0052E32E00008A97
:1058B000093883E1020040E2003E83E1023A83E1DD
:1058C0000C3483E1160000EA18609CE50C30A0E37C
:1058D000930005E0054086E0043094E5070053E1BD
:1058E0000630A0030700000A1100008A0A0053E1F5
:1058F0000230A0030300000A0B3043E0133F6FE1C6
:10590000A332A0E10331A0E1023023E00E0013E353
:105910000E00001A053096E7010053E10B00001A53
:10592000083094E510308EE50000A0E30CD08DE245
:10593000F08FBDE8080053E10830A003F1FFFF0A33
:10594000090053E10A30A0030030A013EDFFFFEA85
:10595000010080E2B3FFFFEA5C7201E3FA6EA0E3AC
:10596000E25400E37D4FA0E3BCFFFFEA010080E2C8
:10597000110050E3BBFFFF1A1500E0E3EAFFFFEA66
:1059800040420F0040E13300404B4C00A086010034
:10599000801A060000CA9A3BF0432DE914D04DE26C
:1059A000104090E504908DE230709DE50050A0E13C
:1059B0000E0089E8043090E5B483DDE10C6093E5E6
:1059C0000400A0E19E0A00EB08309DE50610A0E16E
:1059D000449084E5483084E504309DE54C3084E50E
:1059E0000030A0E3343084E5383084E53C3084E591
:1059F0000130A0E3183086E5003096E5013083E3FE
:105A0000043081E4003091E55FF07FF5180086E214
:105A1000000090E55FF07FF5202094E50CC0DDE507
:105A2000FF37C3E3010012E3C23BC3E3028B8813D9
:105A3000DC20E0E7FF3FC3E3012022E20330C3E3C1
:105A40000330881188308301000057E30020A00351
:105A500001200212000052E30300000A00E0D7E533
:105A600004001EE3013483030020A0134020C4E59A
:105A700008209DE5FF0052E3023883917F3783833E
:105A800003388383800010E31100001A01001CE337
:105A9000013B83130D00001A102095E5013BC3E381
:105AA000480092E5000050E30800000A4C0092E52F
:105AB0000000D0E5280086E5480092E5010040E2BC
:105AC000480082E54C0092E5010080E24C0082E54E
:105AD000023A83E35FF07FF5003081E5003096E520
:105AE000F63083E3003086E50C60DDE5104095E597
:105AF000045095E5026006E20030A0E3882301E34C
:105B00000400A0E1320A00EB383094E5000053E3D2
:105B10000400E0130300001A343094E5030090E120
:105B20000400E0130000A003002050E25130D4E54F
:105B30000120A013A62082E1013023E2030012E13C
:105B40000C209515003092150130C31300308215DA
:105B500014D08DE2F083BDE804E02DE5003090E53F
:105B6000003082E504E0D0E500C090E58EC18CE015
:105B70000C0053E10100003A0100E0E304F09DE471
:105B800005C0D3E5083083E201005CE1F3FFFF1AB2
:105B90000000A0E304F09DE4F0412DE90040A0E105
:105BA000015180E0050054E10100001A0000A0E36B
:105BB000F081BDE8046094E4D672E3E71F0006E2DA
:105BC00012F2FFEB000050E30600000A0130A0E3F0
:105BD0000620A0E10710A0E11AF2FFEB000050E35D
:105BE000EFFFFFAAF081BDE81200E0E3F081BDE81D
:105BF000043090E5D102EBE71F1001E2003093E59D
:105C0000033090E70100A0E3103113E00030A01151
:105C10000030A0030030C2E50000A0E31EFF2FE12A
:105C2000043090E501C0A0E3D102EBE71F1001E2D0
:105C3000002093E5023090E71C3183E1023080E7D9
:105C40000000A0E31EFF2FE1043090E501C0A0E3B7
:105C5000D108EBE71F1001E2002093E5023090E746
:105C60001C3183E1023080E70000A0E31EFF2FE13A
:105C700070402DE90040A0E10150A0E1E7FFFFEBFB
:105C80000510A0E10400A0E1EEFFFFEB0000A0E39F
:105C90007080BDE8010011E30200000A003090E5C9
:105CA0003B0053E32C00008A020011E30200000ACB
:105CB000043090E53B0053E32700008A040011E321
:105CC0000200000A083090E5170053E32200008A22
:105CD000100011E30200000A103090E50B0053E3BE
:105CE0001D00008A080011E30300000A0C3090E553
:105CF000013043E21E0053E31700008A200011E345
:105D00000200000A143090E5C70053E31200008A35
:105D1000400011E30200000A183090E5060053E34A
:105D20000D00008A800011E30300000A1C2090E5AA
:105D30006D3100E3030052E10700008A010C11E31A
:105D40000700000A240090E51C309FE5030050E1A5
:105D50000000A0830100A0931EFF2FE10000A0E33C
:105D60001EFF2FE10100A0E31EFF2FE1FFC99A3BB8
:105D70002032A0E10F0000E2033183E0830080E0E5
:105D80007000EFE61EFF2FE10A20A0E310F233E7D8
:105D9000920360E0030280E17000EFE61EFF2FE156
:105DA000120F6FE10230A0E1A002A0E1010051E377
:105DB00001008083000050E34F20A0031500E01392
:105DC000B020C3011EFF2FE101C0A0E104E02DE5DA
:105DD000101090E500E00FE180E00EE280000CF191
:105DE00000005CE30300000A01005CE31500E0131F
:105DF0000200001A0C1081E20000A0E3F020C1E1D3
:105E000000005EE304F09D14800008F104F09DE4BE
:105E1000103090E500200FE1802002E280000CF1BC
:105E2000000051E30300000A010051E31500E013F4
:105E30000500001A0C3083E280000CF10800D3E565
:105E40000010A0E30810C3E5800008F1000052E351
:105E50001EFF2F11800008F11EFF2FE1000053E309
:105E6000000052135600000AF0412DE90160A0E144
:105E700000800FE1808008E280000CF1010051E316
:105E80001500E0833400008A3C519FE50270A0E1D8
:105E90000010E0E32820A0E30300A0E10340A0E11C
:105EA0001D1100FB000056E32F00001A400095E58D
:105EB0007F0000E2ADFFFFEB000084E5400095E5C8
:105EC0005004E6E7A9FFFFEB040084E5400095E5F8
:105ED0005008E5E7A5FFFFEB080084E5400095E5E5
:105EE000500CE3E7A1FFFFEB180084E5400095E5C7
:105EF000500CE5E79DFFFFEB0C0084E5402095E5A5
:105F00007F24C2E37F28C2E37F2CC2E37F20C2E369
:105F1000D233E0E7020912E3013023E27330FFE6F7
:105F200002308303020512E304308303000052E3CE
:105F3000070000BA90209FE5000056E3402092053C
:105F400048209215522CE3E7000052E340308313BF
:105F500008308303B030C7E10000A0E3000058E33D
:105F6000F081BD18800008F1F081BDE8480095E59A
:105F70007F0000E27DFFFFEB000084E5480095E52F
:105F80005004E6E779FFFFEB040084E5480095E55F
:105F90005008E5E775FFFFEB080084E5480095E54C
:105FA000500CE3E771FFFFEB180084E5480095E52E
:105FB000500CE5E76DFFFFEB0C0084E5482095E50C
:105FC000CEFFFFEA1500E0E31EFF2FE10040005C7A
:105FD00014309FE5000050E3182093E5012AC20326
:105FE000022AC213182083E51EFF2FE10040005C47
:105FF00014309FE5000050E3182093E5012CC20304
:10600000022CC213182083E51EFF2FE10040005C24
:10601000F0412DE90050A0E1C8609FE5104090E5F7
:10602000503096E5010013E31100000A0170A0E36F
:106030005FF1FFEBCA30A0E3243086E55330A0E3E4
:10604000243086E5FF30A0E35C7086E5243086E5E9
:106050006EF1FFEB003094E50870C4E5000053E3F7
:106060000300000A042094E50010A0E30500A0E16D
:1060700033FF2FE16C609FE5503096E5020013E39B
:106080001100000A4AF1FFEBCA30A0E3243086E594
:106090005330A0E3243086E50230A0E35C3086E58F
:1060A000FF30A0E3243086E558F1FFEB0C3094E597
:1060B0000110A0E31410C4E5000053E30200000A3D
:1060C000102094E50500A0E133FF2FE11300A0E3C9
:1060D00072F5FFEB000050E3F081BD08F041BDE830
:1060E0001300A0E380F5FFEA0040005C38309FE534
:1060F000043093E5FF34C3E3C030C3E3232AA0E1B7
:106100000308A0E13F0800E2020280E15328E3E730
:10611000020080E18325A0E11F3C03E2072402E2A4
:10612000020080E1030080E11EFF2FE10040005CDF
:1061300020309FE5002093E51C309FE5033002E00E
:106140007F2002E23F0803E27F3C03E2020080E19D
:10615000030080E11EFF2FE10040005C7F7F3F00D5
:10616000F0472DE9004051E2047090E54100000A3B
:1061700000900FE1809009E280000CF1FC809FE527
:106180000C3098E5100013E30400001A000059E3F6
:106190000000001A800008F13C00E0E3F087BDE851
:1061A000D1FFFFEB0050A0E1E0FFFFEB0060A0E1BA
:1061B000081098E5083098E5010053E1FBFFFF1A4D
:1061C000DAFFFFEB060050E1F6FFFF1AC6FFFFEB18
:1061D000050050E1F1FFFF1A000059E30000001A2A
:1061E000800008F17500EFE6E0FEFFEB640080E25E
:1061F000140084E55504E7E7DCFEFFEB010040E214
:10620000100084E55508E7E7255CA0E1D7FEFFEB29
:106210000C0084E5070055E35608E7E70050A003AB
:10622000185084E5D1FEFFEB080084E55604E7E74B
:10623000CEFEFFEB040084E57600EFE6CBFEFFEB3D
:10624000000084E50030A0E3042097E530009FE5DE
:10625000011042E0012082E2910081E032EDFFFA7C
:10626000240084E50030E0E31C3084E50000A0E376
:10627000203084E5F087BDE81500E0E3F087BDE855
:106280000040005C00CA9A3B70402DE948409FE501
:106290000C3094E5400013E30D00001A0C3094E537
:1062A000803083E30C3084E52A0400EB0050A0E149
:1062B0000C3094E5400013E30500001A250400EBC0
:1062C000053040E0FA0C53E3F8FFFF3A7300E0E3D7
:1062D0007080BDE80000A0E37080BDE80040005C75
:1062E000F74F2DE9147091E5767E87E20C7087E216
:1062F0007D0E57E34700003A186091E5010076E310
:106300004400000A083091E5000056E3D0A0C1E146
:10631000108091E50760A0030C9091E504308DE5B5
:1063200000300FE1803003E280000CF1EC509FE57B
:1063300000308DE59EF0FFEBCA10A0E3241085E548
:106340005310A0E3241085E5CEFFFFEB04309DE55C
:10635000004050E22100001A7300EFE689FEFFEBD7
:1063600004008DE57B00EFE686FEFFEB00B095E5CF
:106370000010A0E17A00EFE682FEFFEBA0C09FE5EF
:1063800004309DE50BC00CE000C08CE1300087E2DA
:1063900003C88CE17000EFE601C48CE100C085E524
:1063A00078FEFFEB0070A0E1010088E27000EFE6EC
:1063B00074FEFFEB048095E50010A0E17900EFE6A4
:1063C00070FEFFEB5C309FE5083003E0863683E12A
:1063D000003083E1073883E1010483E1040085E5AF
:1063E00038309FE50C2093E58020C2E30C2083E544
:1063F000FF20A0E3242083E584F0FFEB00309DE53F
:10640000000053E30000001A800008F10400A0E13E
:106410000CD08DE2F08FBDE81540E0E3FAFFFFEA13
:106420000040005C808080FFC00000FFF0472DE945
:106430000060A0E1A8719FE5049090E5105090E500
:106440005BF0FFEB088097E5081099E5003098E5D0
:10645000000053E30300001A0440E0E36BF0FFEB9D
:106460000400A0E1F087BDE80700A0E133FF2FE1C1
:10647000004050E2F7FFFF1A081099E50C3091E553
:10648000FF0053E30800000A183098E5081081E285
:10649000000053E3EFFFFF0A0420A0E10700A0E1A2
:1064A00033FF2FE1000050E3EAFFFFBA0522A0E32B
:1064B000CAC0A0E3003492E5013683E3003482E5EC
:1064C00020319FE5046096E5180093E5101093E5F0
:1064D000102093E5400010E324C083E553C0A0E3FF
:1064E00024C083E50700001A5130EEE7041096E55A
:1064F000010053E10300001A5238E6E7002096E558
:10650000020053E11400000A5EFFFFEB004050E27E
:106510000D00001ACC309FE5182093E54020C2E31F
:10652000182083E5102093E5041096E51F20CEE7A0
:10653000012082E1102083E5102093E5001096E50C
:106540007F28C2E3012882E1102083E594209FE5A3
:106550000C3092E58030C3E30C3082E584309FE557
:10656000182093E52227C2E3182083E5182093E53D
:10657000202082E3182083E5FF20A0E3242083E588
:1065800022F0FFEB0020A0E3A010A0E32300A0E393
:1065900036F3FFEB2300A0E332F3FFEB0020A0E390
:1065A0000110A0E31300A0E35DF4FFEB00200FE176
:1065B000802002E280000CF10030A0E3030052E1F1
:1065C000003085E5043085E5083085E50C3085E54B
:1065D000103085E5143085E5A0FFFF1A800008F132
:1065E0009EFFFFEAE0B000C00040005CF84F2DE9DC
:1065F0000390A0E1103090E50160A0E10240A0E12D
:1066000000700FE1807007E280000CF1000051E3A0
:106610000700000A010051E30C3083020400000A65
:106620001500E0E3000057E3F88FBD18800008F183
:10663000F88FBDE8192F6FE1A222A0E1000054E31A
:106640000010A01301100202000051E31100000A23
:106650000020A0E3002083E5042083E50820C3E5B3
:10666000D3EFFFEBB4129FE5CA30A0E30600A0E130
:10667000243081E55330A0E3243081E55BFEFFEB5D
:1066800052FEFFEBFF30A0E3243081E5DFEFFFEBAC
:106690000000A0E3E2FFFFEA4F30C4E3000053E351
:1066A00001208213000052E3DCFFFF1A0410A0E176
:1066B0000900A0E176FDFFEB000050E3D7FFFF0AE1
:1066C000BBEFFFEB54329FE5CA20A0E30600A0E138
:1066D000242083E55320A0E3242083E543FEFFEB41
:1066E0003AFEFFEB018014E234A29F050300000A8A
:1066F0000000D9E52CA29FE5A2FDFFEB0080A0E100
:10670000021014E20300000A0400D9E502A9CAE35A
:106710009CFDFFEB0010A0E1045014E20300000A0E
:106720000800D9E502A5CAE396FDFFEB0050A0E101
:1067300040B014E21900000A180099E502A1CAE36A
:10674000000050E31C00000A7000EFE60141A0E3E6
:106750008CFDFFEBC4319FE5CA20A0E3C8E19FE5B3
:10676000000056E3242083E55320A0E3242083E5A2
:10677000000CA0E101C4A0E10528A0E11100000A7D
:10678000000054E34500000A481093E5011181E33D
:10679000481083E5481093E50F14C1E3440000EA74
:1067A000084014E20500000A0C00D9E50B40A0E106
:1067B00002A1CAE373FDFFEBE5FFFFEA0141A0E39D
:1067C0000700A0E3E2FFFFEA401093E5000054E376
:1067D0000111C1030111811340108305401083157D
:1067E00040109305401093153F14C1030F14C113BB
:1067F000001081E1401083E520319FE5405093E592
:106800000E5005E0085085E10C1085E1025081E151
:10681000405083E5402093E50221C2E30225C2E314
:106820000229C2E38020C2E30A2082E1402083E5FE
:10683000442093E53F24C2E3442083E5DC309FE518
:10684000FF20A0E3000056E3242083E5CA20A0E354
:10685000242083E55320A0E3242083E5182093E53A
:106860002700001A012C82E3182083E50120A0E311
:106870005C2083E5182093E5012A82E3182083E554
:106880000110A0E30020A0E31300A0E3A4F3FFEBBA
:1068900088309FE5FF20A0E3242083E57AFFFFEA0C
:1068A000481093E50111C1E3481083E5481093E5D2
:1068B0003F14C1E3001081E1481083E55C309FE59F
:1068C000485093E50E5005E0085085E10C1085E135
:1068D000025081E1485083E5482093E50221C2E35C
:1068E0000225C2E30229C2E38020C2E30A2082E13A
:1068F000482083E54C2093E53F24C2E34C2083E508
:10690000CDFFFFEA022C82E3182083E50220A0E3FA
:106910005C2083E5182093E5022A82E3D6FFFFEA94
:106920000040005C8080808000808080808080FFCC
:10693000010A50E30500000A010250E30700001AB3
:10694000000051E30200A0030100A0131EFF2FE18D
:10695000000051E30400A0030300A0131EFF2FE179
:10696000000051E30300A0030200A0131EFF2FE16B
:10697000043090E5003093E51C0093E51C2093E57E
:10698000D001E0E7012002E2820080E11C2093E5D3
:10699000020012E31C2093E504008013040012E3BC
:1069A0001C2093E520008013010C12E3012CA0139E
:1069B0000800801320208315010010E30820A01395
:1069C00020208315020010E30120A013202083154E
:1069D000040010E30220A01320208315200010E300
:1069E0000420A013202083151EFF2FE137402DE93E
:1069F000004051E2005090E50200001A1500E0E36B
:106A00000CD08DE23080BDE80030A0E1040090E5BC
:106A1000101093E5083090E50C3093E5000053E347
:106A20005700E003F5FFFF0A04208DE233FF2FE15A
:106A3000000050E3F1FFFFBA003095E50239C3E3EF
:106A4000003085E504109DE5A41081E011F431E7E4
:106A50000F0051E37110FF860000A0830C108585A4
:106A6000E6FFFF8AE4FFFFEA043090E5003093E59B
:106A70001C2093E5800012E3FCFFFF0A00200FE1D9
:106A8000802002E280000CF11C0093E5800010E3FE
:106A90000300001A000052E3F4FFFF1A800008F11F
:106AA000F2FFFFEA281083E5000052E31EFF2F11DA
:106AB000800008F11EFF2FE1043090E5003093E5DF
:106AC0001C2093E5080012E30820A0132020831562
:106AD0001C2093E5200012E30000A0130000E00357
:106AE000243093150030C1151EFF2FE1F0412DE930
:106AF0000140A0E1103090E50520D4E5005093E579
:106B00000430D4E5041090E5010053E30260431221
:106B1000066CA003166F6F11A662A0110665A01186
:106B2000020052E38220A09102CAA083A0C19F95D7
:106B3000B2C09C910620D4E5020052E3133F6F01DE
:106B4000A332A001033EA0010500000A040052E3A5
:106B5000013AA0030200000A003053E20130A01302
:106B60000336A0E10770D4E5001091E5010057E37A
:106B7000002091E503ECA00300E0A013040055E120
:106B80001200001A0122C2E3162CC2E3062082E1A1
:106B9000032082E1002081E5043091E5033AC3E35C
:106BA0000C3083E1043081E5043090E5002093E56A
:106BB000083092E5033CC3E30E3083E1083082E500
:106BC000001095E5040090E5F041BDE886FFFFEA7E
:106BD000062C02E2020056E100209115062CC21399
:106BE0000620821100208115042090E5001092E516
:106BF000042091E5032A02E202005CE104209115E1
:106C0000032AC2130C20821104208115042090E570
:106C1000001092E5002091E5EF24C2E3FF28C2E3D3
:106C2000EF2CC2E3FF20C2E3020053E10400000A9C
:106C3000002091E50122C2E3012AC2E3032082E1A0
:106C4000002081E5043090E5031047E2111F6FE159
:106C5000002093E5A112A0E1083092E5033C03E295
:106C600003005EE108309215033CC3130E3083111C
:106C700008308215043090E5003093E5082093E554
:106C80005227E0E7020051E10400000A082093E5E2
:106C9000030057E30129C21301298203082083E579
:106CA000001094E5003095E5030051E10600000A6C
:106CB000040090E54CFFFFEB000050E3F081BD18AD
:106CC000003094E5003085E5F081BDE80000A0E3E8
:106CD000F081BDE8B4BD00C0F7402DE90060A0E13F
:106CE000044090E5040094E5101094E5083090E528
:106CF000003093E5000053E35700E0032A00000A48
:106D000033FF2FE1000050E3270000BA240094E590
:106D100004208DE20010A0E38EFBFFEB000050E3A7
:106D2000210000BA04309DE50020A0E30410D3E563
:106D3000000093E597FBFFEB000050E31A0000BA58
:106D4000045096E5103096E5004095E5007093E517
:106D5000003094E50130C3E3003084E5080095E598
:106D6000970400EB000050E31200E0030E00000A5D
:106D7000D800C5E1083090E50C3093E5000053E3FE
:106D80000000000A33FF2FE1003094E50710A0E176
:106D90000600A0E10C3083E3003084E552FFFFEBF6
:106DA000000050E30200000A1500E0E30CD08DE281
:106DB000F080BDE81830D5E5000053E308309415A5
:106DC00008308313083084151930D5E5000053E3EB
:106DD0000430941502398313043084151A30D5E534
:106DE000000053E3043094150138831304308415F4
:106DF0001B30D5E5000053E30430941502388313AB
:106E0000043084151C30D5E5000053E32600000A49
:106E1000D0309FE5130354E3030054110E00000A21
:106E2000C4209FE5C4309FE5020054E103005411E3
:106E30000900000AB8309FE5022A82E2020054E10C
:106E4000030054110400000AA8309FE5072A82E2DB
:106E5000020054E103005411D2FFFF1A043096E5FA
:106E6000002093E5083092E5013983E3083082E59C
:106E7000003094E51D20D5E53E36C3E3823A83E138
:106E8000003084E5003094E51E20D5E51F38C3E3CB
:106E9000023883E1003084E51F30D5E5000053E37C
:106EA0000830941502398313083084152030D5E555
:106EB000000053E300309415023283130030841530
:106EC000003094E5013083E3003084E51C3094E524
:106ED000020613E3FCFFFF0A1C3094E5010513E3EF
:106EE000FCFFFF0AB0FFFFEA0010004C00F000407A
:106EF000000001400030004400900140F0412DE9C5
:106F00000150A0E1043090E50020A0E105E0D5E5C6
:106F1000004093E5103090E50670D5E5006093E5FC
:106F20000430D1E5010053E302104312061CA00314
:106F3000111F6F11A112A0110115A01102005EE333
:106F40008E00A09102CAA08338C19F95B0C09C91C9
:106F5000020057E30B00000A040057E30200000A96
:106F6000000053E30300A0010A00000A010AA0E3A5
:106F7000038043E2010058E30600008A8530E0E325
:106F80000300A0E1F081BDE8000053E30000A0137E
:106F9000F6FFFF1A0102A0E3003053E20130A01314
:106FA000040057E30030A013000053E3F2FFFF1A80
:106FB000010A5CE30500000A030A5CE30230A00357
:106FC0000200000A00005CE30130A0030330A013BC
:106FD00003005EE1E8FFFF1A54FEFFEB000057E1FB
:106FE000E5FFFF1A0730D5E5000053E31400000A5F
:106FF000010053E32000001A8C309FE5130354E393
:10700000030054110E00000A80109FE580309FE5B8
:10701000010054E1030054110900000A74309FE597
:10702000021A81E2010054E1030054110400000A35
:1070300064309FE5071A81E2010054E10300541116
:10704000CDFFFF1A003094E50510A0E10200A0E199
:107050000130C3E3003084E5A3FEFFEB003050E2D3
:10706000C5FFFF1A002094E5012082E3002084E59B
:10707000030095E8030086E8C0FFFFEA030053E33E
:10708000DCFFFF0ABCFFFFEAB4BD00C00010004CEB
:1070900000F000400000014000300044009001403A
:1070A00010402DE90130A0E1102090E50040A0E162
:1070B000002092E5002092E5002081E5042090E583
:1070C000002092E5002092E5062C02E2010B52E33B
:1070D000062C42120220A003122F6F11A222A0112F
:1070E0000420C1E5042090E5002092E5042092E50B
:1070F000032A02E2010A52E30020A0030500000A6D
:10710000030A52E30220A0030200000A000052E337
:107110000120A0030320A0130520C3E5042094E56B
:10712000002092E5000092E5001092E5EF04C0E334
:10713000FF08C0E3061C01E2EF0CC0E3FF00C0E360
:10714000FAFDFFEB0600C3E50000A0E3042094E590
:10715000002092E5082092E5032C02E2032C42E293
:10716000122F6FE1A222A0E10720C3E5041094E5ED
:10717000001091E5081091E5010911E30320A01327
:107180000720C3E51080BDE870402DE90220A0E390
:10719000A010A0E31B00A0E334F0FFEB1E0F51ECA6
:1071A000192CA0E30030A0E35FE9FFFA50209FE52F
:1071B0000030A0E1F000C2E1190CA0E3933082E0BE
:1071C000902121E03C209FE5004093E0003082E5E3
:1071D000041082E50050A1E23E4F45EC333F1EEE25
:1071E000013083E3333F0EEE1B00A0E31DF0FFEB05
:1071F000333F1EEE0230C3E3333F0EEE0000A0E348
:107200007080BDE8008001D0088001D030402DE9B9
:1072100000100FE1801001E280000CF11E4F55ECD0
:1072200054209FE5193CA0E300E092E504C092E5FC
:107230000E0044E010F330E7930003E00E3093E0DB
:1072400000C0ACE2081082E830209FE5081092E808
:10725000003093E000C0ACE2081082E820309FE5E7
:107260000020A0E3002083E5333F1EEE023083E3DD
:10727000333F0EEE3040BDE8F50900EA088001D04A
:10728000008001D0A08501D0010070E30030A01380
:107290000130A003031011E01EFF2F117C309FE589
:1072A000010070E330402DE900E093E5044093E5F0
:1072B0000600001A03219EE20030A4E23E2F43ECB8
:1072C000333F1EEE0230C3E3333F0EEE3080BDE8A5
:1072D0004C209FE5195CA0E348309FE500C092E593
:1072E000003093E5042092E50C3093E00020A2E208
:1072F00000C093E0C00FA2E09C2583E0953023E01E
:107300000EC052E00351A0E30400C3E00C0055E1BD
:107310000000D1E0E8FFFF2A05209EE0E5FFFFEA3C
:10732000088001D0008001D0A08501D01E0F51EC53
:1073300018309FE5003093E5030040E0193CA0E3DE
:1073400010F330E708309FE5000083E51EFF2FE1D2
:10735000088001D0A08501D01E0F51EC1EFF2FE147
:107360000532A0E3280493E55004E0E71EFF2FE177
:107370000532A0E3280493E5010000E21EFF2FE19F
:107380000532A0E3280493E55002E0E71EFF2FE159
:10739000203BA0E1053283E2603493E5203503E031
:1073A0005330EBE7000083E11EFF2FE10532A0E33D
:1073B000000593E5D000E0E71EFF2FE10532A0E3D2
:1073C000200593E5D000E0E71EFF2FE1F0412DE915
:1073D0000050A0E10300A0E10270A0E10160A0E183
:1073E000C5E7FFFA3914A0E3EFE7FFFA0040A0E198
:1073F0000700A0E1C0E7FFFA0010A0E10400A0E14F
:1074000065E7FFFA0040A0E10500A0E1BAE7FFFA56
:107410000050A0E10600A0E1B7E7FFFA0010A0E1EC
:107420000500A0E13AE8FFFA0010A0E10400A0E1A5
:10743000DDE7FFFA0040A0E118009DE5AEE7FFFAA6
:107440000010A0E10400A0E131E8FFFA7EE8FFFAB5
:10745000F081BDE80522A0E3F3412DE90050A0E151
:10746000803492E5033013E23C00000A010053E34C
:107470004200000A0060A0E30030A0E3003085E590
:10748000043085E5083085E50532A0E3D47493E542
:10749000D48493E5DC4493E55778E5E75880E8E742
:1074A000014814E2017087E2018088E2DC44931510
:1074B000D02493E5D441EC17100012E30900000A30
:1074C000D83493E50820A0E10710A0E10600A0E170
:1074D0007F3003E2013083E200308DE50430A0E12B
:1074E000B9FFFFEB000085E50532A0E3D02493E56A
:1074F000200012E30900000AD83493E50820A0E137
:107500000710A0E10600A0E15334E6E7013083E272
:1075100000308DE50430A0E1ABFFFFEB040085E512
:107520000532A0E3D02493E5400012E30900000AED
:10753000D83493E50820A0E10710A0E10600A0E1FF
:107540005338E6E7013083E200308DE50430A0E1F6
:107550009DFFFFEB080085E508D08DE2F081BDE8D6
:1075600082FFFFEB000050E3C1FFFF0A403492E5C9
:107570001C609FE5033003E23663A0E1BDFFFFEA34
:1075800076FFFFEB000050E3B9FFFF0A04609FE5C0
:10759000B8FFFFEA0090D00300366E010522A0E399
:1075A000F3412DE90050A0E1843492E5033003E279
:1075B000010053E34600000A020053E34900000AB9
:1075C000000053E33A00000A0060A0E30030A0E3AB
:1075D000003085E5043085E5083085E50532A0E317
:1075E000047593E5048593E50C4593E55778E5E745
:1075F0005880E8E7014814E2017087E2018088E2E0
:107600000C459315002593E5D441EC17100012E3C7
:107610000900000A083593E50820A0E10710A0E161
:107620000600A0E17F3003E2013083E200308DE507
:107630000430A0E164FFFFEB000085E50532A0E324
:10764000002593E5200012E30900000A083593E5C0
:107650000820A0E10710A0E10600A0E15334E6E70E
:10766000013083E200308DE50430A0E156FFFFEBEE
:10767000040085E50532A0E3002593E5400012E310
:107680000900000A083593E50820A0E10710A0E1F1
:107690000600A0E15338E6E7013083E200308DE5D3
:1076A0000430A0E148FFFFEB080085E508D08DE23B
:1076B000F081BDE82DFFFFEB000050E3C1FFFF0AA2
:1076C000403492E530609FE5033003E23663A0E189
:1076D000BDFFFFEA21FFFFEB000050E31C609F1598
:1076E000B9FFFF1AB7FFFFEA24FFFFEB000050E3EA
:1076F0000C609F15B4FFFF1AB2FFFFEA0090D003A1
:1077000000366E0100093D000522A0E3F3412DE99A
:107710000050A0E1883492E5033003E2030053E314
:1077200028619F050500000A000053E34200001A8B
:107730000EFFFFEB000050E33A00001A0060A0E3E8
:107740000030A0E3003085E5043085E5083085E5AC
:107750000532A0E3247593E5248593E52C4593E554
:107760005778E5E75880E8E7014814E2017087E2BE
:10777000018088E22C459315202593E5D441EC1730
:10778000100012E30900000A283593E50820A0E163
:107790000710A0E10600A0E17F3003E2013083E2A0
:1077A00000308DE50430A0E107FFFFEB000085E528
:1077B0000532A0E3202593E5200012E30900000A2A
:1077C000283593E50820A0E10710A0E10600A0E11C
:1077D0005334E6E7013083E200308DE50430A0E168
:1077E000F9FEFFEB040085E50532A0E3202593E5D3
:1077F000400012E30900000A283593E50820A0E1C3
:107800000710A0E10600A0E15338E6E7013083E26B
:1078100000308DE50430A0E1EBFEFFEB080085E5CC
:1078200008D08DE2F081BDE8403492E520609FE50C
:10783000033003E23663A0E1C0FFFFEAC7FEFFEBBF
:10784000000050E30C609F15BCFFFF1ABAFFFFEA6F
:107850000080BB000090D00300366E0110402DE97F
:10786000CAFEFFEB70309FE5030050E11000000AF4
:10787000013083E2030050E11200000A023043E2CB
:10788000030050E10100000A0000A0E31080BDE801
:10789000B6FEFFEB000050E3FAFFFF0A3C009FE555
:1078A0000532A0E3403493E5033003E23003A0E166
:1078B0001080BDE8B1FEFFEB000050E3F1FFFF0ACE
:1078C0001C009FE51080BDE8A4FEFFEB000050E324
:1078D000ECFFFF0A0C009FE51080BDE8010C003BA7
:1078E0000090D00300093D0000366E011F402DE9D5
:1078F0000522A0E3443592E5073003E2010053E39B
:107900003C009F050800000A020053E30800000A3B
:10791000000053E30000A0130300001A403492E576
:1079200020009FE5033003E23003A0E114D08DE294
:1079300004F09DE404008DE2C5FEFFEB04009DE52C
:10794000F9FFFFEA00366E010090D0031F402DE9D9
:107950000522A0E3483592E5033003E2020053E339
:107960003C009F050800000A030053E30800000ADA
:10797000010053E32C009F050300000A403492E508
:1079800024009FE5033003E23003A0E114D08DE230
:1079900004F09DE404008DE2FFFEFFEB04009DE592
:1079A000F9FFFFEA00093D0000366E010090D003A8
:1079B0001F402DE975FEFFEB44319FE5030050E1C8
:1079C0003E00000A1C00008A38319FE5030050E1A8
:1079D0000D00008A033043E2030050E10200002A58
:1079E0000000A0E314D08DE204F09DE418319FE57F
:1079F000070B40E25A0340E2020050E32F00008AE6
:107A00000000D3E700F18FE000F020E3973480E23C
:107A1000073B43E2030053E3F0FFFF8AEC309FE5AE
:107A2000EC209FE5033080E0020053E32300008A4E
:107A30000330D2E703F18FE000F020E3D4309FE57C
:107A4000030050E11D00000A0C00008A613A43E285
:107A5000FF3E43E2030050E12100000A083083E2C8
:107A6000030050E1103043120B00001A43FEFFEBFD
:107A7000000050E3D9FFFF0A9C009FE5D8FFFFEA12
:107A800098309FE5030050E11500000A403083E282
:107A9000030050E1F4FFFF0A803043E2030050E1AD
:107AA000CEFFFF1A44FEFFEB000050E3CBFFFF0ABE
:107AB00004008DE213FFFFEB0C009DE5C8FFFFEA19
:107AC000A1FFFFEB0532A0E36C2593E5843593E538
:107AD0000F2002E2073003E23002A0E13003A0E110
:107AE000BFFFFFEA21FEFFEB000050E3BBFFFF0AF0
:107AF0002C009FE50532A0E3403493E5033003E218
:107B0000F5FFFFEA00E00069031C006842C600C000
:107B1000FFE3FF9645C600C00000076900093D006D
:107B2000800007690090D0031F402DE917FEFFEB8E
:107B3000BC319FE5030050E12100008A043043E29C
:107B4000030050E10A00002AFE3483E2043083E29D
:107B5000030050E10E00008A043043E2030050E1CC
:107B600090319F250F00002A0000A0E314D08DE281
:107B700004F09DE480319FE5070B40E25B0340E2A7
:107B8000030050E34200008A0000D3E700F18FE0D9
:107B900000F020E3953480E2073B43E2040053E326
:107BA00058319F95EFFFFF8A033080E050219FE519
:107BB000030053E31D00008A0330D2E703F18FE096
:107BC00000F020E33C319FE5030050E13900000A5A
:107BD0000B00008A103043E2030050E12C00000A41
:107BE000083083E2030050E1DEFFFF1AF2FDFFEBF5
:107BF000000050E3DBFFFF0A04008DE2C1FEFFEB53
:107C0000160000EA00319FE5030050E13100000A50
:107C1000083083E2030050E1D2FFFF1ACFFDFFEBF3
:107C2000000050E3E4009F15CEFFFF0ACEFFFFEAFD
:107C3000E1FDFFEB000050E3CAFFFF0A04008DE204
:107C4000B0FEFFEB04009DE5C7FFFFEAD6FDFFEBAA
:107C5000000050E3C3FFFF0A04008DE24EFEFFEB7D
:107C600008009DE5C0FFFFEAA4009FE514D08DE267
:107C700004E09DE4F8FEFFEACBFDFFEB000050E3DB
:107C8000B8FFFF0A04008DE243FEFFEB0C009DE508
:107C9000B5FFFFEA2CFFFFEB0532A0E36C2593E56F
:107CA000843593E50F2002E2073003E23002A0E1C1
:107CB0003003A0E1ACFFFFEAACFDFFEB000050E3B6
:107CC000A8FFFF0A4C009FE50532A0E3403493E58E
:107CD000033003E2F5FFFFEAA8FDFFEB000050E3ED
:107CE000A0FFFF0A30009FE59FFFFFEA2C009FE501
:107CF0009DFFFFEA041C006CFFE3FF9548C600C02F
:107D0000FFE3FF944CC600C010E0006C18E0006C6C
:107D100000366E01000C003B0090D00300093D00CE
:107D20000080BB000532A0E3683593E5073003E22D
:107D3000013083E210F330E71EFF2FE11F402DE9F1
:107D400092FDFFEBE8319FE5030050E13F00008A20
:107D5000043043E2030050E11100002AFF3483E2C3
:107D6000053083E2030050E11D00008A053043E244
:107D7000030050E11200002A0000A0E314D08DE2BD
:107D800004F09DE4AC319FE5070B40E2170240E2AE
:107D9000030050E36100008A0000D3E700F18FE0A8
:107DA00000F020E390319FE5033080E08C219FE5D7
:107DB000030053E35200008A0330D2E703F18FE05F
:107DC00000F020E378319FE578219FE5033080E0E3
:107DD000040053E30900008A0330D2E703F18FE087
:107DE00000F020E360319FE5030050E13000000A1D
:107DF0000800008A103043E2030050E1DDFFFF1A63
:107E0000B9FEFFEBC6FFFFEB0532A0E3843593E537
:107E1000073003E22D0000EA30319FE5030050E116
:107E20002C00000A083083E2030050E12F00000A12
:107E3000103043E2030050E1CEFFFF1A4FFDFFEB8D
:107E4000000050E3CBFFFF0A04019FE5CAFFFFEAF1
:107E500000319FE5030050E10800008A043043E24E
:107E6000030050E1C6FFFF2A913480E2073B43E262
:107E7000040053E3E0309F95CAFFFF9ABDFFFFEA7D
:107E80008F3480E2073B43E2040053E3CC309F95FC
:107E9000C4FFFF9AB7FFFFEA43FDFFEB000050E38A
:107EA000B4FFFF0A04008DE2BBFDFFEB08009DE577
:107EB000B1FFFFEA2DFDFFEB000050E3ADFFFF0A2D
:107EC0009C009FE50532A0E3403493E5033003E2D4
:107ED0003003A0E1A8FFFFEA37FDFFEB000050E30D
:107EE000A4FFFF0A04008DE206FEFFEBEEFFFFEAAF
:107EF0001AFDFFEB000050E39EFFFF0A64009FE5C0
:107F00009DFFFFEA90FEFFEB0532A0E36C2593E5B1
:107F1000703593E50F2002E23002A0E1BBFFFFEADB
:107F200089FEFFEB0532A0E36C2593E5743593E5FC
:107F3000F7FFFFEA041C006E50C600C0FFE3FF918C
:107F400054C600C0FFE3FF9258C600C010E0006DA9
:107F500020E0006D00093D00041C0070FFE3FF906D
:107F6000FFE3FF8E0090D00300366E0110402DE934
:107F70000040A0E1143090E5000053E30600001A31
:107F80000000A0E30C2094E5000060E20130D2E59F
:107F9000013083E30130C2E51080BDE833FF2FE1FB
:107FA000000050E3F5FFFF0A0C3094E5000050E3B9
:107FB000000060B2FF0050E3FF00A0A30000C3E593
:107FC000EFFFFFEA000050E31EFF2F010C3090E5A9
:107FD0000100D3E5010010E20000D315100F6F116E
:107FE000A002A0111EFF2FE100300FE1803003E25C
:107FF00080000CF1FEFFFFEA10402DE9F9FFFFEBD6
:1080000070402DE900500FE1805005E280000CF136
:108010001C309FE5084093E5F6FFFFEB000055E3B9
:108020000000001A800008F10400A0E17040BDE8E3
:10803000ED0200EAA48501D044309FE570402DE9AF
:10804000004193E7010080E2005193E7040055E10D
:108050007080BD98040094E5000050E30500000A1C
:108060001830D0E5010013E30000001ABEFFFFEB5B
:10807000084084E2F4FFFFEA003094E533FF2FE18B
:10808000FAFFFFEA90BD00C070402DE918D04DE224
:10809000E4409FE5D70600EBE0309FE50120A0E338
:1080A000DC509FE50300A0E30020C3E5E1FFFFEB08
:1080B0000400A0E3DFFFFFEB0460A0E1304084E2B6
:1080C000050056E10C00003AAC409FE5FB0400EBD4
:1080D000050054E11A00003A050500EBF10600EB3B
:1080E000DCE5FFEB9C209FE5BC30D2E10130C3E32F
:1080F000BC30C2E118D08DE27080BDE80C3014E5D0
:1081000014308DE5103014E510308DE5143014E591
:108110000C308DE5183014E508308DE51C3014E581
:1081200004308DE5203014E500308DE5D82244E19F
:10813000D00344E11B0200EB303014E5546083E5CA
:10814000DCFFFFEAD822C4E1010073E301007203FF
:108150000300000A031092E1000094E50200001AF7
:10816000500200EB304084E2D8FFFFEA18109FE590
:10817000180080E2950500EBF9FFFFEAB8B800C0EF
:10818000E58505D0B8B800C0908001D0A49200C0A9
:1081900070402DE918D04DE274509FE50030A0E307
:1081A00008308DE50120A0E3F021CDE104308DE51C
:1081B0001430A0E35C609FE50F20A0E3935025E01E
:1081C00054109FE50040A0E1806386E00C208DE51F
:1081D000052DA0E3921021E040309FE50600A0E1CC
:1081E00000508DE5EF0100EB1030D6E51040C5E5FD
:1081F000014084E20430C3E31030C6E520309FE53F
:108200000C6085E5843583E0043085E518D08DE287
:108210007080BDE8A48501D0108001D0E8D605D0DB
:10822000F08200C0E8CE05D07F402DE90000A0E339
:10823000A0509FE57FFFFFEB9C009FE50040A0E37F
:1082400098609FE50C0200EB1AE9FFEB0100A0E348
:1082500078FFFFEB0200A0E376FFFFEB910400EB59
:108260007C309FE5012BA0E378109FE50500A0E19D
:1082700014308DE50130A0E310308DE50C408DE524
:1082800064309FE508408DE504408DE500408DE5B4
:10829000145086E5C30100EB1030D5E50500A0E1E0
:1082A0000430C3E31030C5E52A0300EB0400A0E16D
:1082B000B6FFFFEB00200FE1802002E280000CF10E
:1082C000083096E5742083E50A20E0E3782083E512
:1082D0006AECFFEB800008F1908001D0108101D0A2
:1082E000A48501D0C5C500C028D805D0888000C0AD
:1082F00010402DE900300FE1803003E280000CF1E6
:10830000FBEBFFEBFAFFFFEA010052E10030A0E1D6
:108310000000A0230100A033000052E3010080030D
:10832000000050E3081083051500E0130C208305BE
:1083300000308305043083051EFF2FE170402DE9D6
:1083400000600FE1806006E280000CF1004090E5E3
:10835000040050E1000054131300000A042094E5C7
:108360000050A0E3003094E5180084E2003082E57C
:10837000042083E51030D4E5005084E50230C3E3E7
:108380001030C4E5045084E5085084E57A0500EB1C
:10839000785084E50400A0E1EE0200EB2C009FE59C
:1083A0000610A0E17040BDE8E50300EA083090E562
:1083B0000C2090E5030052E101308312000056E3E7
:1083C000083080E57080BD18800008F17080BDE83D
:1083D000E68505D007402DE900100FE1801001E28D
:1083E00080000CF108C090E500005CE30700000A83
:1083F000000051E301C04CE208C080E50000001A13
:10840000800008F10000A0E30CD08DE204F09DE4B0
:1084100003C092E10400001A000051E30000001ABA
:10842000800008F10F00E0E3F6FFFFEAF020CDE165
:108430000020A0E104009FE5A80300EBF1FFFFEAA4
:10844000E68505D0F0412DE90050A0E100600FE184
:10845000806006E280000CF10030A0E3004095E56A
:10846000000054E3040055110170A0130070A00334
:108470001200000A042094E5180084E2003094E51C
:10848000003082E5042083E50030A0E31020D4E52D
:10849000003084E50220C2E3043084E51020C4E506
:1084A000083084E5340500EB0A30E0E30400A0E185
:1084B000783084E5A70200EB0730A0E1E6FFFFEA91
:1084C000087085E5000053E30300001A000056E33E
:1084D000F081BD18800008F1F081BDE808009FE53B
:1084E0000610A0E1F041BDE8950300EAE68505D05D
:1084F000003090E50120A0E31221C3E1002080E5D7
:108500003301A0E1010000E21EFF2FE1000050E373
:108510001EFF2F010020A0E38C0080E20210A0E1EA
:10852000010400EAFF412DE90040A0E1E8619FE578
:108530009C8080E200700FE1807007E280000CF107
:10854000845094E5000055E31500001A0210A0E3E2
:108550000800A0E1E5FFFFEB000050E34400000A43
:10856000945084E20020A0E30110A0E30500A0E104
:10857000ED0300EB000050E3F9FFFF1A9C019FE5BB
:108580000030A0E308308DE50020E0E30030E0E3B8
:108590000710A0E1F020CDE18C2084E2020400EB82
:1085A000E3FFFFEA882094E5003095E5020055E1FD
:1085B00088308405000057E3843084E59C3094E5DE
:1085C000023083E39C3084E50C3095E50430C3E34E
:1085D000013083E30C3085E5043095E52D00000A79
:1085E0000500A0E133FF2FE100700FE1807007E28A
:1085F00080000CF10C3095E50120C3E3100013E37B
:108600000C2085050300000A1130C3E30C3085E51A
:10861000100085E248FFFFEB0C3095E5020013E304
:108620000600000A000096E50230C3E30C3085E541
:10863000000050E30020A013003090152200001A23
:108640009C3094E50230C3E39C3084E5010C13E3D5
:108650002D00001A843094E5000057E30000001A52
:10866000800008F1000053E3B1FFFF0A5F0100EB57
:10867000AFFFFFEA9C3094E5100013E3BEFFFF0A52
:108680009C0084E5000057E30000001A800008F118
:1086900010D08DE2F081BDE8800008F1CFFFFFEA45
:1086A000003082E5043096E5030050E104208605A1
:1086B000110000EA000053E30020A0E10310A00134
:1086C0000300A0E1001093150130A0E1000050E389
:1086D000DAFFFF0A041090E5010055E1F4FFFF1AEC
:1086E000003090E5000052E3ECFFFF1A042096E50D
:1086F000003086E5020050E1043086050030A0E33A
:10870000083080E40CFFFFEBCCFFFFEA000057E3EA
:1087100087FFFF1A800008F185FFFFEAC48501D0BA
:10872000E68505D0F0412DE90160A0E10C2090E53F
:10873000D250E0E7020012E33300001A5231E0E7C2
:10874000040012E33100001A002091E50040A0E18E
:10875000000052E308209005002081050C2090E5E0
:10876000010012E30250A0130150A003082090154D
:1087700000208115007091E5000057E32600000AF3
:10878000A4209FE5081092E5802097E5020051E1C2
:108790000200001A7B0000EB013020E27330EFE6AC
:1087A0009C0097E55021E0E7010010E3D011E0E7DD
:1087B0001B00000A013023E2030012E11200001A3C
:1087C000013022E2031011E00F00001A001084E5CE
:1087D0000700A0E1883097E5000053E300408315CF
:1087E00088408705844087058840871546FFFFEB52
:1087F0000C3094E5043083E30C3084E5003096E5DA
:10880000083084E50500A0E1F081BDE80F50E0E309
:108810000030A0E3003086E5F9FFFFEA1550E0E301
:10882000FAFFFFEA1250E0E3F8FFFFEAA48501D067
:1088300070402DE90040A0E10150A0E11020A0E32C
:108840000010A0E3B40600FB045084E57080BDE88E
:1088500013402DE904008DE50100A0E100400FE187
:10886000804004E280000CF104108DE2ACFFFFEBCD
:10887000000054E30000001A800008F108D08DE2E7
:108880001080BDE810402DE9F0FFFFEB004050E202
:10889000030000DA00000FE1800000E280000CF12C
:1088A000A90200EB0400A0E11080BDE80010A0E1E7
:1088B00000009FE5F2FFFFEAB08101D0F0402DE912
:1088C00024D04DE20040A0E10000A0E338509DE537
:1088D000840084E5880084E5000055E38C0084E290
:1088E0008C0084E5900084E5940084E2940084E5A3
:1088F000980084E50100A0030300000A0400D5E508
:10890000000050E3010100E30100A0039C0084E5A6
:108910000C308DE50000A0E310008DE50060E0E381
:1089200008008DE50070E0E304008DE50400A0E19F
:108930004C309FE5F861CDE100408DE5710000EB22
:10894000000055E30900000A001095E5000051E31E
:108950000100000A0400A0E1100000EB0530D5E59D
:10896000000053E3BC30D41101308313BC30C41178
:108970000400A0E14B0000EB804084E524D08DE2B0
:10898000F080BDE8248500C0703F1DEE0330C3E3D6
:10899000000093E5000050E20100A0131EFF2FE14C
:1089A0005700E0E31EFF2FE1F04F2DE914D04DE218
:1089B0000380A0E1583080E2583080E5072082E251
:1089C0005C3080E50060A0E348309DE500A0A0E3B6
:1089D0000750C2E300B0A0E3BC30C0E10430A0E324
:1089E0001030C0E50170A0E144309DE50040A0E1F9
:1089F000059081E0086080E50910A0E10E30C0E537
:108A00000F60C0E5186080E51C6080E5F8A2C0E159
:108A10007DE7FFEB40309DE5070080E20700C0E303
:108A20000710A0E1680084E5607084E5645084E587
:108A300008308DE53C309DE5009049E00400A0E160
:108A400004308DE50920A0E138309DE500308DE54A
:108A50000830A0E113EAFFEB18309FE50900A0E120
:108A6000546084E5083093E56C3093E56C3084E520
:108A700014D08DE2F08FBDE8A48501D00130A0E3D1
:108A80001030C0E5BC30C0E10030A0E3603080E5CC
:108A9000643080E56C3080E504309FE5080083E5B4
:108AA0001EFF2FE1A48501D070402DE900500FE199
:108AB000805005E280000CF11030D0E5040013E393
:108AC0000B00000A0040A0E1180080E2AA0300EBBE
:108AD0001030D4E50400A0E10430C3E31030C4E555
:108AE000250100EB18009FE50510A0E17040BDE8EE
:108AF000130200EA000055E37080BD18800008F101
:108B00007080BDE8E68505D070402DE918D04DE2B3
:108B100000C0A0E30040A0E114C08DE538C09DE591
:108B200040609DE510C08DE534C09DE544509DE555
:108B30000CC08DE530C09DE508C08DE52CC09DE5DD
:108B400004C08DE528C09DE500C08DE595FFFFEBD5
:108B5000010075E3010076030300000A063095E189
:108B60000400001A0400A0E1CEFFFFEB0400A0E126
:108B700018D08DE27080BDE810109FE50620A0E1BE
:108B80000530A0E1180084E2100300EBF6FFFFEAD5
:108B9000A49200C010402DE9BC40D0E100100FE1CC
:108BA000801001E280000CF11030D0E5080013E3E2
:108BB0000300000A000051E31080BD18800008F196
:108BC0001080BDE80120A0E3ED0000EB010014E3FC
:108BD0001080BD080400A0E304E02DE5800008F14A
:108BE000020000EF04E09DE41080BDE8E8FFFFEA2A
:108BF000670100EA003090E5042090E5003082E54E
:108C0000042083E50030A0E3003080E5043080E5F7
:108C10001EFF2FE110402DE9F5FFFFEB1030D0E5EE
:108C20000230C3E31030C0E50030A0E3083080E537
:108C30001080BDE870402DE90010A0E1D021D0E106
:108C40001030D0E5000052E3020000AA7F3003E2BA
:108C50001030C0E5E6FFFFEB50509FE5083095E58A
:108C60000520A0E11840B2E5020054E100005413D1
:108C70000C409505010053E10500000A1020D3E5E2
:108C80001F0012E30200001ABE20D3E17F0052E36E
:108C90000400008A040053E10100000A0400A0E17E
:108CA000750200EB0430A0E1143085E57080BDE86A
:108CB000A48501D070402DE90A20E0E328509FE50B
:108CC0000040A0E1083095E5740083E5782083E555
:108CD000EAE9FFEB000054E30000001A800008F10D
:108CE000083095E5780093E57080BDE8A48501D053
:108CF000D021D0E11030D0E5000052E31EFF2FB1AB
:108D00001F0013E31EFF2F1170402DE9B4409FE5B3
:108D1000833CE0E10420A0E1A33CE0E11030C0E5A9
:108D20001830B2E51C1094E5020053E10700001A68
:108D3000002080E5041080E5000081E51C0084E54A
:108D40000D0000EA030051E1F8FFFF0A003093E54F
:108D5000000053E3F5FFFF0ADEE0D3E1DEC0D0E11F
:108D60000C005EE1F6FFFFDA041093E5003080E5C9
:108D7000041080E5000081E5040083E5185094E5C7
:108D8000083094E5020055E1000055131020D3E5AA
:108D90000C5094051F0012E30400001ABE20D3E11A
:108DA0007F0052E30100009A143084E57080BDE832
:108DB000050053E10100000A0500A0E12E0200EBCE
:108DC000145084E57080BDE8A48501D0000050E314
:108DD0001EFF2F11703F1DEE0330C3E3003093E5FB
:108DE000000053E30500001A18309FE5142093E5B6
:108DF000083093E5030052E10000000AACFFFFEAEF
:108E0000800008F11EFF2FE1A48501D070402DE9FC
:108E10000040A0E10150A0E185FFFFEB1030D4E558
:108E2000000055E3023083E31030C4E57080BD08D4
:108E3000085084E5003095E5030055E10900001A6B
:108E4000043095E5005084E5043084E5004083E576
:108E5000044085E57080BDE8042095E5030052E1FB
:108E6000F6FFFF0A003093E5000053E3F3FFFF0A2B
:108E7000DE10D3E1DE20D4E1020051E1F5FFFFDA9C
:108E8000042093E5003084E5042084E5004082E579
:108E9000044083E57080BDE870402DE9AC409FE55B
:108EA000081094E51C0094E5003091E5000051E1C4
:108EB000041091E50320A0110020A003003081E5FB
:108EC000041083E5083094E51C1094E5000052E39B
:108ED0000500001A78209FE5041083E5002083E553
:108EE000003081E51C3084E5080000EADEC0D2E1F4
:108EF000DE00D3E100005CE1100000DA041092E52E
:108F0000002083E5041083E5003081E5043082E52C
:108F1000185094E538309FE5000055E303005511E3
:108F2000083094E50C509405050053E10100000A57
:108F30000500A0E1D00100EB145084E57080BDE88D
:108F4000010052E1E2FFFF0A002092E5DEFFFFEAA6
:108F5000A48501D0BC8501D010402DE900400FE16F
:108F6000804004E280000CF160FFFFEB000054E35E
:108F70001080BD18800008F11080BDE85BFFFFEA9B
:108F80002BFFFFEAF0472DE9000052E31020D0E567
:108F90001090A0030890A0130040A0E1020019E186
:108FA0000160A0E10170A0E11D00001A023089E11A
:108FB000A223B0E11030C0050200000A7F3003E2B6
:108FC0001030C0E50AFFFFEB080059E32E00000A4D
:108FD0000080A0E34CA19FE50A30A0E11850B3E562
:108FE000030055E10000551308309AE50C509A052E
:108FF000050053E10100000A0500A0E19E0100EB1D
:1090000014508AE5100059E30500000A0400A0E1AD
:10901000B5E8FFEB000058E30100000A08019FE5F6
:1090200095FEFFEBFC309FE5083093E5040053E12B
:109030003800001A703F1DEE0330C3E3003093E5A3
:10904000000053E33300001ABC30D4E1010013E305
:109050000A00000A000056E30000001A800008F130
:109060000400A0E304E02DE5800008F1020000EF19
:1090700004E09DE400700FE1807007E280000CF1D5
:109080000700A0E1F047BDE809FFFFEA083094E5DA
:10909000000053E30100000A0400A0E1DCFEFFEB46
:1090A000180084E2588084E2330200EB585094E5C3
:1090B000050058E100A0A0131300001A64309FE5DA
:1090C000083093E5030054E1C0FFFF1A703F1DEE26
:1090D0000330C3E3008093E5008058E20180A013D1
:1090E000BBFFFFEA0500A0E1C9FEFFEB180085E227
:1090F000210200EB78A085E50500A0E1FBFEFFEB77
:10910000585094E5050058E1EBFFFF0A000055E3D5
:10911000F3FFFF1AE8FFFFEA000056E3F087BD18EF
:10912000800008F1F087BDE8A48501D0108101D04E
:1091300070402DE90060A0E150509FE50530A0E1AE
:109140001840B3E5030054E100005413083095E5DE
:109150000C4095051020D3E51F0012E30200001A11
:10916000BE20D3E17F0052E30400008A040053E1F3
:109170000100000A0400A0E13F0100EB0430A0E17F
:10918000143085E50600A0E17040BDE80EFFFFEA5F
:10919000A48501D070402DE900600FE1806006E2F7
:1091A00080000CF1B4409FE5081094E51C0094E5A4
:1091B000003091E5000051E1041091E50320A01179
:1091C0000020A003003081E5041083E5083094E519
:1091D0001C1094E5000052E30500001A80209FE572
:1091E000041083E5002083E5003081E51C3084E530
:1091F000080000EADEC0D2E1DE00D3E100005CE15D
:10920000120000DA041092E5002083E5041083E5E3
:10921000003081E5043082E5185094E540309FE548
:10922000000055E303005511083094E50C509405F7
:10923000050053E10100000A0500A0E10E0100EB6A
:10924000145084E50600A0E17040BDE898FEFFEAF6
:10925000010052E1E0FFFF0A002092E5DCFFFFEA97
:10926000A48501D0BC8501D01030D0E5280013E3DF
:109270001EFF2F1110402DE90010A0E1083090E5ED
:10928000000053E30000000A61FEFFEB1030D1E55F
:109290000100A0E10430C3E31030C1E51040BDE897
:1092A00092FEFFEA10402DE900400FE1804004E209
:1092B00080000CF1D021C0E1020153E30100520310
:1092C0000300000A000054E31080BD18800008F17C
:1092D0001080BDE8180040E2E2FFFFEBF8FFFFEA74
:1092E000F0412DE90140A0E118709DE50210A0E1D8
:1092F0001C609DE500300FE1803003E280000CF13E
:1093000034309FE5085093E50500A0E1BEFEFFEB79
:10931000010076E3010077030400000A1C109FE5BA
:109320000720A0E10630A0E1180085E2270100EB4C
:109330000400A0E1F041BDE85DFEFFEAA48501D094
:10934000A49200C00100A0E19FFEFFEA000050E3EC
:109350001EFF2F11703F1DEE0330C3E3003093E575
:10936000000053E30500001A18309FE5142093E530
:10937000083093E5030052E10000000A4CFEFFEACA
:10938000800008F11EFF2FE1A48501D0013090E19B
:10939000F0412DE90200001A14FEFFEB0000A0E3EB
:1093A000F081BDE80060A0E10140A0E100700FE1A4
:1093B000807007E280000CF170509FE5080095E591
:1093C000EEFEFFEB080095E50430A0E160109FE59C
:1093D0000620A0E1180080E2FC0000EB083095E5D3
:1093E0000040A0E11020D3E5747083E5042082E3FF
:1093F0001020C3E50A20E0E3782083E51FE8FFEBB7
:10940000000057E30000001A800008F1083095E5DD
:10941000D822C3E1020153E300005203DEFFFF1A2A
:10942000DE0100EB000044E0C00FC0E1F081BDE8C8
:10943000A48501D0A49200C070402DE90050A0E1A5
:109440000140A0E1D0FFFFEB010074E301007503D0
:109450000600000AC01FA0E1090090E20A20A0E374
:109460000030A0E30010A1E2AFE0FFFA7080BDE899
:109470000000E0E37080BDE8C01FA0E1630090E25F
:109480006420A0E30030A0E30010A1E210402DE929
:10949000A5E0FFFAC01FA0E1BBFFFFEB6430A0E333
:1094A000930000E01080BDE80C309FE5182083E2B7
:1094B000182083E51C2083E51EFF2FE1A48501D041
:1094C00000100FE1801001E280000CF11C309FE5DC
:1094D000082093E50F30D2E5013043E20F30C2E5BA
:1094E000000051E31EFF2F11800008F11EFF2FE145
:1094F000A48501D000000FE1800000E280000CF1A3
:1095000010309FE5082093E50F30D2E5013083E26B
:109510000F30C2E505FFFFEAA48501D004309FE5C6
:10952000080093E51EFF2FE1A48501D070402DE9CE
:1095300000600FE1806006E280000CF1004090E5E1
:10954000040050E1000054130150A0130050A00388
:109550001000000A003094E5180084E2142084E52D
:10956000042094E5781084E5003082E5042083E54A
:109570000030A0E31020D4E5003084E50220C2E3EF
:10958000043084E51020C4E5083084E5FA0000EBDF
:109590000400A0E178FEFFEB000056E30000001A93
:1095A000800008F10500A0E17080BDE8D3402DE9FE
:1095B000D861CDE120409DE5F060CDE147FFFFEBB4
:1095C000000054E310309F150830931514309315A4
:1095D0000030841508D08DE2D080BDE8A48501D08C
:1095E0001030D0E50020A0E150109FE51F3013E2BD
:1095F0000130A013010050E101308303000053E368
:109600000C00001A38109FE5000091E5000050E3BF
:109610001EFF2F01BE10D2E17F0051E30500008A3A
:1096200020309FE5DE20D2E1003093E5030052E1D7
:109630000000A0B31EFF2FE10000A0E31EFF2FE1FA
:10964000108001D0B00000D0CC8501D01C309FE547
:109650000120A0E3030040E014309FE5C001A0E139
:10966000930000E00C309FE50020C3E71EFF2FE1D0
:10967000908101D0ABAAAAAAE68505D050309FE51B
:10968000F0412DE94C509FE51060D3E5D3FFFFEB8F
:1096900044709FE51830A0E3935625E00040A0E118
:1096A0000500A0E1B40000EB000054E30500000A4F
:1096B0000630D7E70500A0E120109FE5032044E035
:1096C000C23FA0E1410000EB0030A0E30630C7E755
:1096D000F081BDE8A48501D0908101D0E68505D058
:1096E0004C9600C070402DE900600FE1806006E2FA
:1096F00080000CF154509FE554209FE51030D5E5D3
:109700000330D2E7000053E30C00000A084095E55F
:109710000400A0E1B1FFFFEB000050E30700000AE6
:109720001030D4E51F0013E30400001AD9FDFFEB4D
:10973000140095E5040050E10000001ACEFFFFEB95
:10974000000056E37080BD18800008F17080BDE80D
:10975000A48501D0E68505D00C309FE5000093E597
:10976000030050E10000A0031EFF2FE1B80000D06D
:1097700010402DE90020A0E1F6FFFFEB000050E3D0
:109780000A00000A103090E5141090E5023053E012
:10979000C22FC1E0020153E30010D2E2030000AA8D
:1097A000000052E30300A0A10000A0B31080BDE8B8
:1097B0000201E0E31080BDE80C309FE5000093E576
:1097C000000050E31EFF2F01D7F6FFEAB40000D0DF
:1097D000010073E301007203F84F2DE90050A0036C
:1097E0000570A0015600000A081080E50040A0E1C5
:1097F0000390A0E10250A0E100800FE1808008E228
:1098000080000CF164A19FE5000053E31A0000BA48
:10981000E8FFFFEB58319FE50060A0E1003093E5E1
:10982000003053E20130A013055090E0C09FA9E042
:10983000053093E0A0009AE80090A9E2055093E07B
:109840000770A9E0149084E50190A0E3103084E54E
:10985000C0FFFFEB1CE19FE50030A0E104A09EE506
:10986000000053E31400001A00E084E504A084E53E
:1098700000408AE504408EE51F0000EA06009AE8F1
:109880000370A0E10130E0E3013053E00010E0E3B9
:109890000220C1E0053053E00920C2E0010053E39B
:1098A0000010D2E20090A0E30130A0B30020A0B3EA
:1098B000103080E5142080E5E4FFFFEA101093E506
:1098C000102094E514C093E5140094E5010052E1E2
:1098D0000CB0D0E01D0000AA021051E0042093E576
:1098E00000C0CCE0101083E514C083E5042084E5BB
:1098F000003084E5004082E5044083E595FFFFEBFE
:10990000000054E10B00001A64309FE5003093E53D
:10991000010073E30700001A000059E30100001A78
:10992000A4FFFFEB0060A0E10600A0E18FFFFFEBCA
:109930000010A0E353F6FFEB000058E30000001A0C
:10994000800008F10500A0E10710A0E1F88FBDE854
:10995000012052E00C00C0E00A0053E1102084E531
:10996000140084E5BFFFFF0A003093E5BBFFFFEA68
:10997000A88101D0B40000D0B80000D00020A0E140
:10998000F0412DE900500FE1805005E280000CF11C
:10999000001090E5000051E32200000A6DFFFFEB8C
:1099A000A8309FE5043093E5030052E10700000A68
:1099B00010E092E5103091E5144092E514C091E575
:1099C0000E3093E004C0ACE0103081E514C081E5B6
:1099D000041092E50040A0E3003092E50060A0E3AF
:1099E000020050E10271A0E3003081E5041083E53C
:1099F000004082E5044082E5F061C2E10400000A13
:109A00000000A0E3000055E3F081BD18800008F1DC
:109A1000F081BDE867FFFFEB54FFFFEB0410A0E10E
:109A200018F6FFEBF5FFFFEA101090E5143090E513
:109A3000020153E3010051030200001A0000A0E3F9
:109A40000211A0E3F001C2E11500E0E3ECFFFFEA40
:109A5000B80000D0F84F2DE90030A0E3F4909FE566
:109A60000160A0E1F0709FE50140A0E3EC809FE57C
:109A70000251A0E3000089E5003087E535FFFFEBE8
:109A8000002099E5000050E3005098E8C2AFA0E143
:109A90000800000A103090E5141090E5030052E130
:109AA00001B0DAE0130000AA023053E00A10C1E06E
:109AB000103080E5141080E50C2092E00040A0E317
:109AC0000AE0AEE00030E0E3003087E50400A0E10A
:109AD000044088E8004089E524FFFFEB0410A0E182
:109AE000E8F5FFEB040056E10000001A800008F1E1
:109AF000F84FBDE8FAFEFFEA0CC093E0033042E005
:109B0000003089E5042090E5003090E508A090E55C
:109B1000003082E5042083E50030A0E30E10A1E0D0
:109B2000030056E100C088E5041088E5003080E5B8
:109B3000043080E5F041C0E10000001A800008F127
:109B40003AFF2FE100600FE1806006E280000CF137
:109B500000FFFFEBC9FFFFEAD08501D0B40000D0C1
:109B6000A88101D010402DE900400FE1804004E2BF
:109B700080000CF10FFFFFEB1C209FE50030A0E1FF
:109B8000D000C2E1000093E0C31FA1E0000054E355
:109B90001080BD18800008F11080BDE8A88101D0B8
:109BA00010402DE9EEFFFFEB1080BDE83C209FE563
:109BB0000130A0E3003080E5041092E5000051E39D
:109BC0000000820500309115040082050330031265
:109BD00003308011003081150400821510209FE5AC
:109BE000003092E5013083E2003082E51EFF2FE174
:109BF000D88501D0D48501D070402DE900600FE1F7
:109C0000806006E280000CF184309FE50020A0E334
:109C100080C09FE5002083E5042083E578009FE570
:109C200078209FE578E09FE50C0052E10E00003AB5
:109C300064509FE50D42A0E30500A0E1045085E2D9
:109C4000003090E5000053E30000001AD6FFFFEB60
:109C5000014A84E20E0254E3F6FFFF1A000056E3C5
:109C60007080BD18800008F17080BDE80E4002E0F1
:109C7000031282E2012A82E22116A0E1013190E77B
:109C80005330EBE7043083E10C3083E3013180E7AC
:109C9000E4FFFFEAD88501D000F005D0E08501D0CF
:109CA000000000D000F0FFFF1EFF2FE124309FE5F1
:109CB00007402DE9012BA0E300308DE50030E0E303
:109CC00014109FE514009FE5FBFAFFEB0000A0E3F2
:109CD0000CD08DE204F09DE4A8BD00C028DC05D0C6
:109CE000B08101D02DE9F04700230E46594AD0E952
:109CF0000001F7F7CBFC151E0446BABF05F5A835E1
:109D000005F5C075544B2846B8BF544BE41841F1D3
:109D100000074FF46161F7F7C9F94FF46161B06072
:109D20002846F7F725FA0D4628463C21F7F7BEF9F5
:109D30003C2170602846F7F71BFAE01C31604FF0B9
:109D4000070247F100010023F7F7A0FC002A64DABC
:109D50000732B26142480023424A201867F10001ED
:109D6000F7F794FC3F4B404A0746DFF8009140F27A
:109D70006D114FF4C87A03FB1044A308A3FB02251E
:109D8000A3FB09323A4B04EBD525A5EBD2152209EA
:109D9000A2FB0323A5EB13152846F7F731F9354B42
:109DA00035490AFB07078046A5FB0332AD08A5FB32
:109DB000095304EBD234314DA4EBD31440F26D13AC
:109DC00003FB104404F1010904EB84020232A2FBFC
:109DD00001319923C9094B430233A3FB053540F2F6
:109DE000F9539A42A9EB95098CBF6FF0090502253A
:109DF0000D44012D98BF0137B4F5997F15D3A4F513
:109E00009974A7F26C7700233046F461C6E90457D1
:109E1000C6F80C903362BDE8F087002FB26199DB81
:109E2000104A2046394600239AE710F0030F0DD15F
:109E30006421F7F79DF959B951464046F7F798F96B
:109E4000B1FA81F149093B340C44DAE70021FAE721
:109E50000121F8E7805101006CFA0A006BFA0A0050
:109E600050C5FDFFB13A02007F206B39D97CC6593D
:109E700041D672001F2BD3E5D7802BD6CDCCCCCCCE
:109E80002DE9F04F804643688BB09246009383786B
:109E90009C0740F1FA8000250878002800F0F78040
:109EA00025280AD04B1C019301354146009B984759
:109EB0000028C0F2E4800199EEE74E788B1C0193F4
:109EC000252EF1D00027B9463C460A221F2C22D865
:109ED000A6F12003102B20D8DFE803F0141F1F1A6F
:109EE0001F1F1F0B1F1F1F121F171F1F090044F0EA
:109EF0000104019B13F8016B0193002EE6D13AE0B7
:109F000044F0020444F00404F3E744F00804F0E7EA
:109F100044F01004EDE77F2C24D8A6F13003092B80
:109F200008D8600656BF44F0200402FB073702FB46
:109F30000939DEE72A2E0DD15AF8043B610653D4C5
:109F4000002BA7BF44F020049946C3F1000944F058
:109F50002804CEE72E2E05D1630600F1988044F048
:109F60004004C6E76C2E2ED028D8682E32D06A2E38
:109F700037D04C2E35D0002F46F02003B8BF24F048
:109F80004004A3F16502BCBF0027A4B2022A01D994
:109F9000612B2BD10AF1070A9D4E2AF0070A0727E9
:109FA0000AF1080A210761D506EB070B34465C4528
:109FB0005ED1AE1BA9EB0709A21959E1742E98D006
:109FC0007A2E96D0D7E7260648BF44F4007444F0B2
:109FD00080048EE7E00548BF44F4007444F48074C4
:109FE00087E744F4207484E71F4682E7A6F1630202
:109FF000122A00F2D980DFE812F013004E00D700D9
:10A00000D700D700D7004E00D700D700D700D70021
:10A01000D700E900D200D700D7001A00D700A1006E
:10A020005AF8043B04AE8DF810300127BAE75AF80D
:10A03000046B784B002E08BF1E4614F0400F18BF6B
:10A040003946304608BF4FF0FF3100F070F907463F
:10A05000A8E7009B41462020984700280FDB013CE1
:10A06000A742F6D34D44A1462D1B9DE74C46F7E78A
:10A0700014F8010B4146009B9847002897DA98F89E
:10A08000023043F0040388F802304FF0FF352846D1
:10A090000BB0BDE8F08F220630D5A3052AD50AF112
:10A0A000070A2AF007039A4659685AF8080B24F061
:10A0B000100B00291FFA8BFB2FDA40424BF4806B08
:10A0C00061EB410104AC0A23224600F03CF91BF08D
:10A0D000400FA0EB040200F08E802BF001049742A9
:10A0E000A4B240F38F80002E40F08E802BF011043C
:10A0F000A4B21DE05AF8040BC117D8E75AF8041BA4
:10A10000E00501D40846F7E7A2054BBF48B208B204
:10A1100041F3C01141F3C031C9E750EA0103D1D185
:10A120006306CFD5002FCDD124F011043A46A4B256
:10A130003B4640F206410C4262D124E024F0100478
:10A140000A23A4B214F0800243D014F400711DBF9E
:10A150000AF1070A2AF0070292465AF8040B1CBFBC
:10A1600051685AF8080B50EA01023ED124F0160B50
:10A1700062061FFA8BFB3CD5002F3AD124F017045E
:10A180003A463B46A4B2210759D4E10705D5994583
:10A1900071DDA9EB03039F184B469B4649E044F051
:10A1A000100410237826CDE7782B04D1C6F178036C
:10A1B00043F01003C6E7009B41462520984700283E
:10A1C000FFF65DAF0235414630466FE608230026B4
:10A1D000B8E75AF8040B14F48071C4D014F4007179
:10A1E0001ABFC0B2114680B2BDE724F006041FFAC0
:10A1F00084FB04AC68E713465C46E10699D52EB9AA
:10A200000133C0E71346F8E73B46F6E70233BAE707
:10A21000DAC500C0D3C500C0CDE902324146009B7B
:10A22000202098470028FFF62AAFDDE902320BF123
:10A23000010BD945F0DCEB1A03EB0B055B46E1069D
:10A2400027D5CDE902324146009B302098470028AF
:10A25000FFF615AFDDE902327EB901352F44791BD7
:10A260008A4229DB144604AE94BB2A44A9EB0309B5
:10A270001546914440E017468FE702354146304687
:10A28000CDE90232009B98470028DDE90232E5DA89
:10A29000F5E640F206410C42E0D014F0020F05F161
:10A2A00001054146CDE9023214BF2B20202014F4D1
:10A2B000806F18BF2D20E5E7CDE902324146009BB3
:10A2C000302098470135DDE902320028C7DAD6E6AA
:10A2D000013CCDE902324146009B305D98470028A1
:10A2E000DDE90232C0DACAE6009B41462020013592
:10A2F00098470028FFF6C3AEA9EB0503002BF3DC5B
:10A30000D9E500BF0A44431E914200D1704710B501
:10A3100011F8014B03F8014F9142F9D110BD0244ED
:10A320000346934200D1704703F8011BF9E7024648
:10A33000014410B513468A4203D01C780132002C28
:10A34000F8D1181A10BDF0B5C3F137070446FFB2B3
:10A3500003F01F031046E6B2082B32D0102B3DD07D
:10A360006508A40844EA817445EAC1752D194FEACD
:10A37000910242EB5102290941EA02716D1842EB48
:10A380001212290A41EA02616D1842EB1222290CCD
:10A3900041EA02416D1842EB1242AD1842F100024F
:10A3A000EC0844EA4274D10804EB8402A6EB4205AF
:10A3B000EDB2092D0BD90A3D013441F10001EDB296
:10A3C00012E0E40806F0070544EA4174C908303594
:10A3D00054EA010200F8015BBDD1F0BD240906F08A
:10A3E0000F0544EA01740909092D84BFED19EDB286
:10A3F000EDE700000000000004F01FE505A300C029
:10A4000004F01FE51FA300C00000000000000000D2
:10A41000000000000000000000000000000000003C
:10A42000000000000000000000000000000000002C
:10A43000000000000000000000000000000000001C
:10A44000000000000000000000000000000000000C
:10A4500000000000000000000000000000000000FC
:10A4600000000000000000000000000000000000EC
:10A4700000000000000000000000000000000000DC
:10A4800000000000000000000000000000000000CC
:10A4900000000000000000000000000000000000BC
:10A4A00000000000000000000000000000000000AC
:10A4B000000000000000000000000000000000009C
:10A4C000000000000000000000000000000000008C
:10A4D000000000000000000000000000000000007C
:10A4E000000000000000000000000000000000006C
:10A4F000000000000000000000000000000000005C
:10A50000000000000000000000000000000000004B
:10A51000000000000000000000000000000000003B
:10A52000000000000000000000000000000000002B
:10A53000000000000000000000000000000000001B
:10A54000000000000000000000000000000000000B
:10A5500000000000000000000000000000000000FB
:10A5600000000000000000000000000000000000EB
:10A5700000000000000000000000000000000000DB
:10A5800000000000000000000000000000000000CB
:10A5900000000000000000000000000000000000BB
:10A5A00000000000000000000000000000000000AB
:10A5B000000000000000000000000000000000009B
:10A5C000000000000000000000000000000000008B
:10A5D000000000000000000000000000000000007B
:10A5E000000000000000000000000000000000006B
:10A5F000000000000000000000000000000000005B
:10A60000000000000000000000000000000000004A
:10A61000000000000000000000000000000000003A
:10A62000000000000000000000000000000000002A
:10A63000000000000000000000000000000000001A
:10A64000000000000000000000000000000000000A
:10A6500000000000000000000000000000000000FA
:10A6600000000000000000000000000000000000EA
:10A6700000000000000000000000000000000000DA
:10A6800000000000000000000000000000000000CA
:10A6900000000000000000000000000000000000BA
:10A6A00000000000000000000000000000000000AA
:10A6B000000000000000000000000000000000009A
:10A6C000000000000000000000000000000000008A
:10A6D000000000000000000000000000000000007A
:10A6E000000000000000000000000000000000006A
:10A6F000000000000000000000000000000000005A
:10A700000000000000000000000000000000000049
:10A710000000000000000000000000000000000039
:10A720000000000000000000000000000000000029
:10A730000000000000000000000000000000000019
:10A740000000000000000000000000000000000009
:10A7500000000000000000000000000000000000F9
:10A7600000000000000000000000000000000000E9
:10A7700000000000000000000000000000000000D9
:10A7800000000000000000000000000000000000C9
:10A7900000000000000000000000000000000000B9
:10A7A00000000000000000000000000000000000A9
:10A7B0000000000000000000000000000000000099
:10A7C0000000000000000000000000000000000089
:10A7D0000000000000000000000000000000000079
:10A7E0000000000000000000000000000000000069
:10A7F0000000000000000000000000000000000059
:10A800000000000000000000000000000000000048
:10A810000000000000000000000000000000000038
:10A820000000000000000000000000000000000028
:10A830000000000000000000000000000000000018
:10A840000000000000000000000000000000000008
:10A8500000000000000000000000000000000000F8
:10A8600000000000000000000000000000000000E8
:10A8700000000000000000000000000000000000D8
:10A8800000000000000000000000000000000000C8
:10A8900000000000000000000000000000000000B8
:10A8A00000000000000000000000000000000000A8
:10A8B0000000000000000000000000000000000098
:10A8C0000000000000000000000000000000000088
:10A8D0000000000000000000000000000000000078
:10A8E0000000000000000000000000000000000068
:10A8F0000000000000000000000000000000000058
:10A900000000000000000000000000000000000047
:10A910000000000000000000000000000000000037
:10A920000000000000000000000000000000000027
:10A930000000000000000000000000000000000017
:10A940000000000000000000000000000000000007
:10A9500000000000000000000000000000000000F7
:10A9600000000000000000000000000000000000E7
:10A9700000000000000000000000000000000000D7
:10A9800000000000000000000000000000000000C7
:10A9900000000000000000000000000000000000B7
:10A9A00000000000000000000000000000000000A7
:10A9B0000000000000000000000000000000000097
:10A9C0000000000000000000000000000000000087
:10A9D0000000000000000000000000000000000077
:10A9E0000000000000000000000000000000000067
:10A9F0000000000000000000000000000000000057
:10AA00000000000000000000000000000000000046
:10AA10000000000000000000000000000000000036
:10AA20000000000000000000000000000000000026
:10AA30000000000000000000000000000000000016
:10AA40000000000000000000000000000000000006
:10AA500000000000000000000000000000000000F6
:10AA600000000000000000000000000000000000E6
:10AA700000000000000000000000000000000000D6
:10AA800000000000000000000000000000000000C6
:10AA900000000000000000000000000000000000B6
:10AAA00000000000000000000000000000000000A6
:10AAB0000000000000000000000000000000000096
:10AAC0000000000000000000000000000000000086
:10AAD0000000000000000000000000000000000076
:10AAE0000000000000000000000000000000000066
:10AAF0000000000000000000000000000000000056
:10AB00000000000000000000000000000000000045
:10AB10000000000000000000000000000000000035
:10AB20000000000000000000000000000000000025
:10AB30000000000000000000000000000000000015
:10AB40000000000000000000000000000000000005
:10AB500000000000000000000000000000000000F5
:10AB600000000000000000000000000000000000E5
:10AB700000000000000000000000000000000000D5
:10AB800000000000000000000000000000000000C5
:10AB900000000000000000000000000000000000B5
:10ABA00000000000000000000000000000000000A5
:10ABB0000000000000000000000000000000000095
:10ABC0000000000000000000000000000000000085
:10ABD0000000000000000000000000000000000075
:10ABE0000000000000000000000000000000000065
:10ABF0000000000000000000000000000000000055
:10AC00000000000000000000000000000000000044
:10AC10000000000000000000000000000000000034
:10AC20000000000000000000000000000000000024
:10AC30000000000000000000000000000000000014
:10AC40000000000000000000000000000000000004
:10AC500000000000000000000000000000000000F4
:10AC600000000000000000000000000000000000E4
:10AC700000000000000000000000000000000000D4
:10AC800000000000000000000000000000000000C4
:10AC900000000000000000000000000000000000B4
:10ACA00000000000000000000000000000000000A4
:10ACB0000000000000000000000000000000000094
:10ACC0000000000000000000000000000000000084
:10ACD0000000000000000000000000000000000074
:10ACE0000000000000000000000000000000000064
:10ACF0000000000000000000000000000000000054
:10AD00000000000000000000000000000000000043
:10AD10000000000000000000000000000000000033
:10AD20000000000000000000000000000000000023
:10AD30000000000000000000000000000000000013
:10AD40000000000000000000000000000000000003
:10AD500000000000000000000000000000000000F3
:10AD600000000000000000000000000000000000E3
:10AD700000000000000000000000000000000000D3
:10AD800000000000000000000000000000000000C3
:10AD900000000000000000000000000000000000B3
:10ADA00000000000000000000000000000000000A3
:10ADB0000000000000000000000000000000000093
:10ADC0000000000000000000000000000000000083
:10ADD0000000000000000000000000000000000073
:10ADE0000000000000000000000000000000000063
:10ADF0000000000000000000000000000000000053
:10AE00000000000000000000000000000000000042
:10AE10000000000000000000000000000000000032
:10AE20000000000000000000000000000000000022
:10AE30000000000000000000000000000000000012
:10AE40000000000000000000000000000000000002
:10AE500000000000000000000000000000000000F2
:10AE600000000000000000000000000000000000E2
:10AE700000000000000000000000000000000000D2
:10AE800000000000000000000000000000000000C2
:10AE900000000000000000000000000000000000B2
:10AEA00000000000000000000000000000000000A2
:10AEB0000000000000000000000000000000000092
:10AEC0000000000000000000000000000000000082
:10AED0000000000000000000000000000000000072
:10AEE0000000000000000000000000000000000062
:10AEF0000000000000000000000000000000000052
:10AF00000000000000000000000000000000000041
:10AF10000000000000000000000000000000000031
:10AF20000000000000000000000000000000000021
:10AF30000000000000000000000000000000000011
:10AF40000000000000000000000000000000000001
:10AF500000000000000000000000000000000000F1
:10AF600000000000000000000000000000000000E1
:10AF700000000000000000000000000000000000D1
:10AF800000000000000000000000000000000000C1
:10AF900000000000000000000000000000000000B1
:10AFA00000000000000000000000000000000000A1
:10AFB0000000000000000000000000000000000091
:10AFC0000000000000000000000000000000000081
:10AFD0000000000000000000000000000000000071
:10AFE0000000000000000000000000000000000061
:10AFF0000000000000000000000000000000000051
:08B000005C67FF7F0100000006
:10B0080000000000E0B000C0B82300C0000000004D
:10B0180000000000FCB000C00000000030B200C01A
:10B02800000000006CB100C000000000A4B100C026
:10B038000000000088B100C000000000F8B100C0A6
:10B048000000000014B200C00000000018B100C0E9
:10B0580000000000DCB100C00000000034B100C0F6
:10B0680000000000C0B100C00000000050B100C0E6
:10B07800F43B00C000000000000000004CB200C01B
:10B088000000000068B200C03C4400C0000000009E
:10B09800887100C000000000943500C00000000066
:10B0A800AC9C00C00000000000000000F4B200C02A
:10B0B80000000000A0B200C000000000D8B200C02C
:10B0C8000000000084B200C000000000BCB200C054
:08B0D800D02100C000000000BF
:10B0E00058C500C00000000044B900C0F80000D0FE
:10B0F000000000008C4100C00000000097C500C0A7
:10B1000028BD00C018B900C0020100D00000000036
:10B11000000000000000000088BF00C0ACB900C003
:10B12000DCB800C0E20000D0608201D0D42300C0AF
:10B130000000000096BF00C0C0B900C0DCB800C06D
:10B14000E40000D0708201D0D42300C000000000D1
:10B15000A4BF00C0D4B900C0DCB800C0E60000D075
:10B16000808201D0D42300C000000000B2BF00C024
:10B17000E8B900C0DCB800C0E80000D0908201D07F
:10B18000D42300C000000000C0BF00C0FCB900C054
:10B19000DCB800C0EA0000D0A08201D0D42300C0F7
:10B1A00000000000CEBF00C010BA00C0DCB800C074
:10B1B000EC0000D0B08201D0D42300C00000000019
:10B1C000DCBF00C024BA00C0DCB800C0EE0000D074
:10B1D000C08201D0D42300C000000000EABF00C03C
:10B1E00038BA00C0DCB800C0F00000D0D08201D076
:10B1F000D42300C000000000F8BF00C04CBA00C05B
:10B20000DCB800C0F20000D0E08201D0D42300C03E
:10B21000000000002DC500C000000000000000007C
:10B22000F40000D000000000603600C00000000004
:10B230004BC500C00000000000000000F60000D078
:10B2400000000000D83800C000000000A8C500C001
:10B250002CBD00C028B900C0040100D0888501D0F1
:10B260002C6400C000000000B5C500C048BD00C08F
:10B2700060B900C0060100D0A00000D0D86C00C0AA
:10B28000000000000ABF00C0A4B900C00000000018
:10B29000E00000D000000000E01E00C00000000040
:10B2A00065C500C03CBC00C0B8B800C0FA0000D002
:10B2B000480000D0A44C00C00000000070C500C0D1
:10B2C00068BC00C000B900C0FC0000D08C8401D074
:10B2D000605400C0000000007DC500C0A8BC00C0D4
:10B2E00000B900C0FE0000D0E08401D0605400C06E
:10B2F000000000008AC500C0E8BC00C000B900C062
:10B30000000100D0348501D0605400C0000000006E
:10B3100000000000743200C000000000743200C061
:10B3200000000000743200C000000000743200C051
:10B3300000000000743200C000000000743200C041
:10B3400000000000743200C000000000743200C031
:10B3500000000000743200C000000000743200C021
:10B3600000000000743200C000000000743200C011
:10B3700000000000743200C000000000743200C001
:10B3800000000000743200C000000000743200C0F1
:10B3900000000000743200C000000000743200C0E1
:10B3A00000000000743200C000000000743200C0D1
:10B3B00000000000743200C000000000743200C0C1
:10B3C00000000000743200C000000000743200C0B1
:10B3D00000000000743200C000000000743200C0A1
:10B3E00000000000743200C0000000000C7200C0B9
:10B3F00000000000743200C000000000743200C081
:10B4000000000000743200C000000000743200C070
:10B4100000000000743200C000000000743200C060
:10B4200000000000743200C04CB200C0106000C0C8
:10B4300000000000743200C000000000743200C040
:10B4400040C600C0703B00C03EC600C0703B00C09C
:10B450003CC600C0703B00C03AC600C0703B00C094
:10B4600038C600C0703B00C000000000743200C04D
:10B4700000000000743200C000000000743200C000
:10B4800000000000743200C000000000743200C0F0
:10B4900000000000743200C000000000743200C0E0
:10B4A00000000000743200C000000000743200C0D0
:10B4B00000000000743200C000000000743200C0C0
:10B4C00000000000743200C000000000743200C0B0
:10B4D00036C600C0703B00C000000000743200C0DF
:10B4E00000000000743200C000000000743200C090
:10B4F00000000000743200C000000000743200C080
:10B5000000000000743200C000000000743200C06F
:10B51000F4B200C0445500C0F4B200C0485500C0A9
:10B5200000000000743200C000000000743200C04F
:10B5300000000000743200C000000000743200C03F
:10B5400000000000743200C000000000743200C02F
:10B5500000000000743200C02CC600C0703B00C068
:10B5600000000000743200C02AC600C0703B00C05A
:10B5700000000000743200C000000000743200C0FF
:10B5800000000000743200C000000000743200C0EF
:10B5900000000000743200C000000000743200C0DF
:10B5A00000000000743200C000000000743200C0CF
:10B5B00000000000743200C000000000743200C0BF
:10B5C00000000000743200C000000000743200C0AF
:10B5D00000000000743200C000000000743200C09F
:10B5E00000000000743200C000000000743200C08F
:10B5F00000000000743200C000000000743200C07F
:10B6000000000000743200C000000000743200C06E
:10B6100000000000743200C034C600C0703B00C09F
:10B6200032C600C0703B00C030C600C0703B00C0D6
:10B630002EC600C0703B00C000000000743200C085
:10B6400000000000743200C000000000743200C02E
:10B6500000000000743200C000000000743200C01E
:10B6600000000000743200C000000000743200C00E
:10B6700000000000743200C028C600C0703B00C04B
:10B6800026C600C0703B00C000000000743200C03D
:10B6900000000000743200C000000000743200C0DE
:10B6A00000000000743200C000000000743200C0CE
:10B6B00000000000743200C000000000743200C0BE
:10B6C00000000000743200C000000000743200C0AE
:10B6D00000000000743200C000000000743200C09E
:10B6E00000000000743200C000000000743200C08E
:10B6F00000000000743200C0D8B200C0445500C041
:10B70000D8B200C0485500C000000000743200C02C
:10B7100000000000743200C000000000743200C05D
:10B7200000000000743200C000000000743200C04D
:10B7300000000000743200C000000000743200C03D
:10B7400000000000743200C000000000743200C02D
:10B7500000000000743200C000000000743200C01D
:10B7600024C600C0703B00C000000000743200C05E
:10B7700000000000743200C022C600C0703B00C050
:10B7800000000000743200C000000000743200C0ED
:10B7900000000000743200C000000000743200C0DD
:10B7A000BCB200C0445500C0BCB200C0485500C087
:10B7B00000000000743200C000000000743200C0BD
:10B7C00000000000743200C000000000743200C0AD
:10B7D00000000000743200C000000000743200C09D
:10B7E00000000000743200C000000000743200C08D
:10B7F00000000000743200C000000000743200C07D
:10B8000000000000743200C000000000743200C06C
:10B8100000000000743200C000000000743200C05C
:10B8200000000000743200C000000000743200C04C
:10B8300000000000743200C000000000743200C03C
:10B8400000000000743200C000000000743200C02C
:10B8500000000000743200C000000000743200C01C
:10B8600000000000743200C000000000743200C00C
:10B8700000000000743200C000000000743200C0FC
:10B8800000000000743200C000000000743200C0EC
:10B8900000000000743200C000000000743200C0DC
:10B8A00000000000743200C000000000743200C0CC
:08B8B00000000000743200C02A
:10B8B800704A00C00C4A00C0884900C0044A00C051
:10B8C800FC4900C0204900C0784700C0884600C035
:10B8D80000000000B05000C0804E00C0984E00C06C
:10B8E800BC4E00C0D84E00C0F04E00C0BC4F00C0D7
:10B8F800184F00C000000000A45300C0DC5100C075
:10B90800A45200C000000000000000000000000079
:10B91800F05B00C0205C00C0485C00C0705C00C0E8
:10B92800E06200C0606100C0A05D00C0EC6500C0BE
:10B938005C5E00C0105E00C0C85D00C0B83F00C0BB
:10B94800144000C000000000704000C0DC4300C08C
:10B95800000000007C4300C0B86A00C0686A00C0EC
:0CB96800706900C0FC6E00C0A07000C040
:10B9740018070000010000000000000000000000A3
:10B984000000000001000000000000007E00000034
:10B99400040000000000000000000000000000009F
:10B9A400D8B200C033000000FFFF000000A0005028
:10B9B400080000006807000000010000FFFF00000D
:10B9C400009000500700000068070000800000009D
:10B9D400FFFF000000800050060000006807000020
:10B9E40040000000FFFF0000007000500500000050
:10B9F4006807000020000000FFFF00000060005006
:10BA0400040000006807000010000000FFFF0000B1
:10BA14000050005003000000680700000800000008
:10BA2400FFFF000000400050020000006807000013
:10BA340004000000FFFF000000300050010000007F
:10BA44006807000002000000FFFF00000020005013
:10BA5400000000006807000001000000F8B100C009
:10BA6400DCB100C0C0B100C0A4B100C088B100C046
:10BA74006CB100C050B100C034B100C018B100C0F6
:10BA8400110000008CBA00C000000040000000401B
:10BA94000094010006C000C01A0000000000004429
:10BAA40000000044004001000BC000C01A00000068
:10BAB40000000048000000480000040110C000C05D
:10BAC4001A0000000000004C0000004C00C40000FC
:10BAD40015C000C01A000000000000500000005013
:10BAE40000D400001AC000C01A0000000000025078
:10BAF4000000025000A400001FC000C01A00000093
:10BB0400000008500000085000D0050024C000C008
:10BB14001A000000000000540000005400800000DF
:10BB24002EC000C01A00000000000057000000579B
:10BB34000000100033C000C01A00000000000058CC
:10BB4400000000580000010039C000C01A000000C5
:10BB54000000005A0000005A007400003EC000C0FB
:10BB64001A0000000000005C0000005C00A400005B
:10BB740043C000C01A000000001002A0001002A080
:10BB84000070000048C000C01A0000000000FE2F32
:10BB94000000FE2F00C001004CC000C03C000000AB
:10BBA400000000C0000000C00010000053C000C02E
:10BBB4002C000000009000C0009000C00080000035
:10BBC4005BC000C02C000000000008E0000008E09A
:10BBD40000D0050064C000C01A0000000AC100C003
:10BBE400000000D000F005D01C26000016C100C0E3
:10BBF400001000C008A400C02C92010022C100C0A3
:10BC040000B000C000D000C00C920100A1C400C06C
:10BC1400AEC400C0B9C400C0D1C400C0E2C400C0F6
:10BC2400F9C400C030C100C030C100C006C500C0A6
:10BC340030C100C016C500C0FFFF0000F4B200C050
:10BC440021000000000000000000000000000000CF
:10BC54000000000010000000E04400C0744500C073
:10BC6400C04400C06C5200C088BC00C00100000089
:10BC74000060004CA086010090BC00C0A8BC00C0BD
:10BC840000000000480700004000000098BC00C00D
:10BC940001000000A0BC00C00200000023C8040092
:10BCA400C7C80400345200C0C8BC00C00100000072
:10BCB4000050004C801A0600D0BC00C0E8BC00C094
:10BCC400000000004807000020000000D8BC00C0AD
:10BCD40001000000E0BC00C002000000E4CD04004C
:10BCE40021CD0400FC5100C008BD00C001000000CB
:10BCF40000200140A086010010BD00C028BD00C086
:10BD040000000000000700000000200018BD00C073
:10BD14000100000020BD00C00200000083CB04002D
:10BD240004CB0400000000507F000000FF0000006E
:10BD340038BD00C040070000000100000200000000
:10BD44000004300100000140E0B000C0FCB000C0BD
:10BD540010D4480D70BD00C00100000000000000B8
:10BD6400000000000000000078BD00C000070000D3
:10BD74000000010080BD00C00100000088BD00C0BB
:10BD840002000000C35004000351000008B000C0CA
:10BD940008B000C098B000C0A0B000C0D8B000C0C7
:10BDA400E0B000C0CAC500C00001000000000000EF
:10BDB4000010000000300A3D3D3D2057616B6520B6
:10BDC400736F757263652074657374203D3D3D0A1D
:10BDD4000077616B6575705F736F75726365735F10
:10BDE400696E69742829203D2025640A0077616BF7
:10BDF4006575705F736F75726365735F61726D5F94
:10BE04007274635F616C61726D283229203D202554
:10BE1400640A007274632070656E64696E672062E0
:10BE240065666F72652077616974203D2025750A07
:10BE340000656E746572696E67205A657068797200
:10BE44002069646C650A0072657475726E6564209D
:10BE540066726F6D205A65706879722069646C65CA
:10BE64000A007274632070656E64696E672061668F
:10BE74007465722077616974203D2025750A00720B
:10BE84007463206669726564203D2025750A00622A
:10BE94007574746F6E206669726564203D20257523
:10BEA4000A000A3D3D3D205465737420636F6D7034
:10BEB4006C657465642120436F6E74696E75696E78
:10BEC40067206E6F726D616C206578656375746947
:10BED4006F6E2E2E2E203D3D3D0A00627574746FE8
:10BEE4006E2077616B6520696E746572727570740B
:10BEF4000A007274632077616B6520696E746572E1
:10BF0400727570740A00706D696340333300627532
:10BF1400636B31006275636B32006275636B33006F
:10BF24006275636B34006C646F31006C646F320053
:10BF34006C646F35006C646F3600767265665F649E
:10BF4400647200626F6F7374002A2A2A20426F6F32
:10BF540074696E67205A6570687972204F53206245
:10BF640075696C642076342E342E302D3530383794
:10BF74002D67343263663831396632356237202AA8
:10BF84002A2A0A006770696F4035303030613030DA
:10BF940030006770696F40353030303930303000F0
:10BFA4006770696F4035303030383030300067703A
:10BFB400696F403530303037303030006770696F2A
:10BFC400403530303036303030006770696F40357E
:10BFD40030303035303030006770696F4035303084
:10BFE4003034303030006770696F40353030303372
:10BFF400303030006770696F403530303032303067
:10C0040030004150423100415042320041484232F6
:10C01400004150423600414842340041504233000E
:10C024004445425547204150420041484235004171
:10C0340058494D4300414842360041504234004182
:10C04400504235004749430053595352414D0076FD
:10C054006563746F727300726F6D5F7461696C00F5
:10C064004441504255530072302F61313A20203000
:10C074007825303878202072312F61323A202030F0
:10C084007825303878202072322F61333A202030DE
:10C0940078253038780A0072332F61343A20203002
:10C0A4007825303878207231322F69703A20203068
:10C0B4007825303878207231342F6C723A20203051
:10C0C40078253038780A0020787073723A2020304E
:10C0D40078253038780A004661756C74696E67207B
:10C0E400696E737472756374696F6E2061646472CF
:10C0F40065737320287231352F7063293A203078A4
:10C10400253038780A007A65706879725F646174E2
:10C1140061007A65706879725F636F6465007A653F
:10C12400706879725F726F6461746100556E6B6ED2
:10C134006F776E00416C69676E6D656E7420466141
:10C14400756C742040203078253038780A00537993
:10C154006E6368726F6E6F75732045787465726E66
:10C16400616C2041626F7274204020307825303831
:10C17400780A004173796E6368726F6E6F7573200D
:10C1840045787465726E616C2041626F72740A0046
:10C1940053796E6368726F6E6F7573205061726944
:10C1A40074792F454343204572726F7220402030CA
:10C1B40078253038780A004173796E6368726F6E3F
:10C1C4006F7573205061726974792F45434320451C
:10C1D40072726F720A004465627567204576656EF7
:10C1E4007420282573290A00326E64204C65766514
:10C1F4006C205065726D697373696F6E204661754A
:10C204006C742040203078253038780A00317374FB
:10C21400204C6576656C2041636365737320466CBE
:10C224006167204661756C74204020307825303871
:10C23400780A00326E64204C6576656C2041636335
:10C2440065737320466C6167204661756C74204089
:10C25400203078253038780A004361636865204DC2
:10C2640061696E74656E616E636520496E73747284
:10C27400756374696F6E204661756C74204020305C
:10C2840078253038780A00317374204C6576656CF3
:10C29400205472616E736C6174696F6E20466175AF
:10C2A4006C742040203078253038780A00326E646F
:10C2B400204C6576656C205472616E736C61746990
:10C2C4006F6E204661756C742040203078253038BC
:10C2D400780A00317374204C6576656C20446F6D68
:10C2E40061696E204661756C742040203078253079
:10C2F40038780A00326E64204C6576656C20446F91
:10C304006D61696E204661756C742040203078251B
:10C314003038780A00317374204C6576656C20538C
:10C32400796E6368726F6E6F757320457874657289
:10C334006E616C2041626F7274205472616E736C12
:10C344006174696F6E205461626C6520402030789E
:10C35400253038780A00326E64204C6576656C208E
:10C3640053796E6368726F6E6F7573204578746568
:10C37400726E616C2041626F7274205472616E73CC
:10C384006C6174696F6E205461626C65204020306A
:10C3940078253038780A00544C4220436F6E666C1E
:10C3A4006963742041626F727420402030782530B4
:10C3B40038780A00317374204C6576656C205379A3
:10C3C4006E6368726F6E6F757320506172697479F1
:10C3D400204572726F72205472616E736C6174695D
:10C3E4006F6E205461626C652040203078253038AF
:10C3F400780A00326E64204C6576656C2053796E41
:10C404006368726F6E6F75732050617269747920FE
:10C414004572726F72205472616E736C6174696FCD
:10C424006E205461626C6520402030782530387865
:10C434000A00556E6B6E6F776E20282575290A00E9
:10C444002A2A2A2A2A20554E444546494E45442044
:10C45400494E535452554354494F4E2041424F5232
:10C4640054202A2A2A2A2A0A002A2A2A2A2A205036
:10C47400524546455443482041424F5254202A2AAB
:10C484002A2A2A0A002A2A2A2A2A204441544120F4
:10C4940041424F5254202A2A2A2A2A0A0048616C0F
:10C4A40074205265717565737400427265616B70B6
:10C4B4006F696E74004173796E6368726F6E6F7525
:10C4C40073205761746368706F696E7400424B50D7
:10C4D4005420496E737472756374696F6E00457885
:10C4E4007465726E616C2044656275672052657173
:10C4F4007565737400566563746F72204361746369
:10C5040068004F5320556E6C6F636B2043617463F6
:10C51400680053796E6368726F6E6F75732057612C
:10C52400746368706F696E7400696E746572727595
:10C5340070742D636F6E74726F6C6C6572403530FD
:10C5440030306430303000676963406130303231FC
:10C55400303030007263634035303030303030304A
:10C564000070696E6374726C4032310069326340EA
:10C5740034633030363030300069326340346330F5
:10C58400303530303000693263403430303132304D
:10C5940030300072657365742D636F6E74726F6CE6
:10C5A4006C657200727463403563303034303030FF
:10C5B4000073657269616C40343030313030303032
:10C5C400006D61696E00737973776F726B71002807
:10C5D4006E756C6C29002A666C6F61742A00000306
:10C5E40003030303030302010018262E322A36082C
:10C5F4003A563E420446224A56565656560C56144D
:10C604001056564E5652000F15242F3841211C2324
:10C614002C0C000912F0E9ECF5D900080C140F01F8
:10C624000E010D010C010B010A01090108010701AA
:10C63400060105010401030102010101000126367E
:10C64400181A2A0C16495122224A292D4D442653E0
:10C65400453C1E4B2D34163D4300000000000000F5
:10C6640000000000000000000000000000000000C6
:10C6740000000000000000000000000000000000B6
:10C6840000000000000000000000000000000000A6
:10C694000000000000000000000000000000000096
:10C6A4000000000000000000000000000000000086
:10C6B4000000000000000000000000000000000076
:10C6C4000000000000000000000000000000000066
:10C6D4000000000000000000000000000000000056
:10C6E4000000000000000000000000000000000046
:10C6F4000000000000000000000000000000000036
:10C704000000000000000000000000000000000025
:10C714000000000000000000000000000000000015
:10C724000000000000000000000000000000000005
:10C7340000000000000000000000000000000000F5
:10C7440000000000000000000000000000000000E5
:10C7540000000000000000000000000000000000D5
:10C7640000000000000000000000000000000000C5
:10C7740000000000000000000000000000000000B5
:10C7840000000000000000000000000000000000A5
:10C794000000000000000000000000000000000095
:10C7A4000000000000000000000000000000000085
:10C7B4000000000000000000000000000000000075
:10C7C4000000000000000000000000000000000065
:10C7D4000000000000000000000000000000000055
:10C7E4000000000000000000000000000000000045
:10C7F4000000000000000000000000000000000035
:10C804000000000000000000000000000000000024
:10C814000000000000000000000000000000000014
:10C824000000000000000000000000000000000004
:10C8340000000000000000000000000000000000F4
:10C8440000000000000000000000000000000000E4
:10C8540000000000000000000000000000000000D4
:10C8640000000000000000000000000000000000C4
:10C8740000000000000000000000000000000000B4
:10C8840000000000000000000000000000000000A4
:10C894000000000000000000000000000000000094
:10C8A4000000000000000000000000000000000084
:10C8B4000000000000000000000000000000000074
:10C8C4000000000000000000000000000000000064
:10C8D4000000000000000000000000000000000054
:10C8E4000000000000000000000000000000000044
:10C8F4000000000000000000000000000000000034
:10C904000000000000000000000000000000000023
:10C914000000000000000000000000000000000013
:10C924000000000000000000000000000000000003
:10C9340000000000000000000000000000000000F3
:10C9440000000000000000000000000000000000E3
:10C9540000000000000000000000000000000000D3
:10C9640000000000000000000000000000000000C3
:10C9740000000000000000000000000000000000B3
:10C9840000000000000000000000000000000000A3
:10C994000000000000000000000000000000000093
:10C9A4000000000000000000000000000000000083
:10C9B4000000000000000000000000000000000073
:10C9C4000000000000000000000000000000000063
:10C9D4000000000000000000000000000000000053
:10C9E4000000000000000000000000000000000043
:10C9F4000000000000000000000000000000000033
:10CA04000000000000000000000000000000000022
:10CA14000000000000000000000000000000000012
:10CA24000000000000000000000000000000000002
:10CA340000000000000000000000000000000000F2
:10CA440000000000000000000000000000000000E2
:10CA540000000000000000000000000000000000D2
:10CA640000000000000000000000000000000000C2
:10CA740000000000000000000000000000000000B2
:10CA840000000000000000000000000000000000A2
:10CA94000000000000000000000000000000000092
:10CAA4000000000000000000000000000000000082
:10CAB4000000000000000000000000000000000072
:10CAC4000000000000000000000000000000000062
:10CAD4000000000000000000000000000000000052
:10CAE4000000000000000000000000000000000042
:10CAF4000000000000000000000000000000000032
:10CB04000000000000000000000000000000000021
:10CB14000000000000000000000000000000000011
:10CB24000000000000000000000000000000000001
:10CB340000000000000000000000000000000000F1
:10CB440000000000000000000000000000000000E1
:10CB540000000000000000000000000000000000D1
:10CB640000000000000000000000000000000000C1
:10CB740000000000000000000000000000000000B1
:10CB840000000000000000000000000000000000A1
:10CB94000000000000000000000000000000000091
:10CBA4000000000000000000000000000000000081
:10CBB4000000000000000000000000000000000071
:10CBC4000000000000000000000000000000000061
:10CBD4000000000000000000000000000000000051
:10CBE4000000000000000000000000000000000041
:10CBF4000000000000000000000000000000000031
:10CC04000000000000000000000000000000000020
:10CC14000000000000000000000000000000000010
:10CC24000000000000000000000000000000000000
:10CC340000000000000000000000000000000000F0
:10CC440000000000000000000000000000000000E0
:10CC540000000000000000000000000000000000D0
:10CC640000000000000000000000000000000000C0
:10CC740000000000000000000000000000000000B0
:10CC840000000000000000000000000000000000A0
:10CC94000000000000000000000000000000000090
:10CCA4000000000000000000000000000000000080
:10CCB4000000000000000000000000000000000070
:10CCC4000000000000000000000000000000000060
:10CCD4000000000000000000000000000000000050
:10CCE4000000000000000000000000000000000040
:10CCF4000000000000000000000000000000000030
:10CD0400000000000000000000000000000000001F
:10CD1400000000000000000000000000000000000F
:10CD240000000000000000000000000000000000FF
:10CD340000000000000000000000000000000000EF
:10CD440000000000000000000000000000000000DF
:10CD540000000000000000000000000000000000CF
:10CD640000000000000000000000000000000000BF
:10CD740000000000000000000000000000000000AF
:10CD8400000000000000000000000000000000009F
:10CD9400000000000000000000000000000000008F
:10CDA400000000000000000000000000000000007F
:10CDB400000000000000000000000000000000006F
:10CDC400000000000000000000000000000000005F
:10CDD400000000000000000000000000000000004F
:10CDE400000000000000000000000000000000003F
:10CDF400000000000000000000000000000000002F
:10CE0400000000000000000000000000000000001E
:10CE1400000000000000000000000000000000000E
:10CE240000000000000000000000000000000000FE
:10CE340000000000000000000000000000000000EE
:10CE440000000000000000000000000000000000DE
:10CE540000000000000000000000000000000000CE
:10CE640000000000000000000000000000000000BE
:10CE740000000000000000000000000000000000AE
:10CE8400000000000000000000000000000000009E
:10CE9400000000000000000000000000000000008E
:10CEA400000000000000000000000000000000007E
:10CEB400000000000000000000000000000000006E
:10CEC400000000000000000000000000000000005E
:10CED400000000000000000000000000000000004E
:10CEE400000000000000000000000000000000003E
:10CEF400000000000000000000000000000000002E
:10CF0400000000000000000000000000000000001D
:10CF1400000000000000000000000000000000000D
:10CF240000000000000000000000000000000000FD
:10CF340000000000000000000000000000000000ED
:10CF440000000000000000000000000000000000DD
:10CF540000000000000000000000000000000000CD
:10CF640000000000000000000000000000000000BD
:10CF740000000000000000000000000000000000AD
:10CF8400000000000000000000000000000000009D
:10CF9400000000000000000000000000000000008D
:10CFA400000000000000000000000000000000007D
:10CFB400000000000000000000000000000000006D
:10CFC400000000000000000000000000000000005D
:10CFD400000000000000000000000000000000004D
:10CFE400000000000000000000000000000000003D
:0CCFF40000000000000000000000000031
:10D00000E82100C0042800C040000000FFFFFFFF2F
:10D01000E8CE45D0E88D06D0E88C06D0E88B06D067
:10D02000E88909D0E8850DD000000000000000006C
:10D03000000000000000000000000000603500C09B
:10D0400000000000000000000000000000000000E0
:10D0500000000000000000000000000000000000D0
:10D0600000000000000000000000000000000000C0
:10D0700000000000000000000000000000000000B0
:10D080000000000000000000FFFF000000000000A2
:10D090000000000000000000000000000000000090
:10D0A000A40000D000C20100000103000090D003E2
:10D0B000C8000000FFFFFFFFB80000D0B80000D09C
:10D0C000FF00FF00FF00FF00FF00FF00FF00FF0068
:10D0D000FF00FF00FF00FF00FF00FF00FF00FF0058
:10D0E0000000000000000000000000000000000040
:10D0F0000000000000000000000000000000000030
:08D10000000000000000000027
:10D108004C309FE5102093E5022C82E3102083E544
:10D11800102093E50120C2E3102083E5002093E569
:10D12800012082E3002083E5002093E50820C2E384
:10D13800002083E5002093E50420C2E3002083E576
:10D148000522A0E3003192E5013083E3003182E556
:10D15800860000EA001000500130A0E373402DE97A
:10D168000040A0E1003080E5043080E5B4319FE55F
:10D17800B4119FE5302093E50920C2E3302083E510
:10D18800302093E5092002E20250D1E7000055E380
:10D19800E430A0131700001A90219FE5802192E542
:10D1A8005220F3E70C2080E5302093E5202082E32D
:10D1B800302083E578219FE5041093E5371001E2DC
:10D1C800230051E35200000A012052E2F9FFFF1A3E
:10D1D8000150A0E30220A0E3000055E3042084E509
:10D1E800043093E5103084E50500000A0030A0E320
:10D1F800183084E5E130A0E3043084E508D08DE2FE
:10D208007080BDE82C119FE50130A0E3183084E55B
:10D218000330A0E3043084E50161A0E318C19FE571
:10D228000A30A0E30500A0E101E9A0E3186081E568
:10D2380000008DE500209DE50C0052E12000003A39
:10D2480018E081E504008DE504209DE50C0052E11D
:10D258002000003A013053E2F3FFFF1AA7FFFFEB6B
:10D26800C0309FE5302093E52020C2E3302083E5DD
:10D27800BC209FE5041093E5071001E2010051E38B
:10D288001E00000A012052E2F9FFFF1A0350A0E332
:10D298000420A0E3000055E3042084E5043093E56E
:10D2A800143084E51000000A0030A0E31C3084E547
:10D2B800E230A0E3043084E50130A0E3083084E5DF
:10D2C800CDFFFFEA00F020E300209DE5012082E287
:10D2D80000208DE5D6FFFFEA00F020E304209DE55D
:10D2E800012082E204208DE5D6FFFFEA0130A0E3A9
:10D2F8000520A0E31C3084E5042084E5EEFFFFEA66
:10D3080038109FE50C2091E5012AC2E30C2081E545
:10D31800DEFFFFEA24109FE50C2091E5012B82E354
:10D328000C2081E5AAFFFFEA0030005AE2C500C0E0
:10D338000040005A80F0FA0200200050400D03001F
:10D348000010005010402DE90D40A0E110309FE57D
:10D3580003D0A0E10C009FE57EFFFFEB04D0A0E125
:10D368001080BDE87806FE2F7806FE2F000000002A
:08D3780004F01FE5F43200C0CF
:04D3800015E015E0BF
:04000005C00031F016
:00000001FF
