:02000004C0003A
:1000000018F09FE518F09FE518F09FE518F09FE5C0
:1000100018F09FE500F020E314F09FE514F09FE551
:10002000183600C0B43200C03C3800C0F83200C0FE
:0C003000283300C02C3700C0342B00C067
:1000400000000000000000000000000000000000B0
:1000500000000000000000000000000000000000A0
:100060000000000000000000000000000000000090
:100070000000000000000000000000000000000080
:100080000000000000000000000000000000000070
:100090000000000000000000000000000000000060
:1000A0000000000000000000000000000000000050
:1000B0000000000000000000000000000000000040
:1000C0000000000000000000000000000000000030
:1000D0000000000000000000000000000000000020
:1000E0000000000000000000000000000000000010
:1000F0000000000000000000000000000000000000
:1001000000000000000000000000000000000000EF
:1001100000000000000000000000000000000000DF
:1001200000000000000000000000000000000000CF
:1001300000000000000000000000000000000000BF
:1001400000000000000000000000000000000000AF
:10015000000000000000000000000000000000009F
:10016000000000000000000000000000000000008F
:10017000000000000000000000000000000000007F
:10018000000000000000000000000000000000006F
:10019000000000000000000000000000000000005F
:1001A000000000000000000000000000000000004F
:1001B000000000000000000000000000000000003F
:1001C000000000000000000000000000000000002F
:1001D000000000000000000000000000000000001F
:1001E000000000000000000000000000000000000F
:1001F00000000000000000000000000000000000FF
:1002000000000000000000000000000000000000EE
:1002100000000000000000000000000000000000DE
:1002200000000000000000000000000000000000CE
:1002300000000000000000000000000000000000BE
:1002400000000000000000000000000000000000AE
:10025000000000000000000000000000000000009E
:10026000000000000000000000000000000000008E
:10027000000000000000000000000000000000007E
:10028000000000000000000000000000000000006E
:10029000000000000000000000000000000000005E
:1002A000000000000000000000000000000000004E
:1002B000000000000000000000000000000000003E
:1002C000000000000000000000000000000000002E
:1002D000000000000000000000000000000000001E
:1002E000000000000000000000000000000000000E
:1002F00000000000000000000000000000000000FE
:1003000000000000000000000000000000000000ED
:1003100000000000000000000000000000000000DD
:1003200000000000000000000000000000000000CD
:1003300000000000000000000000000000000000BD
:1003400000000000000000000000000000000000AD
:10035000000000000000000000000000000000009D
:10036000000000000000000000000000000000008D
:10037000000000000000000000000000000000007D
:10038000000000000000000000000000000000006D
:10039000000000000000000000000000000000005D
:1003A000000000000000000000000000000000004D
:1003B000000000000000000000000000000000003D
:1003C000000000000000000000000000000000002D
:1003D000000000000000000000000000000000001D
:1003E000000000000000000000000000000000000D
:1003F00000000000000000000000000000000000FD
:1004000000000000000000000000000000000000EC
:1004100000000000000000000000000000000000DC
:1004200000000000000000000000000000000000CC
:1004300000000000000000000000000000000000BC
:1004400000000000000000000000000000000000AC
:10045000000000000000000000000000000000009C
:10046000000000000000000000000000000000008C
:10047000000000000000000000000000000000007C
:10048000000000000000000000000000000000006C
:10049000000000000000000000000000000000005C
:1004A000000000000000000000000000000000004C
:1004B000000000000000000000000000000000003C
:1004C000000000000000000000000000000000002C
:1004D000000000000000000000000000000000001C
:1004E000000000000000000000000000000000000C
:1004F00000000000000000000000000000000000FC
:1005000000000000000000000000000000000000EB
:1005100000000000000000000000000000000000DB
:1005200000000000000000000000000000000000CB
:1005300000000000000000000000000000000000BB
:1005400000000000000000000000000000000000AB
:10055000000000000000000000000000000000009B
:10056000000000000000000000000000000000008B
:10057000000000000000000000000000000000007B
:10058000000000000000000000000000000000006B
:10059000000000000000000000000000000000005B
:1005A000000000000000000000000000000000004B
:1005B000000000000000000000000000000000003B
:1005C000000000000000000000000000000000002B
:1005D000000000000000000000000000000000001B
:1005E000000000000000000000000000000000000B
:1005F00000000000000000000000000000000000FB
:1006000000000000000000000000000000000000EA
:1006100000000000000000000000000000000000DA
:1006200000000000000000000000000000000000CA
:1006300000000000000000000000000000000000BA
:1006400000000000000000000000000000000000AA
:10065000000000000000000000000000000000009A
:10066000000000000000000000000000000000008A
:10067000000000000000000000000000000000007A
:10068000000000000000000000000000000000006A
:10069000000000000000000000000000000000005A
:1006A000000000000000000000000000000000004A
:1006B000000000000000000000000000000000003A
:1006C000000000000000000000000000000000002A
:1006D000000000000000000000000000000000001A
:1006E000000000000000000000000000000000000A
:1006F00000000000000000000000000000000000FA
:1007000000000000000000000000000000000000E9
:1007100000000000000000000000000000000000D9
:1007200000000000000000000000000000000000C9
:1007300000000000000000000000000000000000B9
:1007400000000000000000000000000000000000A9
:100750000000000000000000000000000000000099
:100760000000000000000000000000000000000089
:100770000000000000000000000000000000000079
:100780000000000000000000000000000000000069
:100790000000000000000000000000000000000059
:1007A0000000000000000000000000000000000049
:1007B0000000000000000000000000000000000039
:1007C0000000000000000000000000000000000029
:1007D0000000000000000000000000000000000019
:1007E0000000000000000000000000000000000009
:1007F00000000000000000000000000000000000F9
:1008000000000000000000000000000000000000E8
:1008100000000000000000000000000000000000D8
:1008200000000000000000000000000000000000C8
:1008300000000000000000000000000000000000B8
:1008400000000000000000000000000000000000A8
:100850000000000000000000000000000000000098
:100860000000000000000000000000000000000088
:100870000000000000000000000000000000000078
:100880000000000000000000000000000000000068
:100890000000000000000000000000000000000058
:1008A0000000000000000000000000000000000048
:1008B0000000000000000000000000000000000038
:1008C0000000000000000000000000000000000028
:1008D0000000000000000000000000000000000018
:1008E0000000000000000000000000000000000008
:1008F00000000000000000000000000000000000F8
:1009000000000000000000000000000000000000E7
:1009100000000000000000000000000000000000D7
:1009200000000000000000000000000000000000C7
:1009300000000000000000000000000000000000B7
:1009400000000000000000000000000000000000A7
:100950000000000000000000000000000000000097
:100960000000000000000000000000000000000087
:100970000000000000000000000000000000000077
:100980000000000000000000000000000000000067
:100990000000000000000000000000000000000057
:1009A0000000000000000000000000000000000047
:1009B0000000000000000000000000000000000037
:1009C0000000000000000000000000000000000027
:1009D0000000000000000000000000000000000017
:1009E0000000000000000000000000000000000007
:1009F00000000000000000000000000000000000F7
:100A000000000000000000000000000000000000E6
:100A100000000000000000000000000000000000D6
:100A200000000000000000000000000000000000C6
:100A300000000000000000000000000000000000B6
:100A400000000000000000000000000000000000A6
:100A50000000000000000000000000000000000096
:100A60000000000000000000000000000000000086
:100A70000000000000000000000000000000000076
:100A80000000000000000000000000000000000066
:100A90000000000000000000000000000000000056
:100AA0000000000000000000000000000000000046
:100AB0000000000000000000000000000000000036
:100AC0000000000000000000000000000000000026
:100AD0000000000000000000000000000000000016
:100AE0000000000000000000000000000000000006
:100AF00000000000000000000000000000000000F6
:100B000000000000000000000000000000000000E5
:100B100000000000000000000000000000000000D5
:100B200000000000000000000000000000000000C5
:100B300000000000000000000000000000000000B5
:100B400000000000000000000000000000000000A5
:100B50000000000000000000000000000000000095
:100B60000000000000000000000000000000000085
:100B70000000000000000000000000000000000075
:100B80000000000000000000000000000000000065
:100B90000000000000000000000000000000000055
:100BA0000000000000000000000000000000000045
:100BB0000000000000000000000000000000000035
:100BC0000000000000000000000000000000000025
:100BD0000000000000000000000000000000000015
:100BE0000000000000000000000000000000000005
:100BF00000000000000000000000000000000000F5
:100C000000000000000000000000000000000000E4
:100C100000000000000000000000000000000000D4
:100C200000000000000000000000000000000000C4
:100C300000000000000000000000000000000000B4
:100C400000000000000000000000000000000000A4
:100C50000000000000000000000000000000000094
:100C60000000000000000000000000000000000084
:100C70000000000000000000000000000000000074
:100C80000000000000000000000000000000000064
:100C90000000000000000000000000000000000054
:100CA0000000000000000000000000000000000044
:100CB0000000000000000000000000000000000034
:100CC0000000000000000000000000000000000024
:100CD0000000000000000000000000000000000014
:100CE0000000000000000000000000000000000004
:100CF00000000000000000000000000000000000F4
:100D000000000000000000000000000000000000E3
:100D100000000000000000000000000000000000D3
:100D200000000000000000000000000000000000C3
:100D300000000000000000000000000000000000B3
:100D400000000000000000000000000000000000A3
:100D50000000000000000000000000000000000093
:100D60000000000000000000000000000000000083
:100D70000000000000000000000000000000000073
:100D80000000000000000000000000000000000063
:100D90000000000000000000000000000000000053
:100DA0000000000000000000000000000000000043
:100DB0000000000000000000000000000000000033
:100DC0000000000000000000000000000000000023
:100DD0000000000000000000000000000000000013
:100DE0000000000000000000000000000000000003
:100DF00000000000000000000000000000000000F3
:100E000000000000000000000000000000000000E2
:100E100000000000000000000000000000000000D2
:100E200000000000000000000000000000000000C2
:100E300000000000000000000000000000000000B2
:100E400000000000000000000000000000000000A2
:100E50000000000000000000000000000000000092
:100E60000000000000000000000000000000000082
:100E70000000000000000000000000000000000072
:100E80000000000000000000000000000000000062
:100E90000000000000000000000000000000000052
:100EA0000000000000000000000000000000000042
:100EB0000000000000000000000000000000000032
:100EC0000000000000000000000000000000000022
:100ED0000000000000000000000000000000000012
:100EE0000000000000000000000000000000000002
:100EF00000000000000000000000000000000000F2
:100F000000000000000000000000000000000000E1
:100F100000000000000000000000000000000000D1
:100F200000000000000000000000000000000000C1
:100F300000000000000000000000000000000000B1
:100F400000000000000000000000000000000000A1
:100F50000000000000000000000000000000000091
:100F60000000000000000000000000000000000081
:100F70000000000000000000000000000000000071
:100F80000000000000000000000000000000000061
:100F90000000000000000000000000000000000051
:100FA0000000000000000000000000000000000041
:100FB0000000000000000000000000000000000031
:100FC0000000000000000000000000000000000021
:100FD0000000000000000000000000000000000011
:100FE0000000000000000000000000000000000001
:100FF00000000000000000000000000000000000F1
:1010000080F0004002E000BF81F0004142001FBFBD
:101010005FEA410392EA030F7FEA226C7FEA236CC6
:101020006AD04FEA1262D2EB1363C1BFD2184140BB
:1010300048404140B8BF5B42192B88BF704710F051
:10104000004F40F4000020F07F4018BF404211F0F4
:10105000004F41F4000121F07F4118BF494292EA5C
:10106000030F3FD0A2F1010241FA03FC10EB0C0088
:10107000C3F1200301FA03F100F0004302D5494215
:1010800060EB4000B0F5000F13D3B0F1807F06D3C2
:1010900040084FEA310102F10102FE2A51D2B1F1BA
:1010A000004F40EBC25008BF20F0010040EA0300AF
:1010B0007047490040EB0000013A28BFB0F5000F2F
:1010C000EDD2B0FA80FCACF1080CB2EB0C0200FAE5
:1010D0000CF0AABF00EBC25052421843BCBFD04034
:1010E0001843704792F0000F81F4000106BF80F4AE
:1010F00000000132013BB5E74FEA41037FEA226C71
:1011000018BF7FEA236C21D092EA030F04D092F03B
:10111000000F08BF0846704790EA010F1CBF00206F
:10112000704712F07F4F04D1400028BF40F00040CC
:10113000704712F100723CBF00F50000704700F0EC
:10114000004343F0FE4040F4000070477FEA226213
:1011500016BF08467FEA23630146420206BF5FEAE4
:10116000412390EA010F40F4800070474FF00003E4
:1011700004E000BF10F0004348BF40425FEA000CAB
:1011800008BF704743F0964301464FF000001CE053
:1011900050EA010208BF70474FF000030AE000BFA9
:1011A00050EA010208BF704711F0004302D54042E7
:1011B00061EB41015FEA010C02BF84460146002059
:1011C00043F0B64308BFA3F18053A3F50003BCFA74
:1011D0008CF2083AA3EBC25310DB01FA02FC634421
:1011E00000FA02FCC2F12002BCF1004F20FA02F228
:1011F00043EB020008BF20F00100704702F120021B
:1012000001FA02FCC2F1200250EA4C0021FA02F27B
:1012100043EB020008BF20EADC7070474FF0FF0C80
:101220001CEAD0521EBF1CEAD15392EA0C0F93EA7B
:101230000C0F6FD01A4480EA010C400218BF5FEA1D
:1012400041211ED04FF0006343EA501043EA511190
:10125000A0FB01310CF00040B1F5000F3EBF49008A
:1012600041EAD3715B0040EA010062F17F02FD2A8E
:101270001DD8B3F1004F40EBC25008BF20F0010071
:10128000704790F0000F0CF0004C08BF49024CEA88
:10129000502040EA51207F3AC2BFD2F1FF0340EA1A
:1012A000C250704740F400004FF00003013A5DDC8B
:1012B00012F1190FDCBF00F000407047C2F10002CC
:1012C000410021FA02F1C2F1200200FA02FC5FEAB9
:1012D000310040F1000053EA4C0308BF20EADC7003
:1012E000704792F0000F00F0004C02BF400010F475
:1012F000000F013AF9D040EA0C0093F0000F01F022
:10130000004C02BF490011F4000F013BF9D041EA43
:101310000C018FE70CEAD15392EA0C0F18BF93EA45
:101320000C0F0AD030F0004C18BF31F0004CD8D16F
:1013300080EA010000F00040704790F0000F17BFF6
:1013400090F0004F084691F0000F91F0004F14D03C
:1013500092EA0C0F01D142020FD193EA0C0F03D194
:101360004B0218BF084608D180EA010000F0004097
:1013700040F0FE4040F40000704740F0FE4040F472
:10138000400070474FF0FF0C1CEAD0521EBF1CEA11
:10139000D15392EA0C0F93EA0C0F69D0A2EB03022F
:1013A00080EA010C49024FEA402037D04FF08053C9
:1013B00043EA111143EA10130CF000408B4238BF8E
:1013C0005B0042F17D024FF4000C8B4224BF5B1A9C
:1013D00040EA0C00B3EB510F24BFA3EB510340EAEA
:1013E0005C00B3EB910F24BFA3EB910340EA9C0098
:1013F000B3EBD10F24BFA3EBD10340EADC001B0108
:1014000018BF5FEA1C1CE0D1FD2A3FF650AF8B42AB
:1014100040EBC25008BF20F0010070470CF0004CB8
:101420004CEA50207F32C2BFD2F1FF0340EAC250E3
:10143000704740F400004FF00003013A37E792F0A4
:10144000000F00F0004C02BF400010F4000F013A02
:10145000F9D040EA0C0093F0000F01F0004C02BFFD
:10146000490011F4000F013BF9D041EA0C0195E766
:101470000CEAD15392EA0C0F08D142027FF47DAFFF
:1014800093EA0C0F7FF470AF084676E793EA0C0FEF
:1014900004D14B023FF44CAF08466EE730F0004CED
:1014A00018BF31F0004CCAD130F000427FF45CAF7D
:1014B00031F000437FF43CAF5FE700BF42000ED243
:1014C000B2F1FE4F0BD34FF09E03B3EB126209D47F
:1014D0004FEA002343F0004323FA02F070474FF035
:1014E0000000704712F1610F01D1420202D14FF0AA
:1014F000FF3070474FF00000704700BF53B94AB942
:10150000002908BF00281CBF4FF0FF314FF0FF300B
:1015100000F00CB8ADF1080C6DE904CE00F008F84D
:10152000DDF804E0DDE9022304B07047704700BF36
:101530002DE9F04390420D46079F044675EB0301E9
:101540006FD3002B5FD0B3FA83F6002D5FD0B5FACE
:1015500085F1761AA6F12000C6F12001B340A6F16C
:10156000200C02FA00F0C6F1200E22FA01F103432A
:10157000B2400B43944275EB03014CD30120A41AF3
:1015800000FA0CF165EB030520FA0EF841EA0801B8
:10159000B0409EB35208B04642EAC3725B08944220
:1015A00075EB03093AD3A41A65EB030524196D41C1
:1015B000013445F10005B8F10108F0D1001905FA30
:1015C0000EFE24FA06F441EB050125FA0CFC44EA70
:1015D0000E0444EA0C04F540A6F1200CC6F12002EA
:1015E00005FA06F304FA0CFC43EA0C0324FA02F2AF
:1015F00004FA06F61343801B61EB03010FB1C7E940
:101600000045BDE8F083B2FA82F620369DE7B4FAD1
:1016100084F120319DE700200146BAE724196D418D
:10162000C9E700200146E9E71EFF2FE110402DE940
:101630000640A0E37C009FE52D0200EB78009FE5CB
:10164000E30000EB74009FE5290200EB0000A0E33B
:10165000490100EB68009FE5531300EB0100A0E394
:10166000450100EB014054E2F7FFFF1A0400A0E13E
:10167000310100EB0100A0E32F0100EB0100A0E32A
:10168000520000EB010100E3290000EB9D00A0E304
:101690001B0100EBFA0FA0E3260200EB0000A0E321
:1016A000350100EB18009FE53F1300EB0100A0E3BC
:1016B000310100EBF8FFFFEAAE8B00C0B08101D032
:1016C000E08B00C0A086010010402DE90210A0E3CD
:1016D00044009FE5050100EB0010A0E10040A0E1FF
:1016E00038009FE5020200EB34009FE5000200EBAA
:1016F00030109FE51D30A0E30228A0E30100A0E127
:10170000B40600EB20009FE5F90100EB1C009FE50B
:101710000410A0E1F60100EB14FF2FE1B08101D02D
:10172000008C00C0228C00C00000FE2F418C00C045
:101730005C8C00C088209FE5013010E23F1000E281
:101740000230A011020010E378209FE503378313D5
:10175000023C8313040010E328C092E50336831390
:10176000013B8313080010E301C0CCE10335831370
:1017700028C082E5023B831320C092E5100010E3ED
:1017800003348313013A8313200010E303338313DC
:10179000023A83130330CCE12CC09FE500C00CE07B
:1017A0000C3083E1203082E5203092E5033081E186
:1017B000203082E5283092E5031081E1281082E58F
:1017C0001EFF2FE10001030000100050003FFF0F3B
:1017D0003F0000E2080050E30800008A000050E3E8
:1017E0001EFF2F0188309FE5010040E2070050E313
:1017F0000E00008A0000D3E700F18FE000F020E344
:10180000100050E31600000A200050E31EFF2F11C5
:1018100060209FE5903092E5013283E3020000EA08
:1018200050209FE5903092E5023583E3903082E5C9
:101830001EFF2FE13C209FE5903092E5013483E3C9
:10184000F9FFFFEA2C209FE5903092E5023483E314
:10185000F5FFFFEA1C209FE5903092E5013383E31A
:10186000F1FFFFEA0C209FE5903092E5023383E31D
:10187000EDFFFFEAB79300C000D00050000052E334
:101880000118A001181080E51EFF2FE1143090E52B
:10189000032001E00310C1E1021881E1181080E586
:1018A0001EFF2FE11EFF2FE170402DE944409FE510
:1018B0000C3094E50330E0E1A03003E20330E0E1D6
:1018C0000C3084E5950100EB0050A0E10C3094E56C
:1018D000200013E30100000A0000A0E37080BDE8CF
:1018E0008E0100EB050040E0FA0F50E3F6FFFF9A8F
:1018F0000300A0E37080BDE80040005CF0412DE9EA
:1019000060509FE50C3095E5404013E20030A01395
:101910000B00001A0C3095E50060A0E1803083E3F5
:101920000C3085E57D0100EB0070A0E10430A0E102
:101930000C2095E5404012E20100001A030053E339
:101940000100001A0300A0E1F081BDE8730100EB83
:10195000070040E00430A0E1FA0F50E30330A08319
:101960002D30C685F1FFFFEA0040005C70402DE994
:101970000050A0E154409FE50C3094E58030C3E373
:101980000C3084E5183094E5200013E30400001ABD
:10199000C4FFFFEB000050E30300A0132D00C515AA
:1019A0007080BDE8183094E52030C3E3183084E53A
:1019B000BCFFFFEB000050E30300A0132D00C51592
:1019C000183094E5203083E3183084E57080BDE85A
:1019D0000040005C70402DE9004050E23B00000AEE
:1019E0002D30D4E5FF3013E20100001A2C30C4E59D
:1019F000ABFFFFEBDC509FE50230A0E32D30C4E5E8
:101A0000CA30A0E3243085E55330A0E3243085E5D7
:101A10000400A0E1B8FFFFEB000050E30300000A60
:101A2000FF30A0E30300A0E3243085E57080BDE82B
:101A3000183095E50400A0E14736C3E34030C3E326
:101A4000183085E5101094E5043094E5182095E5EC
:101A5000013083E1023083E1182094E5023083E114
:101A6000183085E5D820C4E1023883E1103085E5DF
:101A70000C2095E5243094E5281094E51F2CC2E352
:101A8000013083E1023083E10C3085E5B6FFFFEBE6
:101A9000000050E3E1FFFF1A182095E5203094E59F
:101AA0001C1094E50E22C2E3013083E1023083E191
:101AB000142094E5023083E1183085E5FF30A0E37F
:101AC000243085E50130A0E32D30C4E57080BDE809
:101AD0000100A0E37080BDE80040005C0111A0E1BE
:101AE000171381E2A11C81E2002081E51EFF2FE196
:101AF0000111A0E1171381E2A11C81E2000091E530
:101B00001EFF2FE1FF0F50E30800002AD032EAE762
:101B10000120A0E31C109FE51F0000E2403083E29B
:101B20001220A0E10000A0E3032181E71EFF2FE1C6
:101B30000000E0E31EFF2FE1001002A0010050E3CF
:101B40000900008A8030A0E10120A0E320109FE579
:101B500010402DE9B31091E118309FE5000193E7A3
:101B600045FFFFEB0000A0E31080BDE80000A0E30C
:101B70001EFF2FE1A48B00C0848800C0010050E349
:101B80000800008A8030A0E120209FE510402DE968
:101B9000B31092E118309FE5000193E73AFFFFEBA5
:101BA0000000A0E31080BDE80000A0E31EFF2FE1CD
:101BB000A48B00C0848800C0083090E5811180E0CB
:101BC000020953E38220A03102019127B200913132
:101BD0001EFF2FE1811180E0080090E5020950E32B
:101BE0008220A03102318127B23081311EFF2FE1E6
:101BF0000120A0E310402DE9EEFFFFEBA000A0E1E3
:101C00001080BDE8083090E5811180E0020953E3BF
:101C10000500003A043091E5000052E30130C303AF
:101C200001308313043081E51EFF2FE1B230D1E192
:101C3000000052E30130C30301308313B230C1E12D
:101C40001EFF2FE18230A0E10120A0E3E0FFFFEAC8
:101C5000083090E5020953E30500003A10402DE9F1
:101C6000E2FFFFEB010050E30000A0830100A0931E
:101C70001080BDE80000A0E31EFF2FE1083090E5D2
:101C8000020953E301104122110F6FE11F0060E2CE
:101C90001EFF2FE1F0412DE90040A0E10150A0E13D
:101CA000EAFFFFEB000050E3F081BD180510A0E152
:101CB0000400A0E1CDFFFFEB0010A0E10400A0E1D3
:101CC000EDFFFFEB002184E0106092E5000056E399
:101CD0000E00001A0C3094E50110A0E3113083E1EE
:101CE0000510A0E10C3084E50400A0E1105082E56D
:101CF0000530A0E10220A0E3B5FFFFEB0320A0E345
:101D00000510A0E10400A0E1F041BDE8B0FFFFEA4A
:101D10000220A0E30610A0E10400A0E1A5FFFFEB74
:101D20000030A0E10070A0E10220A0E30510A0E1D6
:101D30000400A0E1A6FFFFEB0630A0E10320A0E332
:101D40000510A0E10400A0E1A1FFFFEB0320A0E348
:101D50000710A0E10530A0E10400A0E19CFFFFEB2B
:101D60000220A0E30610A0E1E5FFFFEA010752E32D
:101D70000430A0330830A023032042E0F0412DE9D5
:101D8000076081E2024081E00050A0E30760C6E303
:101D90000740C4E3064044E0006080E50600A0E19F
:101DA000A441A0E1084086E50410A0E10C5086E5BE
:101DB000B1FFFFEB0021A0E10510A0E11B7082E262
:101DC000100086E2042082E2A771A0E1C41700FBA4
:101DD000078044E00720A0E10510A0E10600A0E193
:101DE00097FFFFEB0530A0E10520A0E10510A0E181
:101DF0000600A0E176FFFFEB0600A0E10510A0E1E0
:101E00000120A0E37EFFFFEB0820A0E10710A0E186
:101E10008BFFFFEB0730A0E10520A0E10710A0E158
:101E20000600A0E16AFFFFEB0520A0E10410A0E19D
:101E30000600A0E182FFFFEB0830A0E10520A0E151
:101E40000410A0E10600A0E161FFFFEB0410A0E197
:101E50000600A0E10120A0E369FFFFEB0710A0E16D
:101E6000F041BDE88AFFFFEA0C009FE510402DE934
:101E70001F0000EB0000A0E31080BDE8818C00C0D3
:101E80000000A0E31EFF2FE104309FE5003093E542
:101E900013FF2FE1000000D004309FE5000083E530
:101EA0001EFF2FE1000000D030402DE90040A0E1EE
:101EB00014D04DE20150A0E11020A0E30010A0E3F7
:101EC0000D00A0E1861700FB0230A0E30520A0E191
:101ED0000230CDE50410A0E110309FE50D00A0E137
:101EE00004308DE5571600FA14D08DE23080BDE83D
:101EF000881E00C00F002DE907402DE914108DE267
:101F000010009DE504108DE5E6FFFFEB0CD08DE29F
:101F100004E09DE410D08DE21EFF2FE11EFF2FE1B3
:101F200010402DE9061600EB0A20A0E30030A0E3E4
:101F300071FDFFFA1080BDE808D04DE20A10A0E361
:101F400004008DE504009DE5C00FC0E1900181E033
:101F500008D08DE24C1400EA10209FE50000A0E3B9
:101F6000043092E50430C3E3043082E51EFF2FE124
:101F7000001008505700E0E31EFF2FE15700E0E398
:101F80001EFF2FE15700E0E31EFF2FE15700E0E3C3
:101F90001EFF2FE15700E0E31EFF2FE15700E0E3B3
:101FA0001EFF2FE1041090E52C009FE5083090E51E
:101FB000003093E5000053E30400000A0C1081E2B6
:101FC00010402DE933FF2FE1C00F00E01080BDE885
:101FD0005700E0E3C00F00E01EFF2FE1B08000C01B
:101FE000080050E310402DE90200009A0040A0E3F1
:101FF0000400A0E11080BDE814309FE5004193E7A4
:102000000400A0E1011100EB000050E3F7FFFF1A0C
:10201000F5FFFFEA408900C070402DE906EA02E2C0
:10202000040090E501095EE304C090E50100A0E32F
:102030001001A0E14400001AD244E3E7070051E395
:102040003400008A303FFFE6133F6FE10F50A0E3FA
:1020500020E09CE50331A0E115E3CEE1303FFFE64F
:10206000133F6FE10331A0E114338EE120308CE5A2
:1020700004309CE5D2E7E0E70030C3E11E3183E1A4
:1020800004308CE5303FFFE6133F6FE10340A0E3EF
:1020900008109CE58330A0E152E8E1E71413C1E1A8
:1020A000303FFFE6133F6FE18330A0E11E3381E153
:1020B00008308CE5303FFFE6133F6FE10C109CE5E4
:1020C0008330A0E152E9E1E71413C1E1303FFFE6BC
:1020D000133F6FE1D226E1E78330A0E11E3381E1B7
:1020E00004E0A0E10C308CE5303FFFE6133F6FE1E8
:1020F000300FFFE6100F6FE100109CE58330A0E188
:102100008000A0E11433C1E1123083E10000A0E3BC
:1021100000308CE57080BDE82034A0E10F60A0E3C2
:1021200033EFFFE61EEF6FE1333FFFE6133F6FE152
:1021300024509CE50EE1A0E10331A0E116EEC5E1DB
:1021400014338EE124308CE5C8FFFFEA020A5EE317
:10215000CBFFFF1A04E09CE5000053E3D247E0E721
:1021600000E0CEE114118EE104108CE5C4FFFF0AFB
:10217000010612E30038A00118008C1518308C05F8
:10218000BFFFFFEA103F11EE023AC3E3103F01EE3A
:102190000C309FE51F30C3E3103F0CEE6FF07FF56E
:1021A0001EFF2FE1000000C018309FE518209FE5BA
:1021B000002083E5103F11EE0131C3E3103F01EE33
:1021C0006FF07FF51EFF2FE1680000D000CA9A3B38
:1021D000F0412DE90410A0E374009FE543FEFFEBFE
:1021E0000050A0E10610A0E364009FE53FFEFFEB76
:1021F0000060A0E10710A0E354009FE53BFEFFEB69
:102200000070A0E10810A0E344009FE537FEFFEB5B
:102210000080A0E10910A0E334009FE533FEFFEB4E
:102220000040A0E12C009FE531FFFFEB28009FE577
:102230000420A0E10510A0E12DFFFFEB0640A0E186
:102240000750A0E10860A0E104E0A0E110D085E221
:102250001EFF2FE1B08101D09F8D00C0C98D00C04D
:1022600070402DE90120A0E1A0409FE50010A0E111
:102270009C009FE51EFFFFEB0010D4E5000051E33A
:102280000200000A0030A0E30030C4E57080BDE821
:1022900080209FE580009FE50FFEFFEB0130A0E36B
:1022A0000030C4E50D40A0E16C009FE50420A0E1F2
:1022B0000C5094E50410A0E307FEFFEB002094E52A
:1022C0000610A0E350009FE503FEFFEB042094E519
:1022D0000710A0E340009FE5FFFDFFEB082094E519
:1022E0000810A0E330009FE5FBFDFFEB28009FE511
:1022F0000520A0E10910A0E3F7FDFFEB800008F145
:1023000018009FE5FAFEFFEB7040BDE8EDFCFFEA28
:10231000548405D0F78D00C0D02100C0B08101D019
:10232000288E00C00120A0E10010A0E100009FE580
:10233000EFFEFFEA4D8E00C0F0412DE90050A0E114
:1023400000600FE1806006E280000CF15C309FE5E8
:102350005C709FE5004093E5000054E30300001A21
:10236000000056E3F081BD18800008F1F081BDE85F
:10237000D420C4E1000055E30230A011000053E373
:102380000600000A0C10D4E5002097E5000051E398
:102390000000D2E50300000A0110D2E533FF2FE16F
:1023A000004094E5EBFFFFEA33FF2FE1FBFFFFEA7C
:1023B000548201D0508201D058309FE55BF07FF508
:1023C0009F2F93E10110C2E3910F83E1000050E3DE
:1023D000FAFFFF1A010012E35BF07FF51EFF2F01E9
:1023E00010402DE930409FE5003094E50000D3E532
:1023F0000110D3E5CAFFFFEB0000A0E3CDFFFFEB28
:10240000620C00EB14209FE50030A0E3003084E56F
:10241000143082E51080BDE85C8201D0508201D08A
:102420001C8401D0F0412DE90050A0E148619FE5F6
:10243000400100EB000050E30400001A003096E574
:10244000000053E30100001A0000A0E3F081BDE8A2
:10245000530000EB010075E30040A0E10400000A16
:10246000010070E30540A0010100000A050054E1ED
:102470000540A0A100700FE1807007E280000CF120
:10248000000096E5F4509FE5000050E3000085153C
:102490000030A013003086150200001A0410A0E1DD
:1024A000370100EB000085E5000057E30000001A4B
:1024B000800008F1003095E5000053E3E1FFFF0ADA
:1024C000083093E5330073E3323083926420A093A5
:1024D00013F230970500009A320093E26420A0E3E3
:1024E0000030A0E30110A0230010A03302FCFFFA8B
:1024F000000050E3010074130C00000A00600FE1BB
:10250000806006E280000CF1000054E00110A0E3BE
:102510000130A0330030A023C43F73E00000A0438B
:102520005B0C00EB000056E30000001A800008F18D
:10253000EB1200EB0100A0E37EFFFFEB5BF07FF509
:102540003C309FE59F1F93E1011081E3912F83E1D0
:10255000000052E3FAFFFF1A5BF07FF5003095E5CB
:102560000000D3E50110D3E53CFFFFEB91FFFFEB4B
:10257000E81200EB0100A0E3F081BDE84C8201D03D
:10258000508201D05C8201D0000050E30200A00321
:102590000000A01304309F05003081051EFF2FE1CD
:1025A000C08A00C070402DE900600FE1806006E243
:1025B00080000CF140309FE5003093E5000053E3CC
:1025C0000A00000AD840C3E15D1400EB000054E0AB
:1025D0000110C5E0000051E30000A0B3040000BA00
:1025E000000056E37080BD18800008F17080BDE8DF
:1025F0000000E0E30010A0E1F8FFFFEA608201D0F4
:10260000003090E50020A0E3000053E31EFF2F01FF
:10261000010053E10E00001A003091E5000052E382
:102620000600001A042090E5003080E5020051E128
:10263000043080050030A0E3003081E51EFF2FE16B
:10264000003082E5043090E5030051E1042080056C
:10265000F7FFFFEA0320A0E1003093E5E9FFFFEA7E
:1026600010402DE900400FE1804004E280000CF1B1
:10267000041080E5000051E30600001A0010A0E1FC
:1026800038009FE5DDFFFFEB000054E31080BD182C
:10269000800008F11080BDE80030A0E3003080E544
:1026A00018309FE5042093E5000052E300008215F6
:1026B000040083050000830504008315F1FFFFEA91
:1026C000648201D030209FE5FA0F50E3003092E59C
:1026D0000500003A0F1702E3010050E10330838345
:1026E0000300008A013083E3000000EA0130C3E305
:1026F0000230C3E3003082E51EFF2FE1080000D066
:102700005BF07FF5000090E55BF07FF51EFF2FE1A9
:1027100010109FE510009FE510402DE9CFFFFFEB63
:102720000000A0E31080BDE8C42600C06C8201D088
:10273000010050E31500001A011041E27110EFE6AC
:10274000FD0051E31EFF2F9100C00FE180C00CE29D
:1027500080000CF188009FE5003090E5000053E315
:102760000500000A013083E2003080E500005CE3F0
:102770001EFF2F11800008F11EFF2FE164109FE55E
:10278000002091E50120C2E3002081E5F4FFFFEA8B
:10279000020050E31EFF2F11011041E27110EFE61D
:1027A000FD0051E31EFF2F9100C00FE180C00CE23D
:1027B00080000CF128009FE5043090E5000053E311
:1027C0000200000A013083E2043080E5E6FFFFEA00
:1027D00010109FE5002091E50220C2E3002081E572
:1027E000F7FFFFEA788201D0040000D0010050E337
:1027F0001500001A011041E27110EFE6FD0051E3EF
:102800001EFF2F9100100FE1801001E280000CF1FB
:1028100080209FE5003092E5013043E2003082E500
:10282000000053E30300000A000051E31EFF2F11D4
:10283000800008F11EFF2FE15C209FE5003092E54B
:10284000013083E3003082E5F6FFFFEA020050E347
:102850001EFF2F11011041E27110EFE6FD0051E360
:102860001EFF2F9100100FE1801001E280000CF19B
:1028700020209FE5043092E5013043E2043082E5F8
:10288000000053E3E7FFFF1A0C209FE5003092E5BC
:10289000023083E3EAFFFFEA788201D0040000D02F
:1028A0000020A0E110402DE97C009FE593FFFFEBA5
:1028B000003050E20030A0130500001A010052E37E
:1028C0000500001A011041E27110EFE6FD0051E32E
:1028D0001300008A0300A0E11080BDE8020052E36B
:1028E000FBFFFF1A011041E27110EFE6FD0051E31A
:1028F0000120A083F6FFFF9A30009FE5020180E0EF
:102900007EFFFFEB000050E30300001A20009FE56C
:102910007AFFFFEB3002A0E1013000E2013003E278
:10292000EBFFFFEA0320A0E1F2FFFFEA748201D08F
:10293000788201D0080000D038009FE510402DE9D2
:102940006EFFFFEB000050E30800001A28009FE52F
:102950006AFFFFEB0030A0E120009FE567FFFFEB7F
:10296000000013E10100A0130000A0031080BDE8E7
:102970000000A0E31080BDE8748201D0040000D004
:10298000080000D0F04F2DE90040A0E314D04DE244
:102990000170A0E10460A0E10C108DE20CA0A0E3A6
:1029A00004B0A0E1F7FEFFEB04008DE504309DE5E7
:1029B000040053E10200008A0600A0E114D08DE279
:1029C000F08FBDE89A0408E00C909DE5085089E07E
:1029D000090095E9030080E0000050E30B00000AC5
:1029E000640070E3630080926430A09310F330972A
:1029F0000400009A630090E26420A0E30010ABE2C0
:102A00000030A0E3BCFAFFFA000057E1E9FFFF3A0B
:102A10000110D5E5014084E20800D9E79FFFFFEBF4
:102A2000000050E30560A011DFFFFFEA80402DE9C0
:102A30000050A0E10160A0E10270A0E10380A0E1EC
:102A400028909FE5BD1100EB0030A0E15E0300EB94
:102A5000003089E70040A0E10820A0E10600A0E1E5
:102A60000710A0E135FF2FE1090094E7BF0F00EB4D
:102A700008000000D31400EAD01400EA14009FE517
:102A80000010A0E310209FE510402DE9002042E057
:102A9000F7FFFFEB1080BDE8004000D0588405D060
:102AA0000C009FE50C209FE50C109FE5002042E004
:102AB000F0FFFFEA000000D0B80000D000A000C086
:102AC00070402DE9004051E20050A0E10D00000AE5
:102AD000D420C4E1001094E538009FE504FDFFEB2D
:102AE000D021C4E10C1094E52C009FE500FDFFEB24
:102AF0001C1094E524009FE5FDFCFFEB181094E505
:102B00001C009FE5FAFCFFEB0410A0E10500A0E12A
:102B10007040BDE84C0E00EA888E00C0B88E00C040
:102B2000E88E00C0F88E00C00010A0E1000090E523
:102B3000E2FFFFEA10309FE510402DE9003093E5F9
:102B400033FF2FE11040BDE85F0300EA0C0000D026
:102B500003F020E3FDFFFFEAF0412DE90050A0E182
:102B600038609FE538809FE50620A0E1087086E088
:102B7000074041E02C109FE50400A0E1521400FA48
:102B8000060084E00820A0E10010A0E3084044E231
:102B9000531400FB704085E5080087E2F081BDE832
:102BA00000000000040000007C8800C00030A0E3AA
:102BB000173F08EE4FF07FF56FF07FF51EFF2FE116
:102BC00001C010E20020A0E1F0402DE91A00001A37
:102BD000020010E33500001A041010E23800000A69
:102BE000D044E0E7010B10E305C0A0130500001A74
:102BF000020B10E306C0A0130200001A010A10E342
:102C000007C0A01304C0A003023A12E20010A013F0
:102C10000170A0130100A0110C00001A011912E2AA
:102C20002B00001A023912E20310A0012600000A4C
:102C30000100A0E30070A0E1040000EA00C0A0E3EE
:102C40000110A0E30C40A0E10C00A0E10C70A0E199
:102C50005264E0E718E012E25232E01703E0A013FA
:102C6000D253E0E701302312033003120230A003F5
:102C70008330A011400012E3D222E0E70130831339
:102C8000073183E1012022E2800183E1060280E135
:102C9000850280E1040380E18C0380E1020580E18C
:102CA0008E0580E1810680E15000F0E7F080BDE80C
:102CB0000110A0E30C40A0E10C00A0E10170A0E134
:102CC000E2FFFFEA01C0A0E10140A0E10100A0E1B4
:102CD000F9FFFFEA0310A0E10100A0E3F6FFFFEA1D
:102CE000F04F2DE91CD04DE25230E1E70240A0E167
:102CF00014308DE5033002E20C108DE510308DE5C7
:102D0000201AA0E180329FE5D272E0E701C1D3E74B
:102D10005066E7E703C00CE201005CE30050A0034B
:102D20001700000A64829FE564529FE500E098E581
:102D30000C909DE50E2195E71F20D4E7292A82E11A
:102D400050929FE50E2185E7002099E5012042E29F
:102D5000002089E5000052E30700000A0E20A0E1F0
:102D6000012082E23F2002E2029195E75996E8E7CE
:102D7000000059E3F9FFFF1A002088E518529FE58B
:102D80000E5585E001E193E700005EE32A00001A9A
:102D9000FF2FC5E30320C2E3872182E1012082E304
:102DA000012183E7063195E7000053E30800001A8C
:102DB000E4319FE5D8019FE5033045E02335A0E1EC
:102DC000032190E75216E8E7011081E21126D4E7CB
:102DD000032180E7843AA0E1D425E1E7022002E262
:102DE000A32F82E10C3004E2023083E114209DE540
:102DF0008220A0E1022002E2012082E3023283E18C
:102E0000D423E2E7023383E110209DE5C220A0E154
:102E1000823483E15423E0E75442E0E7023583E162
:102E20000C209DE5843583E11F20CBE7023083E150
:102E3000063185E71CD08DE2F08FBDE801005CE330
:102E40000700001A0121D3E7FF5FCEE3D201E0E7DC
:102E5000070050E19721C3170350C5E30121C317B1
:102E6000CFFFFFEA2EE1B0E1CDFFFF0A01A1A0E113
:102E70000090A0E3012183E0BAE093E109C05CE0A7
:102E8000DEE2E3E701C0A01304E08DE500C06CE2E0
:102E90000280D2E503C00CE2D8E1E0E708E08DE56E
:102EA0000170D2E5D723E0E7D7E1E0E782E08EE1E9
:102EB0000121D3E703E00EE25772E2E70CB002E231
:102EC0000EE08BE1D8B0E0E7018008E25222E0E7B3
:102ED0000BE28EE108838EE1877388E1022587E1AA
:102EE0008C2582E12020C2E38229A0E1A229A0E171
:102EF0001290CFE700800FE1808008E280000CF1A3
:102F0000107F11EE0120C7E3102F01EE04C09DE5F4
:102F10000120A0E3012183E79C22C8E7BA2083E1D6
:102F200008C09DE520BAA0E19C21C3E70121C3E7C9
:102F30000BBAA0E101C193E701A68BE22525A0E130
:102F400012C5DFE701C183E708309DE50B10A0E162
:102F50000B00A0E101BA8BE29392C5E704309DE536
:102F60009396D0E70920A0E15CFFFFEB0A005BE14C
:102F7000F4FFFF1A0CFFFFEB107F01EE000058E397
:102F800087FFFF1A800008F185FFFFEA004000D0AC
:102F9000808201D0848201D0100000D0008000D057
:102FA000F74F2DE90060A0E318729FE506A0A0E1AD
:102FB00014929FE50C8097E5083097E504B097E5FB
:102FC0000800A0E100308DE50B5043E0FBFEFFEB75
:102FD00000309DE50040A0E10B0059E10120A02355
:102FE0000020A033030059E10020A023000052E399
:102FF0000860A011018808E2000055E32B00001AC8
:1030000001A08AE2107087E203005AE3E8FFFF1A8A
:10301000B8A19FE514B0A0E300309AE500308DE53B
:1030200000309DE5050053E14C00008A0030A0E32C
:10303000303F02EE503F02EE8C319FE5020C16E36A
:1030400002308913010B16E3083083130400001AC1
:10305000020B16E3103083130100001A010A16E375
:1030600018308313020A16E3403083130400001A59
:10307000010916E3013083130100001A020916E367
:1030800041308313103F02EE44319FE5103F03EEC1
:10309000C5FEFFEB103F11EE013A83E3523283E3AA
:1030A000103F01EE0000A0E30CD08DE2F08FBDE8F0
:1030B000010655E32000003A5B30F3E7000053E3DC
:1030C0001D00001A000058E31B00000AD415E1E7B8
:1030D0000C3004E2021001E2015645E2013083E1C6
:1030E0005415E0E72B2AA0E101B68BE2013283E11F
:1030F000D416E3E7813283E18410A0E1021001E2FB
:10310000011081E3013583E1D413E2E7013683E165
:10311000D410E0E7813783E15413E0E7013883E11D
:103120005412E0E7813883E1D412E0E7813983E18A
:10313000023A83E1023189E7AEFFFFEA0B10A0E11A
:103140000B00A0E10420A0E101BA8BE2E3FEFFEB5B
:10315000010A55E305504590015A4582A5FFFFEA53
:103160009B0502E004009AE5021080E0028090E7EF
:10317000042091E5100091E504208DE5087091E5AB
:103180008EFEFFEB04209DE50040A0E1028048E0B8
:103190000200A0E1081080E0000057E30150850222
:1031A0009EFFFF0A04008DE50420A0E1CBFEFFEBAB
:1031B00004009DE5010A57E307704790017A4782B2
:1031C000010A80E2F2FFFFEAD88A00C0004000D086
:1031D000648900C055555555F0412DE9004052E233
:1031E0000500001A0400A0E304E02DE5800008F1CA
:1031F000020000EF04E09DE4F081BDE8072003E257
:103200000160A0E1010052E30050A0E1081003E2D8
:103210000800000A050052E32100000A000052E302
:103220002100001A000051E30C0209030500000A06
:103230000C0602E3020000EA0C0A04E3000051E37A
:103240000000000A100080E3100013E32000801348
:103250005AFEFFEB0070A0E100800FE1808008E2E1
:1032600080000CF1056046E0051086E00500A0E155
:103270000720A0E1015A85E298FEFFEB010A54E322
:1032800004404490014A4482000054E3F5FFFF1AD1
:10329000000058E30000001A800008F1F041BDE88A
:1032A00041FEFFEA0C00A0E3E3FFFFEA0A00A0E30F
:1032B000E1FFFFEA04002DE500004FE1200010E3EC
:1032C00004E04E0202E04E1204009DE41B056DF97D
:1032D0000F504DE918D04DE2702F1DEE0320C2E3D0
:1032E000001092E5011081E2001082E50D00A0E1DE
:1032F000960000EB8A0100EA04E04EE217056DF942
:103300000F504DE918D04DE20D00A0E1702F1DEED9
:103310000320C2E3001092E5011081E2001082E573
:10332000940000EB7E0100EA08E04EE217056DF91B
:103330000F504DE918D04DE20D00A0E1702F1DEEA9
:103340000320C2E3001092E5011081E2001082E543
:103350009A0000EB000050E318109D0518108D0531
:103360006F0100EA84219FE5013040E210402DE921
:103370001D0053E35800008A0330D2E703F18FE0C9
:1033800000F020E368019FE5D9FAFFEB2E00A0E3EF
:103390001080BDE85C019FE5D5FAFFEB3000A0E3AB
:1033A0001080BDE850019FE5D1FAFFEB3200A0E3A9
:1033B0001080BDE844019FE5CDFAFFEB3300A0E3A8
:1033C0001080BDE838019FE5C9FAFFEB3400A0E3A7
:1033D0001080BDE82C019FE5C5FAFFEB3500A0E3A6
:1033E0001080BDE8113E10EE5331E3E718019FE570
:1033F0000A0053E314219F9514119F85031192979E
:10340000BBFAFFEB3600A0E31080BDE804019FE5A6
:10341000B7FAFFEB3100A0E31080BDE8F8009FE5AC
:10342000B3FAFFEB3A00A0E31080BDE8EC009FE5A3
:10343000AFFAFFEB3B00A0E31080BDE8E0009FE5A2
:10344000ABFAFFEB3C00A0E31080BDE8D4009FE5A1
:10345000A7FAFFEB3700A0E31080BDE8C8009FE5A6
:10346000A3FAFFEB3800A0E31080BDE8BC009FE5A5
:103470009FFAFFEB3D00A0E31080BDE8B0009FE5A0
:103480009BFAFFEB3E00A0E31080BDE8A4009FE59F
:1034900097FAFFEB3F00A0E31080BDE898009FE59E
:1034A00093FAFFEB4000A0E31080BDE88C009FE59D
:1034B0008FFAFFEB4100A0E31080BDE880009FE59C
:1034C0008BFAFFEB4200A0E31080BDE874009FE59B
:1034D00087FAFFEB4300A0E31080BDE80010A0E1F5
:1034E00064009FE582FAFFEB0000A0E31080BDE8D6
:1034F000BF9300C0558F00C0139000C06F8F00C0F5
:10350000948F00C0B18F00C0D88F00C0F78F00C06B
:10351000088B00C04D8F00C0099000C02E9000C0E5
:10352000549000C07A9000C0A89000C0CE9000C017
:10353000F49000C0159100C0369100C0779100C092
:10354000B89100C0D59100C0149200C0539200C041
:1035500010402DE90040A0E114009FE564FAFFEB64
:103560000410A0E12D00A0E354FDFFEB0100A0E357
:103570001080BDE8619200C070402DE90050A0E1CC
:10358000303F15EE2343A0E10F3003E2104004E288
:10359000034084E1506F16EE1C009FE554FAFFEBE8
:1035A0000610A0E10400A0E16DFFFFEB0510A0E113
:1035B00042FDFFEB0100A0E37080BDE88A9200C0ED
:1035C00070402DE90050A0E1103F15EE2343A0E12B
:1035D0000F3003E2104004E2034084E1106F16EE66
:1035E0001C009FE542FAFFEB0610A0E10400A0E1F9
:1035F0005BFFFFEB0510A0E130FDFFEB0100A0E356
:103600007080BDE8A69200C01EFF2FE110402DE99A
:10361000DBFAFFEB1080BDE850009FE550409FE5CE
:1036200050509FE550609FE550709FE550809FE5AA
:1036300050909FE550A09FE5D1F021E305D0A0E197
:10364000D2F021E306D0A0E1D7F021E307D0A0E13A
:10365000DBF021E308D0A0E1D3F021E309D0A0E121
:10366000DFF021E30AD0A0E1E7FFFFEB14FF2FE139
:10367000140000D0A43600C0588D05D058D505D010
:10368000588C05D0588B05D0588A05D0588805D05D
:10369000130200EA1C0200EA0010A0E30100A0E30C
:1036A00006FDFFEA1C309FE510402DE9703F0DEE4E
:1036B000F1FCFFEBF9FCFFEBD2FFFFEB440000EB6A
:1036C00036FEFFEBF30B00EB1C8401D0203002E54B
:1036D000202042E200309DE52C109FE5043082E579
:1036E00004309DE5181082E5083082E508309DE53C
:1036F0000C3082E51F3100E31C3082E50030A0E38E
:10370000502080E5743080E51EFF2FE12C2A00C098
:103710008500E0E31EFF2FE14FF07FF503F020E38B
:10372000800008F16FF07FF51EFF2FE104E04EE20C
:103730001F056DF91F0002F10F502DE9130002F172
:1037400004E02DE504300DE203D04DE00C002DE93E
:10375000702F1DEE0320C2E3000092E5010080E21D
:10376000000082E554209FE5140092E5000050E33C
:103770000200000A0010B0E3141082E50DFBFFEB1D
:10378000F60100EB03002DE98001A0E1800008F1C3
:10379000B510A0E38111A0E1010050E1030000AAEF
:1037A0001C109FE5001081E00900B1E833FF2FE114
:1037B0000300BDE8EE0100EB08109FE511FF2FE1CB
:1037C0001C8401D0388200C0CC3800C0500F1DEEE0
:1037D0001EFF2FE11EFF2FE1701F1DEE0310C1E33E
:1037E000082091E53000A0E3020080E01F0002F114
:1037F000F02F80E8130002F138309FE5182093E5A0
:10380000082081E57040A0E3044092E0000094E5C8
:10381000500F0DEE740092E50030B0E3743082E595
:103820003000A0E3020080E01F0002F1F02F90E8DA
:10383000130002F11EFF2FE11C8401D01F056DF95A
:103840001F0002F10F502DE90DC0A0E1130002F19D
:1038500004E02DE504300DE203D04DE00C002DE92D
:10386000702F1DEE0320C2E3000092E5010080E20C
:10387000000082E500004FE1200010E304101E0567
:10388000FF14C1030100000A02101EE5FF1001E24F
:10389000000051E30100000A020051E30100000AA8
:1038A000CCFFFFEB080000EA1F0002F10D00A0E1D1
:1038B000130002F10010A0E30020A0E399FCFFEB4D
:1038C000010000EA000000EF1EFF2FE180000CF174
:1038D000703F1DEE0330C3E3000093E5010050E3A9
:1038E0000400008A081093E594209FE5180092E5F3
:1038F000010050E1B7FFFF1B702F1DEE0320C2E354
:10390000000092E5010040E2000082E50C00BDE805
:1039100003D08DE004E09DE41F0002F10F50BDE8EC
:10392000000ABDF8703F1DEE0330C3E3001093E5BD
:10393000010051E30C00008A000050E30A00000A75
:1039400020D08DE2130002F1A2FFFFEB703F1DEECD
:103950000330C3E3000093E5010040E2000083E58B
:103960001F0002F10F50BDE8000ABDF8000093E50A
:10397000010040E2000083E50F50DDE818D08DE241
:10398000000ABDF81C8401D010309FE510402DE9DD
:10399000003093E533FF2FE10000A0E31080BDE885
:1039A000848301D010402DE9F6FFFFEB0000A0E377
:1039B0001080BDE814309FE514209FE5000083E5EA
:1039C0000230D2E5023083E30230C2E51EFF2FE170
:1039D000848301D0400000D014109FE50129A0E3AA
:1039E00010009FE510402DE9DFF8FFEB0000A0E399
:1039F0001080BDE8588D05D0888301D01F0050E3AA
:103A00000400008A40309FE5802093E5021081E1A8
:103A1000801083E51EFF2FE13F0050E30400008A81
:103A200024309FE5902093E5021081E1901083E51A
:103A30001EFF2FE15F0050E30C309F95A02093956F
:103A400002108191A01083951EFF2FE100D000503D
:103A50001F0050E30400008A40209FE5803092E57B
:103A60000130C3E1803082E51EFF2FE13F0050E3CB
:103A70000400008A24209FE5903092E50130C3E1E4
:103A8000903082E51EFF2FE15F0050E30C209F95F0
:103A9000A03092950130C391A03082951EFF2FE196
:103AA00000D0005007402DE92C209FE5030092E84C
:103AB000F000CDE124009FE5082090E5002092E58C
:103AC000000052E35700E0030100000A0D10A0E1DE
:103AD00032FF2FE10CD08DE204F09DE47C8800C021
:103AE000B08000C01F0050E30D00008A38C09FE581
:103AF0000130A0E30C209CE51310A0E1132002E0AC
:103B0000130052E10400000A10309CE50310D1E1DB
:103B10000100A0030000A0131EFF2FE10300A0E19D
:103B20001EFF2FE10000A0E31EFF2FE100D0005098
:103B30005F0050E30800008A1F0050E30400008A81
:103B40001C209FE50130A0E31330A0E10C3082E59A
:103B5000103082E50000A0E31EFF2FE11500E0E336
:103B60001EFF2FE100D000501F3000E25F0050E345
:103B700010402DE90140A0E31443A0E15800008A61
:103B80007C319FE5030051E33A00008A0110D3E73E
:103B900001F18FE000F020E31F0050E35200008AA3
:103BA00060319FE5001093E50410C1E1001083E54A
:103BB000041093E50410C1E1041083E548319FE54A
:103BC000030052E32900008A0230D3E703F18FE0BB
:103BD00000F020E31F0050E34300008A24319FE5FA
:103BE000001093E5011084E1EFFFFFEA1F0050E3AE
:103BF0003D00008A0C319FE5041093E5011084E13B
:103C0000041083E5001093E50410C1E1001083E582
:103C1000F8309FE5030052E31400008A0230D3E736
:103C200003F18FE000F020E31F0050E32E00008A34
:103C3000D0309FE5001093E5011084E1001083E58A
:103C4000041093E5011084E1041083E5EFFFFFEA1F
:103C50001F0050E30300008AA8209FE5843092E50E
:103C60000430C3E1843082E50410A0E177FFFFEB6C
:103C70000000A0E31080BDE894309FE5030052E30C
:103C8000FAFFFF8AD23093E103F18FE000F020E3E6
:103C90001F0050E30300008A68209FE5843092E50E
:103CA0000430C3E1843082E50410A0E152FFFFEB51
:103CB000EEFFFFEA0410A0E164FFFFEB1F0050E3FA
:103CC000EAFFFF8A3C209FE5843092E5033084E1DF
:103CD000843082E5E5FFFFEA0410A0E146FFFFEB38
:103CE000F5FFFFEA1500E0E31080BDE824309FE512
:103CF000030052E3DDFFFF8AD23093E103F18FE04E
:103D000000F020E3DD9300C000D00050E19300C03C
:103D1000E59300C0E99300C0ED9300C010402DE989
:103D200098319FE5003093E55FF07FF51F3003E2A7
:103D3000013083E28332A0E1FF0F53E3FF3FA02372
:103D40005FF07FF578119FE50020A0E3002081E57A
:103D500070019FE52020A0E3020053E13600008AB5
:103D60002010A0E30000A0E3010053E13800008A26
:103D70002020A0E30000A0E3020053E13B00008A02
:103D800044019FE52020A0E30010A0E3020053E1DE
:103D90003C00008A34C19FE52020A0E330019FE56C
:103DA00000E0E0E3020053E13B00008A5FF07FF5B2
:103DB0000C219FE50130A0E3003082E55FF07FF544
:103DC0000030E0E300308CE55FF07FF504319FE5E3
:103DD000003080E55FF07FF5FF3F0FE3012C82E2CA
:103DE000003082E5F0109FE5453B83E21A3283E222
:103DF000322E82E25FF07FF5001083E5043083E22B
:103E0000020053E1FAFFFF1A5FF07FF5CC209FE537
:103E1000F030A0E3003082E5042042E2003092E579
:103E20005FF07FF51A3EC3E35FF07FF5033083E375
:103E3000003082E50000A0E31080BDE85FF07FF570
:103E40000A1282E2861B81E2000081E5042082E200
:103E5000C0FFFFEA5FF07FF52121A0E10A2282E2A4
:103E6000872B82E2000082E5101081E2BDFFFFEAAD
:103E70005FF07FF50A1282E2851B81E2000081E596
:103E8000042082E2BBFFFFEA5FF07FF5A2C180E081
:103E900000108CE5202082E2BBFFFFEAA211A0E126
:103EA0005FF07FF50C4081E000E084E55FF07FF596
:103EB000001081E000E081E5202082E2B8FFFFEA07
:103EC000041002A0001002A001010101801002A054
:103ED000801302A0801102A00000FFFFA0A0A0A0FC
:103EE000042002A05FF07FF50130A0E31F2000E274
:103EF000A002A0E11332A0E108209FE5002182E0AA
:103F0000003082E51EFF2FE1001102A05FF07FF577
:103F10000A3280E2853B83E20010C3E52032A0E153
:103F20000331B0E11EFF2F010F0000E20A3283E2ED
:103F3000873B83E28000A0E1001093E55FF07FF50E
:103F400003C0A0E3040012E30220A0131C10C1E18F
:103F5000121081115FF07FF5001083E51EFF2FE145
:103F600008009FE5000090E55FF07FF51EFF2FE160
:103F70000C2002A04FF07FF55FF07FF504309FE545
:103F8000000083E51EFF2FE1102002A0F0412DE983
:103F90000050A0E15C709FE50060A0E30180A0E319
:103FA0000130D5E57640EFE6040053E1F081BD989D
:103FB0000030D5E5034084E00400A0E1C8FEFFEB3B
:103FC000000050E30900000A0400A0E1D7FEFFEB67
:103FD000843197E7000053E30400000A842187E05E
:103FE0001F4004E2041092E51804A0E133FF2FE122
:103FF000016086E2E9FFFFEA948301D08000A0E13E
:1040000004309FE5B01083E11EFF2FE17C0000D05B
:1040100010402DE92610A0E30000A0E30020A0E35B
:10402000F5FFFFEBA010A0E32600A0E398FDFFEB57
:104030002710A0E30100A0E30020A0E3EEFFFFEBC8
:10404000A010A0E32700A0E391FDFFEB2810A0E360
:104050000200A0E30020A0E3E7FFFFEBA010A0E335
:104060002800A0E38AFDFFEB2910A0E30300A0E3F2
:104070000020A0E3E0FFFFEBA010A0E32900A0E3F5
:1040800083FDFFEB2A10A0E30400A0E30020A0E3DF
:10409000D9FFFFEBA010A0E32A00A0E37CFDFFEB1B
:1040A0003810A0E30500A0E30020A0E3D2FFFFEB5F
:1040B000A010A0E33800A0E375FDFFEB6110A0E3C2
:1040C0000600A0E30020A0E3CBFFFFEBA010A0E3DD
:1040D0006100A0E36EFDFFEB6210A0E30700A0E328
:1040E0000020A0E3C4FFFFEBA010A0E36200A0E368
:1040F00067FDFFEB6310A0E30800A0E30020A0E34E
:10410000BDFFFFEBA010A0E36300A0E360FDFFEBA9
:104110006410A0E30900A0E30020A0E3B6FFFFEBDA
:10412000A010A0E36400A0E359FDFFEB4910A0E359
:104130000A00A0E30020A0E3AFFFFFEBA010A0E384
:104140004900A0E352FDFFEB4B10A0E30B00A0E3FE
:104150000020A0E3A8FFFFEBA010A0E34B00A0E32A
:104160004BFDFFEB6D10A0E30C00A0E30020A0E3EB
:10417000A1FFFFEBA010A0E36D00A0E344FDFFEB67
:104180006E10A0E30D00A0E30020A0E39AFFFFEB78
:10419000A010A0E36E00A0E33DFDFFEB8A10A0E3BA
:1041A0000E00A0E30020A0E393FFFFEBA010A0E32C
:1041B0008A00A0E336FDFFEB8D10A0E30F00A0E323
:1041C0000020A0E38CFFFFEBA010A0E38D00A0E394
:1041D0002FFDFFEB0000A0E31080BDE8B030D1E17F
:1041E0005330EBE7092C83E25220EBE7800052E3E7
:1041F0000E00008A042091E508D04DE25FF07FF5C3
:10420000053283E2002083E5B030D1E15330EBE7A3
:10421000053283E2003093E55FF07FF504308DE5F1
:104220000000A0E304309DE508D08DE21EFF2FE1E1
:104230008500E0E31EFF2FE1B030D1E15330EBE722
:10424000092C83E25220EBE7800052E30E00008A43
:10425000042091E508D04DE25FF07FF5453283E21E
:10426000002083E5B030D1E15330EBE7453283E203
:10427000003093E55FF07FF504308DE50000A0E3AA
:1042800004309DE508D08DE21EFF2FE18500E0E3BC
:104290001EFF2FE1B030D1E110402DE90240A0E136
:1042A0005330EBE7082700E3020053E11B00000A4C
:1042B000482700E3020053E11D00000A070C53E306
:1042C0000600001A043091E5010853E30D00000ACE
:1042D0000400008A023B43E2023BD3E30C00000AE5
:1042E0008500E0E31080BDE8023643E20236D3E306
:1042F000FAFFFF1A90009FE5BC0600EB000084E582
:104300000000A0E31080BDE880009FE59A0700EB65
:10431000F9FFFFEA78009FE5120700EBF6FFFFEADE
:10432000043091E5010C53E3ECFFFF1A64009FE5B4
:10433000F5FFFFEA043091E5100053E30C00000A9A
:104340000500008A040053E30D00000A080053E34F
:1043500044009F05EFFFFF0AE0FFFFEA200053E360
:104360000500000A400053E330009F05E1FFFF0A0B
:10437000DAFFFFEA28009FE5DEFFFFEA24009FE561
:10438000DCFFFFEA20009FE5E2FFFFEA001C006877
:10439000001C006F001C006B001C006A00E0006C39
:1043A00000000769001C006900E00069001C006C47
:1043B0000532A0E3012CA0E3202483E5282493E523
:1043C000010C12E3FCFFFF0A282493E5010012E32D
:1043D0000500001A0120A0E3202483E50522A0E3C4
:1043E000283492E5010013E3FCFFFF0A0522A0E355
:1043F000152D82E2003092E50330C3E3013083E300
:10440000003082E5003092E55FF07FF5000053E375
:10441000FBFFFFAA0522A0E34A2E82E2003092E5CC
:104420001030C3E3003082E5003092E55FF07FF5A5
:10443000100013E3FBFFFF1A0512A0E3A03491E57F
:104440002030C3E3A03481E5003092E55FF07FF5D2
:10445000200013E3FBFFFF1A0522A0E34A2E82E2AD
:10446000003092E54030C3E3003082E5003092E551
:104470005FF07FF5400013E3FBFFFF1A0532A0E376
:10448000A42493E51F20C8E7522082E3A42483E5F7
:10449000A42493E55220E8E7520052E3FBFFFF1A01
:1044A000A42493E53F28C2E3012882E3A42483E502
:1044B0000532A0E3A42493E53F2802E2010852E379
:1044C000FBFFFF1AA82493E57F20C2E3A82483E51D
:1044D0000522A0E3A83492E57F0013E3FCFFFF1A56
:1044E000AC3492E5501505E3F80F0FE39F31CFE7A9
:1044F000013083E1AC3482E50532A0E3AC2493E5DE
:10450000002002E0010052E1FBFFFF1AA02493E526
:10451000012082E3A02483E50532A0E3A02493E5F3
:10452000020012E3FCFFFF0AA02493E5102082E3BF
:10453000A02483E538209FE5003092E55FF07FF509
:10454000100013E3FBFFFF0A0522A0E3403592E5CC
:104550000330C3E3023083E3403582E5403592E522
:10456000033003E2020053E3FBFFFF1A0000A0E365
:104570001EFF2FE1A00400500F0050E30500008A49
:10458000F4330EE33330A0E1010013E38500E003D0
:104590000000A0131EFF2FE18500E0E31EFF2FE1C6
:1045A00070402DE9B000D1E1042091E55000EBE727
:1045B0005258E4E7EFFFFFEB000050E30D00001A54
:1045C0007240FFE6051284E2003091E55FF07FF56E
:1045D0005FF07FF5D2EAE1E700C0E0E3222CA0E142
:1045E00001E08EE21CCEE0E11C35C3E1123583E12F
:1045F000003081E57080BDE88500E0E37080BDE8B3
:10460000B000D1E15000EBE7093C80E25330EBE72A
:10461000800053E30900008A050280E2000090E573
:104620005FF07FF5043091E50030D3E10900000A26
:104630000100A0E31EFF2FE10100A0E31080BDE810
:1046400010402DE9CBFFFFEB000050E3F9FFFF1A0C
:104650000200A0E31080BDE80200A0E31EFF2FE1EE
:1046600010402DE928009FE5680700EB000050E3AB
:104670000500000A1C009FE5CDFCFFEB14009FE540
:1046800004F6FFEB0000A0E31080BDE81200E0E3B9
:104690001080BDE81C8200C09C4600C00A0050E3A8
:1046A00070402DE90040A0E130509FE50400001A61
:1046B000083095E50D10A0E30500A0E1043093E576
:1046C00033FF2FE1083095E57410EFE60C009FE50D
:1046D000043093E533FF2FE10400A0E17080BDE8D2
:1046E0001C8200C004E02DE5003090E5003082E53A
:1046F00004E0D0E500C090E58EC18CE00C0053E1F1
:104700000100003A0100E0E304F09DE405C0D3E5B8
:10471000083083E201005CE1F3FFFF1A0000A0E330
:1047200004F09DE4F0412DE90040A0E1015180E05A
:10473000050054E10100001A0000A0E3F081BDE88B
:10474000046094E4D672E3E71F0006E223F6FFEB71
:10475000000050E30600000A0130A0E30620A0E1BB
:104760000710A0E12BF6FFEB000050E3EFFFFFAADC
:10477000F081BDE81200E0E3F081BDE8043090E58F
:10478000D102EBE71F1001E2003093E5033090E720
:104790000100A0E3103113E00030A0110030A003AD
:1047A0000030C2E50000A0E31EFF2FE1043090E5D9
:1047B00001C0A0E3D102EBE71F1001E2002093E566
:1047C000023090E71C3183E1023080E70000A0E373
:1047D0001EFF2FE1043090E501C0A0E3D108EBE714
:1047E0001F1001E2002093E5023090E71C3183E1C5
:1047F000023080E70000A0E31EFF2FE170402DE9AA
:104800000040A0E10150A0E1E7FFFFEB0510A0E1AF
:104810000400A0E1EEFFFFEB0000A0E37080BDE824
:10482000010A50E30500000A010250E30700001AE4
:10483000000051E30200A0030100A0131EFF2FE1BE
:10484000000051E30400A0030300A0131EFF2FE1AA
:10485000000051E30300A0030200A0131EFF2FE19C
:10486000043090E5003093E51C0093E51C2093E5AF
:10487000D001E0E7012002E2820080E11C2093E504
:10488000020012E31C2093E504008013040012E3ED
:104890001C2093E520008013010C12E3012CA013CF
:1048A0000800801320208315010010E30820A013C6
:1048B00020208315020010E30120A013202083157F
:1048C000040010E30220A01320208315200010E331
:1048D0000420A013202083151EFF2FE1043090E553
:1048E000003093E51C0093E5800010E20000931572
:1048F0005003E0171EFF2FE1043090E5003093E5F0
:104900001C0093E55003E0E71EFF2FE1043090E523
:10491000002093E5003092E5203083E3003082E50B
:104920001EFF2FE1043090E5002093E5003092E572
:104930002030C3E3003082E51EFF2FE1043090E514
:10494000003093E51C0093E5D002E0E71EFF2FE165
:10495000043090E5003093E5082093E5012082E3E0
:10496000082083E560209FE5020053E11303531301
:104970000E00000A54109FE554209FE5020053E109
:10498000010053110900000A48209FE5021A81E244
:10499000020053E1010053110400000A38209FE592
:1049A000071A81E2020053E1010053110200001ACC
:1049B000042093E5402082E3042083E5002093E572
:1049C000012C82E3002083E51EFF2FE10010004C44
:1049D00000F0004000000140003000440090014021
:1049E000043090E5003093E5082093E50120C2E310
:1049F000082083E560209FE5020053E11303531371
:104A00000E00000A54109FE554209FE5020053E178
:104A1000010053110900000A48209FE5021A81E2B3
:104A2000020053E1010053110400000A38209FE501
:104A3000071A81E2020053E1010053110200001A3B
:104A4000042093E54020C2E3042083E5002093E5A1
:104A5000012CC2E3002083E51EFF2FE10010004C73
:104A600000F0004000000140003000440090014090
:104A7000103090E5060083E91EFF2FE15500A0E30A
:104A80000020A0E310402DE9A010A0E300FBFFEB05
:104A90001040BDE85500A0E3FCFAFFEA37402DE9DD
:104AA000004051E2005090E50200001A1500E0E3DA
:104AB0000CD08DE23080BDE80030A0E1040090E52C
:104AC000101093E5083090E50C3093E5000053E3B7
:104AD0005700E003F5FFFF0A04208DE233FF2FE1CA
:104AE000000050E3F1FFFFBA003095E50239C3E35F
:104AF000003085E504109DE5A41081E011F431E754
:104B00000F0051E37110FF860000A0830C10858513
:104B1000E6FFFF8AE4FFFFEA0E30D0E5000053E332
:104B20001EFF2F010030A0E3FF10A0E30E30C0E510
:104B30000200A0E32CF7FFEA10402DE9043090E5D5
:104B4000101090E500400FE1804004E280000CF17D
:104B5000002093E5003092E54030C3E3003082E569
:104B60000030A0E30D30C1E5100090E5E9FFFFEB58
:104B7000000054E31080BD18800008F11080BDE8EB
:104B80000E30D0E5000053E31EFF2F110130A0E3EB
:104B9000FF10A0E30E30C0E50200A0E3E3F6FFEA59
:104BA00070402DE9045090E5103090E500400FE191
:104BB000804004E280000CF1012CA0E3BC20C3E1A2
:104BC000100090E5EDFFFFEB002095E5000054E3B9
:104BD000003092E5403083E3003082E57080BD18FC
:104BE000800008F17080BDE8F0412DE90140A0E1AE
:104BF000103090E50520D4E5005093E50430D4E56D
:104C0000041090E5010053E302604312066CA00318
:104C1000166F6F11A662A0110665A011020052E383
:104C20008220A09102CAA083A0C19F95B2C09C918E
:104C30000620D4E5020052E3133F6F01A332A00126
:104C4000033EA0010500000A040052E3013AA0035C
:104C50000200000A003053E20130A0130336A0E145
:104C60000770D4E5001091E5010057E3002091E5BD
:104C700003ECA00300E0A013040055E11200001AA9
:104C80000122C2E3162CC2E3062082E1032082E166
:104C9000002081E5043091E5033AC3E30C3083E161
:104CA000043081E5043090E5002093E5083092E57A
:104CB000033CC3E30E3083E1083082E5001095E544
:104CC000040090E5F041BDE873FFFFEA062C02E224
:104CD000020056E100209115062CC2130620821115
:104CE00000208115042090E5001092E5042091E554
:104CF000032A02E202005CE104209115032AC21398
:104D00000C20821104208115042090E5001092E50A
:104D1000002091E5EF24C2E3FF28C2E3EF2CC2E3B9
:104D2000FF20C2E3020053E10400000A002091E5E5
:104D30000122C2E3012AC2E3032082E1002081E5CF
:104D4000043090E5031047E2111F6FE1002093E566
:104D5000A112A0E1083092E5033C03E203005EE10A
:104D600008309215033CC3130E30831108308215AE
:104D7000043090E5003093E5082093E55227E0E702
:104D8000020051E10400000A082093E5030057E304
:104D90000129C21301298203082083E5001094E54C
:104DA000003095E5030051E10600000A040090E59B
:104DB00039FFFFEB000050E3F081BD18003094E5AF
:104DC000003085E5F081BDE80000A0E3F081BDE89A
:104DD000A88B00C0F3412DE90070A0E1048090E5AC
:104DE000040098E5101098E5083090E5003093E550
:104DF000000053E35750E0032A00000A33FF2FE17D
:104E0000005050E2270000BA240098E504208DE20B
:104E10000010A0E332FEFFEB005050E2210000BA88
:104E200004309DE50020A0E30410D3E5000093E5E5
:104E30003BFEFFEB005050E21A0000BA046097E519
:104E4000103097E5004096E5005093E5003094E57A
:104E50000130C3E3003084E5080096E56B0500EB04
:104E6000000050E31250E0030E00000AD800C6E133
:104E7000083090E50C3093E5000053E30000000A91
:104E800033FF2FE1003094E50510A0E10700A0E119
:104E90000C3083E3003084E552FFFFEB005050E21A
:104EA0000300000A1550E0E30500A0E108D08DE200
:104EB000F081BDE81830D6E5000053E308309415C2
:104EC00008308313083084151930D6E5000053E309
:104ED0000430941502398313043084151A30D6E552
:104EE000000053E304309415013883130430841513
:104EF0001B30D6E5000053E30430941502388313C9
:104F0000043084151C30D6E5000053E32600000A67
:104F10002C319FE5130354E3030054110E00000AE3
:104F200020219FE520319FE5020054E10300541148
:104F30000900000A14319FE5022A82E2020054E1CE
:104F4000030054110400000A04319FE5072A82E29D
:104F5000020054E103005411D1FFFF1A043097E519
:104F6000002093E5083092E5013983E3083082E5BB
:104F7000003094E51D20D6E53E36C3E3823A83E156
:104F8000003084E5003094E51E20D6E51F38C3E3E9
:104F9000023883E1003084E51F30D6E5000053E39A
:104FA0000830941502398313083084152030D6E573
:104FB000000053E30030941502328313003084154F
:104FC0002C30D6E5000053E31000000A083094E5C9
:104FD000033683E3083084E5083094E5013583E344
:104FE000083084E50136A0E3203084E5003094E504
:104FF000023083E3003084E5300096E5010070E381
:105000000200000A0020A0E30210A0E1D5FAFFEBA5
:10501000003094E5013083E3003084E51C3094E5F2
:10502000020613E3FCFFFF0A1C3094E5010513E3BD
:10503000FCFFFF0A283098E50700A0E133FF2FE1CD
:1050400098FFFFEA0010004C00F000400000014013
:105050000030004400900140F0412DE90150A0E1F2
:10506000043090E50020A0E105E0D5E5004093E59F
:10507000103090E50670D5E5006093E50430D1E589
:10508000010053E302104312061CA003111F6F110D
:10509000A112A0110115A01102005EE38E00A091E3
:1050A00002CAA08338C19F95B0C09C91020057E30B
:1050B0000B00000A040057E30200000A000053E35B
:1050C0000300A0010A00000A010AA0E3038043E2F2
:1050D000010058E30600008A8530E0E30300A0E108
:1050E000F081BDE8000053E30000A013F6FFFF1AB3
:1050F0000102A0E3003053E20130A013040057E3A3
:105100000030A013000053E3F2FFFF1A010A5CE332
:105110000500000A030A5CE30230A0030200000A53
:1051200000005CE30130A0030330A01303005EE144
:10513000E8FFFF1AB9FDFFEB000057E1E5FFFF1A9A
:105140000730D5E5000053E31400000A010053E3E3
:105150002000001A8C309FE5130354E30300541120
:105160000E00000A80109FE580309FE5010054E1A9
:10517000030054110900000A74309FE5021A81E20D
:10518000010054E1030054110400000A64309FE55B
:10519000071A81E2010054E103005411CDFFFF1A08
:1051A000003094E50510A0E10200A0E10130C3E366
:1051B000003084E58BFEFFEB003050E2C5FFFF1AA4
:1051C000002094E5012082E3002084E5030095E8B7
:1051D000030086E8C0FFFFEA030053E3DCFFFF0A99
:1051E000BCFFFFEAA88B00C00010004C00F000409C
:1051F00000000140003000440090014010402DE9C3
:105200000130A0E1102090E50040A0E1002092E5EF
:10521000002092E5002081E5042090E5002092E541
:10522000002092E5062C02E2010B52E3062C42120A
:105230000220A003122F6F11A222A0110420C1E5A9
:10524000042090E5002092E5042092E5032A02E282
:10525000010A52E30020A0030500000A030A52E3FA
:105260000220A0030200000A000052E30120A00374
:105270000320A0130520C3E5042094E5002092E557
:10528000000092E5001092E5EF04C0E3FF08C0E3E0
:10529000061C01E2EF0CC0E3FF00C0E35FFDFFEB83
:1052A0000600C3E50000A0E3042094E5002092E599
:1052B000082092E5032C02E2032C42E2122F6FE158
:1052C000A222A0E10720C3E5041094E5001091E5B7
:1052D000081091E5010911E30320A0130720C3E59D
:1052E0001080BDE810402DE90140A0E1043090E5B8
:1052F000003093E5000093E5001093E5EF04C0E370
:10530000FF08C0E3061C01E2EF0CC0E3FF00C0E3AE
:1053100042FDFFEB040050E31400000A1C0093E57B
:10532000800010E21080BD0800100FE1801001E243
:1053300080000CF10000A0E300C042E000005CE34C
:10534000060000DA1CC093E580001CE30300000A9D
:1053500000C0D4E7010080E228C083E5F5FFFFEA42
:10536000000051E31080BD18800008F11080BDE8F6
:105370008500E0E31080BDE870402DE90150A0E118
:10538000043090E5004093E5103090E51C2094E552
:10539000800012E3FCFFFF0A00600FE1806006E27C
:1053A00080000CF11C2094E5800012E30300001A39
:1053B000000056E3F4FFFF1A800008F1F2FFFFEA55
:1053C0000C20D3E5000052E30900001A0D20D3E5BC
:1053D000000052E30600001A0120A0E30C20C3E500
:1053E000100090E5E5FDFFEB003094E5403083E3ED
:1053F000003084E5285084E5000056E37080BD1835
:10540000800008F17080BDE870402DE90050A0E1F7
:10541000043090E5106090E5004093E5003094E59D
:10542000400013E30C00000A1C3094E5400013E335
:105430000900000A0C30D6E5000053E30600000A1C
:10544000003094E54030C3E3003084E50030A0E351
:105450000C30C6E5100090E5AEFDFFEB043096E59C
:10546000000053E30200000A081096E50500A0E1E1
:1054700033FF2FE1083094E5010513E37080BD0888
:105480001C3094E5010613E37080BD080136A0E3EB
:10549000203084E51C3094E5010513E37080BD18CD
:1054A000FBFFFFEA043090E5003093E51C2093E514
:1054B000200012E30200000A002093E5200012E31E
:1054C0000400001A1C0093E5400010E20000931550
:1054D0005003E0171EFF2FE10100A0E31EFF2FE1A4
:1054E00010402DE90140A0E1043090E5003093E543
:1054F000000093E5001093E5EF04C0E3FF08C0E36C
:10550000061C01E2EF0CC0E3FF00C0E3C3FCFFEBAD
:10551000040050E30000A0130810A0130100001ABB
:105520008500E0E31080BDE800C042E000005CE3DD
:105530001080BDD81CC093E520001CE31080BD087E
:1055400024C093E500C0C4E7010080E21CC093E5DD
:1055500008001CE320108315F2FFFFEA043090E5F9
:10556000003093E51C2093E5080012E30820A01307
:10557000202083151C2093E5200012E30000A013D7
:105580000000E003243093150030C1151EFF2FE109
:105590001EFF2FE170402DE90220A0E3A010A0E340
:1055A0001B00A0E33AF8FFEB1E0F51EC192CA0E30F
:1055B0000030A0E3D0EFFFFA50209FE50030A0E1DB
:1055C000F000C2E1190CA0E3933082E0902121E0C9
:1055D0003C209FE5004093E0003082E5041082E526
:1055E0000050A1E23E4F45EC333F1EEE013083E315
:1055F000333F0EEE1B00A0E324F8FFEB333F1EEE1B
:105600000230C3E3333F0EEE0000A0E37080BDE83C
:10561000008001D0088001D030402DE900100FE15A
:10562000801001E280000CF11E4F55EC54209FE5E4
:10563000193CA0E300E092E504C092E50E0044E0CE
:1056400010F330E7930003E00E3093E000C0ACE2CB
:10565000081082E830209FE5081092E8003093E0BF
:1056600000C0ACE2081082E820309FE50020A0E3F3
:10567000002083E5333F1EEE023083E3333F0EEE1E
:105680003040BDE8D80700EA088001D0008001D092
:10569000148401D0010070E30030A0130130A00396
:1056A000031011E01EFF2F117C309FE5010070E315
:1056B00030402DE900E093E5044093E50600001A30
:1056C00003219EE20030A4E23E2F43EC333F1EEE66
:1056D0000230C3E3333F0EEE3080BDE84C209FE53F
:1056E000195CA0E348309FE500C092E5003093E5E7
:1056F000042092E50C3093E00020A2E200C093E089
:10570000C00FA2E09C2583E0953023E00EC052E05C
:105710000351A0E30400C3E00C0055E10000D1E018
:10572000E8FFFF2A05209EE0E5FFFFEA088001D0A0
:10573000008001D0148401D01E0F51EC18309FE579
:10574000003093E5030040E0193CA0E310F330E79C
:1057500008309FE5000083E51EFF2FE1088001D09F
:10576000148401D0000050E31EFF2F0130402DE9CA
:105770001E2F53EC20CDA0E10210A0E10003A0E118
:1057800003E0A0E11E4F55EC013054E00E20C5E0CF
:10579000000053E10C20D2E0F9FFFF3A3080BDE871
:1057A0000532A0E3280493E55004E0E71EFF2FE153
:1057B0000532A0E3280493E5010000E21EFF2FE17B
:1057C0000532A0E3280493E55002E0E71EFF2FE135
:1057D000203BA0E1053283E2603493E5203503E00D
:1057E0005330EBE7000083E11EFF2FE10532A0E319
:1057F000000593E5D000E0E71EFF2FE10532A0E3AE
:10580000200593E5D000E0E71EFF2FE1F0412DE9F0
:105810000050A0E10300A0E10270A0E10160A0E15E
:1058200051EEFFFA3914A0E37BEEFFFA0040A0E14D
:105830000700A0E14CEEFFFA0010A0E10400A0E197
:10584000F1EDFFFA0040A0E10500A0E146EEFFFA0D
:105850000050A0E10600A0E143EEFFFA0010A0E135
:105860000500A0E1C6EEFFFA0010A0E10400A0E1EF
:1058700069EEFFFA0040A0E118009DE53AEEFFFA5C
:105880000010A0E10400A0E1BDEEFFFA0AEFFFFA6C
:10589000F081BDE80522A0E3F3412DE90050A0E12D
:1058A000803492E5033013E23C00000A010053E328
:1058B0004200000A0060A0E30030A0E3003085E56C
:1058C000043085E5083085E50532A0E3D47493E51E
:1058D000D48493E5DC4493E55778E5E75880E8E71E
:1058E000014814E2017087E2018088E2DC449315EC
:1058F000D02493E5D441EC17100012E30900000A0C
:10590000D83493E50820A0E10710A0E10600A0E14B
:105910007F3003E2013083E200308DE50430A0E106
:10592000B9FFFFEB000085E50532A0E3D02493E545
:10593000200012E30900000AD83493E50820A0E112
:105940000710A0E10600A0E15334E6E7013083E24E
:1059500000308DE50430A0E1ABFFFFEB040085E5EE
:105960000532A0E3D02493E5400012E30900000AC9
:10597000D83493E50820A0E10710A0E10600A0E1DB
:105980005338E6E7013083E200308DE50430A0E1D2
:105990009DFFFFEB080085E508D08DE2F081BDE8B2
:1059A00082FFFFEB000050E3C1FFFF0A403492E5A5
:1059B0001C609FE5033003E23663A0E1BDFFFFEA10
:1059C00076FFFFEB000050E3B9FFFF0A04609FE59C
:1059D000B8FFFFEA0090D00300366E010522A0E375
:1059E000F3412DE90050A0E1843492E5033003E255
:1059F000010053E34600000A020053E34900000A95
:105A0000000053E33A00000A0060A0E30030A0E386
:105A1000003085E5043085E5083085E50532A0E3F2
:105A2000047593E5048593E50C4593E55778E5E720
:105A30005880E8E7014814E2017087E2018088E2BB
:105A40000C459315002593E5D441EC17100012E3A3
:105A50000900000A083593E50820A0E10710A0E13D
:105A60000600A0E17F3003E2013083E200308DE5E3
:105A70000430A0E164FFFFEB000085E50532A0E300
:105A8000002593E5200012E30900000A083593E59C
:105A90000820A0E10710A0E10600A0E15334E6E7EA
:105AA000013083E200308DE50430A0E156FFFFEBCA
:105AB000040085E50532A0E3002593E5400012E3EC
:105AC0000900000A083593E50820A0E10710A0E1CD
:105AD0000600A0E15338E6E7013083E200308DE5AF
:105AE0000430A0E148FFFFEB080085E508D08DE217
:105AF000F081BDE82DFFFFEB000050E3C1FFFF0A7E
:105B0000403492E530609FE5033003E23663A0E164
:105B1000BDFFFFEA21FFFFEB000050E31C609F1573
:105B2000B9FFFF1AB7FFFFEA24FFFFEB000050E3C5
:105B30000C609F15B4FFFF1AB2FFFFEA0090D0037C
:105B400000366E0100093D000522A0E3F3412DE976
:105B50000050A0E1883492E5033003E2030053E3F0
:105B600028619F050500000A000053E34200001A67
:105B70000EFFFFEB000050E33A00001A0060A0E3C4
:105B80000030A0E3003085E5043085E5083085E588
:105B90000532A0E3247593E5248593E52C4593E530
:105BA0005778E5E75880E8E7014814E2017087E29A
:105BB000018088E22C459315202593E5D441EC170C
:105BC000100012E30900000A283593E50820A0E13F
:105BD0000710A0E10600A0E17F3003E2013083E27C
:105BE00000308DE50430A0E107FFFFEB000085E504
:105BF0000532A0E3202593E5200012E30900000A06
:105C0000283593E50820A0E10710A0E10600A0E1F7
:105C10005334E6E7013083E200308DE50430A0E143
:105C2000F9FEFFEB040085E50532A0E3202593E5AE
:105C3000400012E30900000A283593E50820A0E19E
:105C40000710A0E10600A0E15338E6E7013083E247
:105C500000308DE50430A0E1EBFEFFEB080085E5A8
:105C600008D08DE2F081BDE8403492E520609FE5E8
:105C7000033003E23663A0E1C0FFFFEAC7FEFFEB9B
:105C8000000050E30C609F15BCFFFF1ABAFFFFEA4B
:105C90000080BB000090D00300366E0110402DE95B
:105CA000CAFEFFEB70309FE5030050E11000000AD0
:105CB000013083E2030050E11200000A023043E2A7
:105CC000030050E10100000A0000A0E31080BDE8DD
:105CD000B6FEFFEB000050E3FAFFFF0A3C009FE531
:105CE0000532A0E3403493E5033003E23003A0E142
:105CF0001080BDE8B1FEFFEB000050E3F1FFFF0AAA
:105D00001C009FE51080BDE8A4FEFFEB000050E3FF
:105D1000ECFFFF0A0C009FE51080BDE8010C003B82
:105D20000090D00300093D0000366E011F402DE9B0
:105D30000522A0E3443592E5073003E2010053E376
:105D40003C009F050800000A020053E30800000A17
:105D5000000053E30000A0130300001A403492E552
:105D600020009FE5033003E23003A0E114D08DE270
:105D700004F09DE404008DE2C5FEFFEB04009DE508
:105D8000F9FFFFEA00366E010090D0031F402DE9B5
:105D90000522A0E3483592E5033003E2020053E315
:105DA0003C009F050800000A030053E30800000AB6
:105DB000010053E32C009F050300000A403492E5E4
:105DC00024009FE5033003E23003A0E114D08DE20C
:105DD00004F09DE404008DE2FFFEFFEB04009DE56E
:105DE000F9FFFFEA00093D0000366E010090D00384
:105DF0001F402DE975FEFFEB44319FE5030050E1A4
:105E00003E00000A1C00008A38319FE5030050E183
:105E10000D00008A033043E2030050E10200002A33
:105E20000000A0E314D08DE204F09DE418319FE55A
:105E3000070B40E25A0340E2020050E32F00008AC1
:105E40000000D3E700F18FE000F020E3973480E218
:105E5000073B43E2030053E3F0FFFF8AEC309FE58A
:105E6000EC209FE5033080E0020053E32300008A2A
:105E70000330D2E703F18FE000F020E3D4309FE558
:105E8000030050E11D00000A0C00008A613A43E261
:105E9000FF3E43E2030050E12100000A083083E2A4
:105EA000030050E1103043120B00001A43FEFFEBD9
:105EB000000050E3D9FFFF0A9C009FE5D8FFFFEAEE
:105EC00098309FE5030050E11500000A403083E25E
:105ED000030050E1F4FFFF0A803043E2030050E189
:105EE000CEFFFF1A44FEFFEB000050E3CBFFFF0A9A
:105EF00004008DE213FFFFEB0C009DE5C8FFFFEAF5
:105F0000A1FFFFEB0532A0E36C2593E5843593E513
:105F10000F2002E2073003E23002A0E13003A0E1EB
:105F2000BFFFFFEA21FEFFEB000050E3BBFFFF0ACB
:105F30002C009FE50532A0E3403493E5033003E2F3
:105F4000F5FFFFEA00E00069031C0068119400C03F
:105F5000FFE3FF96149400C00000076900093D00AC
:105F6000800007690090D0031F402DE917FEFFEB6A
:105F7000BC319FE5030050E12100008A043043E278
:105F8000030050E10A00002AFE3483E2043083E279
:105F9000030050E10E00008A043043E2030050E1A8
:105FA00090319F250F00002A0000A0E314D08DE25D
:105FB00004F09DE480319FE5070B40E25B0340E283
:105FC000030050E34200008A0000D3E700F18FE0B5
:105FD00000F020E3953480E2073B43E2040053E302
:105FE00058319F95EFFFFF8A033080E050219FE5F5
:105FF000030053E31D00008A0330D2E703F18FE072
:1060000000F020E33C319FE5030050E13900000A35
:106010000B00008A103043E2030050E12C00000A1C
:10602000083083E2030050E1DEFFFF1AF2FDFFEBD0
:10603000000050E3DBFFFF0A04008DE2C1FEFFEB2E
:10604000160000EA00319FE5030050E13100000A2C
:10605000083083E2030050E1D2FFFF1ACFFDFFEBCF
:10606000000050E3E4009F15CEFFFF0ACEFFFFEAD9
:10607000E1FDFFEB000050E3CAFFFF0A04008DE2E0
:10608000B0FEFFEB04009DE5C7FFFFEAD6FDFFEB86
:10609000000050E3C3FFFF0A04008DE24EFEFFEB59
:1060A00008009DE5C0FFFFEAA4009FE514D08DE243
:1060B00004E09DE4F8FEFFEACBFDFFEB000050E3B7
:1060C000B8FFFF0A04008DE243FEFFEB0C009DE5E4
:1060D000B5FFFFEA2CFFFFEB0532A0E36C2593E54B
:1060E000843593E50F2002E2073003E23002A0E19D
:1060F0003003A0E1ACFFFFEAACFDFFEB000050E392
:10610000A8FFFF0A4C009FE50532A0E3403493E569
:10611000033003E2F5FFFFEAA8FDFFEB000050E3C8
:10612000A0FFFF0A30009FE59FFFFFEA2C009FE5DC
:106130009DFFFFEA041C006CFFE3FF95179400C06D
:10614000FFE3FF941B9400C010E0006C18E0006CAB
:1061500000366E01000C003B0090D00300093D00AA
:106160000080BB000532A0E3683593E5073003E209
:10617000013083E210F330E71EFF2FE11F402DE9CD
:1061800092FDFFEBE8319FE5030050E13F00008AFC
:10619000043043E2030050E11100002AFF3483E29F
:1061A000053083E2030050E11D00008A053043E220
:1061B000030050E11200002A0000A0E314D08DE299
:1061C00004F09DE4AC319FE5070B40E2170240E28A
:1061D000030050E36100008A0000D3E700F18FE084
:1061E00000F020E390319FE5033080E08C219FE5B3
:1061F000030053E35200008A0330D2E703F18FE03B
:1062000000F020E378319FE578219FE5033080E0BE
:10621000040053E30900008A0330D2E703F18FE062
:1062200000F020E360319FE5030050E13000000AF8
:106230000800008A103043E2030050E1DDFFFF1A3E
:10624000B9FEFFEBC6FFFFEB0532A0E3843593E513
:10625000073003E22D0000EA30319FE5030050E1F2
:106260002C00000A083083E2030050E12F00000AEE
:10627000103043E2030050E1CEFFFF1A4FFDFFEB69
:10628000000050E3CBFFFF0A04019FE5CAFFFFEACD
:1062900000319FE5030050E10800008A043043E22A
:1062A000030050E1C6FFFF2A913480E2073B43E23E
:1062B000040053E3E0309F95CAFFFF9ABDFFFFEA59
:1062C0008F3480E2073B43E2040053E3CC309F95D8
:1062D000C4FFFF9AB7FFFFEA43FDFFEB000050E366
:1062E000B4FFFF0A04008DE2BBFDFFEB08009DE553
:1062F000B1FFFFEA2DFDFFEB000050E3ADFFFF0A09
:106300009C009FE50532A0E3403493E5033003E2AF
:106310003003A0E1A8FFFFEA37FDFFEB000050E3E8
:10632000A4FFFF0A04008DE206FEFFEBEEFFFFEA8A
:106330001AFDFFEB000050E39EFFFF0A64009FE59B
:106340009DFFFFEA90FEFFEB0532A0E36C2593E58D
:10635000703593E50F2002E23002A0E1BBFFFFEAB7
:1063600089FEFFEB0532A0E36C2593E5743593E5D8
:10637000F7FFFFEA041C006E1F9400C0FFE3FF91CB
:10638000239400C0FFE3FF92279400C010E0006D4B
:1063900020E0006D00093D00041C0070FFE3FF9049
:1063A000FFE3FF8E0090D00300366E01000050E343
:1063B0001EFF2F01EAFCFFEA10402DE90040A0E19A
:1063C000143090E5000053E30600001A0000A0E33B
:1063D0000C2094E5000060E20130D2E5013083E357
:1063E0000130C2E51080BDE833FF2FE1000050E32B
:1063F000F5FFFF0A0C3094E5000050E3000060B2A6
:10640000FF0050E3FF00A0A30000C3E5EFFFFFEA99
:10641000000050E31EFF2F010C3090E50100D3E592
:10642000010010E20000D315100F6F11A002A0119F
:106430001EFF2FE100300FE1803003E280000CF1FD
:10644000FEFFFFEA10402DE9F9FFFFEB70402DE958
:1064500000500FE1805005E280000CF11C309FE5F8
:10646000084093E5F6FFFFEB000055E30000001A3B
:10647000800008F10400A0E17040BDE83B0100EAA3
:106480001C8401D044309FE570402DE9004193E722
:10649000010080E2005193E7040055E17080BD984F
:1064A000040094E5000050E30500000A1830D0E530
:1064B000010013E30000001ABEFFFFEB084084E276
:1064C000F4FFFFEA003094E533FF2FE1FAFFFFEA23
:1064D0008C8B00C070402DE918D04DE2E4409FE560
:1064E000AB0400EBE0309FE50120A0E3DC509FE52A
:1064F0000300A0E30020C3E5E1FFFFEB0400A0E3FD
:10650000DFFFFFEB0460A0E1304084E2050056E1CC
:106510000C00003AAC409FE5F10200EB050054E1AD
:106520001A00003AFB0200EBC50400EB3EECFFEB67
:106530009C209FE5BC30D2E10130C3E3BC30C2E116
:1065400018D08DE27080BDE80C3014E514308DE574
:10655000103014E510308DE5143014E50C308DE565
:10656000183014E508308DE51C3014E504308DE555
:10657000203014E500308DE5D82244E1D00344E119
:106580008C0000EB303014E5546083E5DCFFFFEA5B
:10659000D822C4E1010073E3010072030300000A82
:1065A000031092E1000094E50200001AC10000EB24
:1065B000304084E2D8FFFFEA18109FE5180080E21F
:1065C0005E0300EBF9FFFFEAE08700C0558405D0C9
:1065D000E08700C0908001D09C6F00C070402DE922
:1065E00018D04DE294509FE50030A0E308308DE5CF
:1065F0000120A0E3F021CDE104308DE51430A0E3CB
:106600007C609FE50F20A0E3935025E074109FE588
:106610000040A0E1806386E00C208DE5052DA0E31D
:1066200064309FE5921021E000508DE50600A0E166
:10663000600000EB1030D6E51040C5E5014084E273
:106640000430C3E31030C6E540309FE50C6085E5BB
:10665000843583E0043085E55BF07FF530309FE5DD
:106660009F1F93E1011081E2912F83E1000052E32B
:10667000FAFFFF1A5BF07FF518D08DE27080BDE85D
:106680001C8401D0108001D058D505D0606700C0AF
:1066900058CD05D0188401D07F402DE90000A0E33B
:1066A000A0509FE576FFFFEB9C009FE50040A0E334
:1066B00098609FE5740000EBBAEEFFEB0100A0E3E9
:1066C0006FFFFFEB0200A0E36DFFFFEB7E0200EB2C
:1066D0007C309FE5012BA0E378109FE50500A0E149
:1066E00014308DE50130A0E310308DE50C408DE5D0
:1066F00064309FE508408DE504408DE500408DE560
:10670000185086E52B0000EB1030D5E50500A0E120
:106710000430C3E31030C5E54C0100EB0400A0E1F8
:10672000ADFFFFEB00200FE1802002E280000CF1C2
:10673000083096E5742083E50A20E0E3782083E5BD
:106740005FF4FFEB800008F1908001D0108101D050
:106750001C8401D0A39300C098D605D0D46400C097
:1067600070402DE944409FE544509FE500600FE1F3
:10677000806006E280000CF10030D4E5000053E3B5
:106780000800000A8E0300EB140085E524EFFFEB00
:10679000000050E30300000A000056E3F2FFFF1A76
:1067A000800008F1F0FFFFEADAF3FFEBEEFFFFEA0B
:1067B000558405D01C8401D0F04F2DE914D04DE252
:1067C0000380A0E1583080E2583080E5072082E263
:1067D0005C3080E50060A0E348309DE500A0A0E3C8
:1067E0000750C2E300B0A0E3BC30C0E10430A0E336
:1067F0001030C0E50170A0E144309DE50040A0E10B
:10680000059081E0086080E50910A0E10E30C0E548
:106810000F60C0E5186080E51C6080E5F8A2C0E16B
:10682000CCF0FFEB40309DE5070080E20700C0E3BD
:106830000710A0E1680084E5607084E5645084E599
:1068400008308DE53C309DE5009049E00400A0E172
:1068500004308DE50920A0E138309DE500308DE55C
:106860000830A0E198F3FFEB18309FE50900A0E1A4
:10687000546084E5083093E56C3093E56C3084E532
:1068800014D08DE2F08FBDE81C8401D00130A0E36C
:106890001030C0E5BC30C0E10030A0E3603080E5DE
:1068A000643080E56C3080E504309FE5080083E5C6
:1068B0001EFF2FE11C8401D070402DE900500FE134
:1068C000805005E280000CF11030D0E5040013E3A5
:1068D0000B00000A0040A0E1180080E2020300EB78
:1068E0001030D4E50400A0E10430C3E31030C4E567
:1068F000DF0000EB18009FE50510A0E17040BDE847
:10690000B40100EA000055E37080BD18800008F172
:106910007080BDE8568405D010402DE9BC40D0E120
:1069200000100FE1801001E280000CF11030D0E582
:10693000080013E30300000A000051E31080BD18B3
:10694000800008F11080BDE80120A0E3CA0000EB40
:10695000010014E31080BD080400A0E304E02DE56D
:10696000800008F1020000EF04E09DE41080BDE823
:10697000E8FFFFEA440100EA003090E5042090E5DA
:10698000003082E5042083E50030A0E3003080E59C
:10699000043080E51EFF2FE110402DE9F5FFFFEBED
:1069A0001030D0E50230C3E31030C0E50030A0E382
:1069B000083080E51080BDE870402DE90010A0E1AE
:1069C000D021D0E11030D0E5000052E3020000AA4F
:1069D0007F3003E21030C0E5E6FFFFEB50509FE54B
:1069E000083095E50520A0E11C40B2E5020054E125
:1069F000000054130C409505010053E10500000A06
:106A00001020D3E51F0012E30200001ABE20D3E1DC
:106A10007F0052E30400008A040053E10100000AF1
:106A20000400A0E1F00100EB0430A0E1183085E59E
:106A30007080BDE81C8401D070402DE90A20E0E39D
:106A400028509FE50040A0E1083095E5740083E5FB
:106A5000782083E59AF3FFEB000054E30000001A6E
:106A6000800008F1083095E5780093E57080BDE876
:106A70001C8401D0D021D0E11030D0E5000052E3D9
:106A80001EFF2FB11F0013E31EFF2F1170402DE9D1
:106A9000B4409FE5833CE0E10420A0E1A33CE0E1B9
:106AA0001030C0E51C30B2E5201094E5020053E13F
:106AB0000700001A002080E5041080E5000081E551
:106AC000200084E50D0000EA030051E1F8FFFF0A11
:106AD000003093E5000053E3F5FFFF0ADEE0D3E169
:106AE000DEC0D0E10C005EE1F6FFFFDA041093E5B2
:106AF000003080E5041080E5000081E5040083E5B6
:106B00001C5094E5083094E5020055E1000055134F
:106B10001020D3E50C5094051F0012E30400001A66
:106B2000BE20D3E17F0052E30100009A183084E5D3
:106B30007080BDE8050053E10100000A0500A0E1F6
:106B4000A90100EB185084E57080BDE81C8401D0D9
:106B5000000050E31EFF2F11703F1DEE0330C3E312
:106B6000003093E5000053E30500001A18309FE55C
:106B7000182093E5083093E5030052E10000000A75
:106B8000ACFFFFEA800008F11EFF2FE11C8401D05A
:106B900070402DE9AC409FE5081094E5200094E595
:106BA000003091E5000051E1041091E50320A011AF
:106BB0000020A003003081E5041083E5083094E54F
:106BC000201094E5000052E30500001A78209FE5AC
:106BD000041083E5002083E5003081E5203084E562
:106BE000080000EADEC0D2E1DE00D3E100005CE193
:106BF000100000DA041092E5002083E5041083E51C
:106C0000003081E5043082E51C5094E538309FE582
:106C1000000055E303005511083094E50C5094052D
:106C2000050053E10100000A0500A0E16E0100EB40
:106C3000185084E57080BDE8010052E1E2FFFF0AD0
:106C4000002092E5DEFFFFEA1C8401D0388401D0E9
:106C500010402DE900400FE1804004E280000CF17B
:106C600083FFFFEB000054E31080BD18800008F1A3
:106C70001080BDE87EFFFFEA4EFFFFEAF0472DE9F6
:106C8000000052E31020D0E51090A0030890A0135C
:106C90000040A0E1020019E10160A0E10170A0E163
:106CA0001D00001A023089E1A223B0E11030C005B6
:106CB0000200000A7F3003E21030C0E52DFFFFEB39
:106CC000080059E32E00000A0080A0E34CA19FE5D4
:106CD0000A30A0E11C50B3E5030055E10000551354
:106CE00008309AE50C509A05050053E10100000AAE
:106CF0000500A0E13C0100EB18508AE5100059E3C3
:106D00000500000A0400A0E180F2FFEB000058E358
:106D10000100000A08019FE5DBFEFFEBFC309FE568
:106D2000083093E5040053E13800001A703F1DEE6F
:106D30000330C3E3003093E5000053E33300001A4F
:106D4000BC30D4E1010013E30A00000A000056E35E
:106D50000000001A800008F10400A0E304E02DE523
:106D6000800008F1020000EF04E09DE400700FE1F4
:106D7000807007E280000CF10700A0E1F047BDE859
:106D80002CFFFFEA083094E5000053E30100000AFD
:106D90000400A0E1FFFEFFEB180084E2588084E2CB
:106DA000D10100EB585094E5050058E100A0A01374
:106DB0001300001A64309FE5083093E5030054E1A6
:106DC000C0FFFF1A703F1DEE0330C3E3008093E560
:106DD000008058E20180A013BBFFFFEA0500A0E19C
:106DE000ECFEFFEB180085E2BF0100EB78A085E523
:106DF0000500A0E11EFFFFEB585094E5050058E1A7
:106E0000EBFFFF0A000055E3F3FFFF1AE8FFFFEA7C
:106E1000000056E3F087BD18800008F1F087BDE858
:106E20001C8401D0108101D070402DE90060A0E1E8
:106E300050509FE50530A0E11C40B3E5030054E14C
:106E400000005413083095E50C4095051020D3E55B
:106E50001F0012E30200001ABE20D3E17F0052E3BC
:106E60000400008A040053E10100000A0400A0E1CC
:106E7000DD0000EB0430A0E1183085E50600A0E15C
:106E80007040BDE831FFFFEA1C8401D070402DE95D
:106E900000600FE1806006E280000CF1B4409FE5E5
:106EA000081094E5200094E5003091E5000051E1E0
:106EB000041091E50320A0110020A003003081E51B
:106EC000041083E5083094E5201094E5000052E3B7
:106ED0000500001A80209FE5041083E5002083E56B
:106EE000003081E5203084E5080000EADEC0D2E110
:106EF000DE00D3E100005CE1120000DA041092E54C
:106F0000002083E5041083E5003081E5043082E54C
:106F10001C5094E540309FE5000055E303005511F7
:106F2000083094E50C509405050053E10100000A77
:106F30000500A0E1AC0000EB185084E50600A0E1DC
:106F40007040BDE8BBFEFFEA010052E1E0FFFF0A2E
:106F5000002092E5DCFFFFEA1C8401D0388401D0D8
:106F60001030D0E5280013E31EFF2F1110402DE94B
:106F70000010A0E1083090E5000053E30000000A93
:106F800084FEFFEB1030D1E50100A0E10430C3E343
:106F90001030C1E51040BDE8B5FEFFEA10402DE914
:106FA00000400FE1804004E280000CF1D021C0E1FC
:106FB000020153E3010052030300000A000054E3FE
:106FC0001080BD18800008F11080BDE8180040E274
:106FD000E2FFFFEBF8FFFFEA0100A0E1DBFEFFEAC2
:106FE000013090E1F0412DE90200001A60FEFFEB54
:106FF0000000A0E3F081BDE80060A0E10140A0E155
:1070000000700FE1807007E280000CF170509FE586
:10701000080095E517FFFFEB080095E50430A0E1B7
:1070200060109FE50620A0E1180080E2C30000EB9D
:10703000083095E50040A0E11020D3E5747083E5A9
:10704000042082E31020C3E50A20E0E3782083E5F2
:107050001BF2FFEB000057E30000001A800008F16C
:10706000083095E5D822C3E1020153E30000520342
:10707000DEFFFF1AAF0100EB000044E0C00FC0E1EB
:10708000F081BDE81C8401D09C6F00C070402DE9E8
:107090000050A0E10140A0E1D0FFFFEB010074E34C
:1070A000010075030600000AC01FA0E1090090E27C
:1070B0000A20A0E30030A0E30010A1E20EE9FFFAED
:1070C0007080BDE80000E0E37080BDE80C309FE513
:1070D0001C2083E21C2083E5202083E51EFF2FE196
:1070E0001C8401D000100FE1801001E280000CF13F
:1070F0001C309FE5082093E50F30D2E5013043E2D4
:107100000F30C2E5000051E31EFF2F11800008F18F
:107110001EFF2FE11C8401D000000FE1800000E27F
:1071200080000CF110309FE5082093E50F30D2E588
:10713000013083E20F30C2E53AFFFFEA1C8401D040
:1071400004309FE5080093E51EFF2FE11C8401D069
:107150001030D0E50020A0E150109FE51F3013E271
:107160000130A013010050E101308303000053E31C
:107170000C00001A38109FE5000091E5000050E374
:107180001EFF2F01BE10D2E17F0051E30500008AEF
:1071900020309FE5DE20D2E1003093E5030052E18C
:1071A0000000A0B31EFF2FE10000A0E31EFF2FE1AF
:1071B000108001D06C0000D0408401D01C309FE5CD
:1071C0000120A0E3030040E014309FE5C001A0E1EE
:1071D000930000E00C309FE50020C3E71EFF2FE185
:1071E000908101D0ABAAAAAA568405D050309FE561
:1071F000F0412DE94C509FE51060D3E5D3FFFFEB44
:1072000044709FE51830A0E3935625E00040A0E1CC
:107210000500A0E1B40000EB000054E30500000A03
:107220000630D7E70500A0E120109FE5032044E0E9
:10723000C23FA0E1410000EB0030A0E30630C7E709
:10724000F081BDE81C8401D0908101D0568405D026
:10725000BC7100C070402DE900600FE1806006E263
:1072600080000CF154509FE554209FE51030D5E587
:107270000330D2E7000053E30C00000A084095E514
:107280000400A0E1B1FFFFEB000050E30700000A9B
:107290001030D4E51F0013E30400001A3BFEFFEB9F
:1072A000180095E5040050E10000001ACEFFFFEB46
:1072B000000056E37080BD18800008F17080BDE8C2
:1072C0001C8401D0568405D00C309FE5000093E566
:1072D000030050E10000A0031EFF2FE1740000D066
:1072E00010402DE90020A0E1F6FFFFEB000050E385
:1072F0000A00000A103090E5141090E5023053E0C7
:10730000C22FC1E0020153E30010D2E2030000AA41
:10731000000052E30300A0A10000A0B31080BDE86C
:107320000201E0E31080BDE80C309FE5000093E52A
:10733000000050E31EFF2F01FEF8FFEA700000D0AE
:10734000010073E301007203F84F2DE90050A00320
:107350000570A0015600000A081080E50040A0E179
:107360000390A0E10250A0E100800FE1808008E2DC
:1073700080000CF164A19FE5000053E31A0000BAFD
:10738000E8FFFFEB58319FE50060A0E1003093E596
:10739000003053E20130A013055090E0C09FA9E0F7
:1073A000053093E0A0009AE80090A9E2055093E030
:1073B0000770A9E0149084E50190A0E3103084E503
:1073C000C0FFFFEB1CE19FE50030A0E104A09EE5BB
:1073D000000053E31400001A00E084E504A084E5F3
:1073E00000408AE504408EE51F0000EA06009AE8A6
:1073F0000370A0E10130E0E3013053E00010E0E36E
:107400000220C1E0053053E00920C2E0010053E34F
:107410000010D2E20090A0E30130A0B30020A0B39E
:10742000103080E5142080E5E4FFFFEA101093E5BA
:10743000102094E514C093E5140094E5010052E196
:107440000CB0D0E01D0000AA021051E0042093E52A
:1074500000C0CCE0101083E514C083E5042084E56F
:10746000003084E5004082E5044083E595FFFFEBB2
:10747000000054E10B00001A64309FE5003093E5F2
:10748000010073E30700001A000059E30100001A2D
:10749000A4FFFFEB0060A0E10600A0E18FFFFFEB7F
:1074A0000010A0E37AF8FFEB000058E30000001A98
:1074B000800008F10500A0E10710A0E1F88FBDE809
:1074C000012052E00C00C0E00A0053E1102084E5E6
:1074D000140084E5BFFFFF0A003093E5BBFFFFEA1D
:1074E000A88101D0700000D0740000D00020A0E17D
:1074F000F0412DE900500FE1805005E280000CF1D1
:10750000001090E5000051E32200000A6DFFFFEB40
:10751000A8309FE5043093E5030052E10700000A1C
:1075200010E092E5103091E5144092E514C091E529
:107530000E3093E004C0ACE0103081E514C081E56A
:10754000041092E50040A0E3003092E50060A0E363
:10755000020050E10271A0E3003081E5041083E5F0
:10756000004082E5044082E5F061C2E10400000AC7
:107570000000A0E3000055E3F081BD18800008F191
:10758000F081BDE867FFFFEB54FFFFEB0410A0E1C3
:107590003FF8FFEBF5FFFFEA101090E5143090E59F
:1075A000020153E3010051030200001A0000A0E3AE
:1075B0000211A0E3F001C2E11500E0E3ECFFFFEAF5
:1075C000740000D010402DE900400FE1804004E23B
:1075D00080000CF153FFFFEB40FFFFEB000054E392
:1075E0001080BD18800008F11080BDE8F84F2DE92B
:1075F0000030A0E3F4909FE50160A0E1F0709FE50A
:107600000140A0E3EC809FE50251A0E3000089E582
:10761000003087E52BFFFFEB002099E5000050E3E9
:10762000005098E8C2AFA0E10800000A103090E5D1
:10763000141090E5030052E101B0DAE0130000AA53
:10764000023053E00A10C1E0103080E5141080E5EC
:107650000C2092E00040A0E30AE0AEE00030E0E35E
:10766000003087E50400A0E1044088E8004089E597
:107670001AFFFFEB0410A0E105F8FFEB040056E150
:107680000000001A800008F1F84FBDE8F0FEFFEAA4
:107690000CC093E0033042E0003089E5042090E51F
:1076A000003090E508A090E5003082E5042083E5F5
:1076B0000030A0E30E10A1E0030056E100C088E511
:1076C000041088E5003080E5043080E5F041C0E139
:1076D0000000001A800008F13AFF2FE100600FE17E
:1076E000806006E280000CF1F6FEFFEBC9FFFFEAC6
:1076F000448401D0700000D0A88101D010402DE951
:1077000000400FE1804004E280000CF105FFFFEB38
:107710001C209FE50030A0E1D000C2E1000093E012
:10772000C31FA1E0000054E31080BD18800008F1E1
:107730001080BDE8A88101D010402DE9EEFFFFEBDD
:107740001080BDE8ECFFFFEA3C209FE50130A0E39C
:10775000003080E5041092E5000051E3000082054E
:1077600000309115040082050330031203308011AC
:10777000003081150400821510209FE5003092E54D
:10778000013083E2003082E51EFF2FE14C8401D0FE
:10779000488401D070402DE900600FE1806006E26E
:1077A00080000CF184309FE50020A0E380C09FE5BD
:1077B000002083E5042083E578009FE578209FE59D
:1077C00078E09FE50C0052E10E00003A64509FE51E
:1077D0000D42A0E30500A0E1045085E2003090E5F1
:1077E000000053E30000001AD6FFFFEB014A84E2D9
:1077F0000E0254E3F6FFFF1A000056E37080BD1836
:10780000800008F17080BDE80E4002E0031282E2C1
:10781000012A82E22116A0E1013190E75330EBE723
:10782000043083E10C3083E3013180E7E4FFFFEAB9
:107830004C8401D000E005D0548401D0000000D079
:1078400000F0FFFF1EFF2FE12DE9F04F8046436857
:107850008BB09246009383789C0740F1FA80002514
:107860000878002800F0F78025280AD04B1C0193E7
:1078700001354146009B98470028C0F2E4800199F9
:10788000EEE74E788B1C0193252EF1D00027B946E8
:107890003C460A221F2C22D8A6F12003102B20D808
:1078A000DFE803F0141F1F1A1F1F1F0B1F1F1F12DB
:1078B0001F171F1F090044F00104019B13F8016BFF
:1078C0000193002EE6D13AE044F0020444F00404AF
:1078D000F3E744F00804F0E744F01004EDE77F2CF0
:1078E00024D8A6F13003092B08D8600656BF44F00F
:1078F000200402FB073702FB0939DEE72A2E0DD1EF
:107900005AF8043B610653D4002BA7BF44F020046F
:107910009946C3F1000944F02804CEE72E2E05D184
:10792000630600F1988044F04004C6E76C2E2ED028
:1079300028D8682E32D06A2E37D04C2E35D0002F62
:1079400046F02003B8BF24F04004A3F16502BCBF99
:107950000027A4B2022A01D9612B2BD10AF1070A10
:107960009D4E2AF0070A07270AF1080A210761D568
:1079700006EB070B34465C455ED1AE1BA9EB07094D
:10798000A21959E1742E98D07A2E96D0D7E7260600
:1079900048BF44F4007444F080048EE7E00548BF1B
:1079A00044F4007444F4807487E744F4207484E75A
:1079B0001F4682E7A6F16302122A00F2D980DFE8AF
:1079C00012F013004E00D700D700D700D7004E00AA
:1079D000D700D700D700D700D700E900D200D700E2
:1079E000D7001A00D700A1005AF8043B04AE8DF866
:1079F00010300127BAE75AF8046B784B002E08BF05
:107A00001E4614F0400F18BF3946304608BF4FF0ED
:107A1000FF3100F070F90746A8E7009B414620209F
:107A2000984700280FDB013CA742F6D34D44A146FE
:107A30002D1B9DE74C46F7E714F8010B4146009BD0
:107A40009847002897DA98F8023043F0040388F842
:107A500002304FF0FF3528460BB0BDE8F08F22060C
:107A600030D5A3052AD50AF1070A2AF007039A465A
:107A700059685AF8080B24F0100B00291FFA8BFBE9
:107A80002FDA40424BF4806B61EB410104AC0A23D6
:107A9000224600F03CF91BF0400FA0EB040200F07E
:107AA0008E802BF001049742A4B240F38F80002E09
:107AB00040F08E802BF01104A4B21DE05AF8040BA4
:107AC000C117D8E75AF8041BE00501D40846F7E7C8
:107AD000A2054BBF48B208B241F3C01141F3C03117
:107AE000C9E750EA0103D1D16306CFD5002FCDD12C
:107AF00024F011043A46A4B23B4640F206410C423F
:107B000062D124E024F010040A23A4B214F080020D
:107B100043D014F400711DBF0AF1070A2AF00702CE
:107B200092465AF8040B1CBF51685AF8080B50EAE9
:107B300001023ED124F0160B62061FFA8BFB3CD5E6
:107B4000002F3AD124F017043A463B46A4B221074D
:107B500059D4E10705D5994571DDA9EB03039F18B9
:107B60004B469B4649E044F0100410237826CDE7AD
:107B7000782B04D1C6F1780343F01003C6E7009BCD
:107B80004146252098470028FFF65DAF0235414663
:107B900030466FE608230026B8E75AF8040B14F4C1
:107BA0008071C4D014F400711ABFC0B2114680B203
:107BB000BDE724F006041FFA84FB04AC68E7134613
:107BC0005C46E10699D52EB90133C0E71346F8E7C4
:107BD0003B46F6E70233BAE7AF9300C0A89300C074
:107BE000CDE902324146009B202098470028FFF64D
:107BF0002AAFDDE902320BF1010BD945F0DCEB1ABB
:107C000003EB0B055B46E10627D5CDE90232414681
:107C1000009B302098470028FFF615AFDDE90232BF
:107C20007EB901352F44791B8A4229DB144604AE04
:107C300094BB2A44A9EB03091546914440E017463A
:107C40008FE7023541463046CDE90232009B984726
:107C50000028DDE90232E5DAF5E640F206410C42A1
:107C6000E0D014F0020F05F101054146CDE90232E2
:107C700014BF2B20202014F4806F18BF2D20E5E7BF
:107C8000CDE902324146009B302098470135DDE9BD
:107C900002320028C7DAD6E6013CCDE9023241467D
:107CA000009B305D98470028DDE90232C0DACAE661
:107CB000009B41462020013598470028FFF6C3AEBF
:107CC000A9EB0503002BF3DCD9E500BF0A44431EF2
:107CD000914200D1704710B511F8014B03F8014FE4
:107CE0009142F9D110BD02440346934200D170473E
:107CF00003F8011BF9E70246014410B513468A4216
:107D000003D01C780132002CF8D1181A10BDF0B540
:107D1000C3F137070446FFB203F01F031046E6B273
:107D2000082B32D0102B3DD06508A40844EA81749A
:107D300045EAC1752D194FEA910242EB510229091A
:107D400041EA02716D1842EB1212290A41EA0261FE
:107D50006D1842EB1222290C41EA02416D1842EBE8
:107D60001242AD1842F10002EC0844EA4274D10814
:107D700004EB8402A6EB4205EDB2092D0BD90A3DB6
:107D8000013441F10001EDB212E0E40806F007050C
:107D900044EA4174C908303554EA010200F8015B35
:107DA000BDD1F0BD240906F00F0544EA01740909AC
:107DB000092D84BFED19EDB2EDE7000000000000D1
:107DC00004F01FE5CD7C00C004F01FE5E77C00C097
:107DD00000000000000000000000000000000000A3
:107DE0000000000000000000000000000000000093
:107DF0000000000000000000000000000000000083
:107E00000000000000000000000000000000000072
:107E10000000000000000000000000000000000062
:107E20000000000000000000000000000000000052
:107E30000000000000000000000000000000000042
:107E40000000000000000000000000000000000032
:107E50000000000000000000000000000000000022
:107E60000000000000000000000000000000000012
:107E70000000000000000000000000000000000002
:107E800000000000000000000000000000000000F2
:107E900000000000000000000000000000000000E2
:107EA00000000000000000000000000000000000D2
:107EB00000000000000000000000000000000000C2
:107EC00000000000000000000000000000000000B2
:107ED00000000000000000000000000000000000A2
:107EE0000000000000000000000000000000000092
:107EF0000000000000000000000000000000000082
:107F00000000000000000000000000000000000071
:107F10000000000000000000000000000000000061
:107F20000000000000000000000000000000000051
:107F30000000000000000000000000000000000041
:107F40000000000000000000000000000000000031
:107F50000000000000000000000000000000000021
:107F60000000000000000000000000000000000011
:107F70000000000000000000000000000000000001
:107F800000000000000000000000000000000000F1
:107F900000000000000000000000000000000000E1
:107FA00000000000000000000000000000000000D1
:107FB00000000000000000000000000000000000C1
:107FC00000000000000000000000000000000000B1
:107FD00000000000000000000000000000000000A1
:107FE0000000000000000000000000000000000091
:107FF0000000000000000000000000000000000081
:088000003095FF7F0100000034
:10800800102700C00000000000000000B08000C081
:10801800581F00C00000000000000000CC8000C015
:1080280000000000008200C000000000C88100C0FD
:1080380000000000748100C000000000588100C0EA
:1080480000000000AC8100C000000000E48100C016
:1080580000000000E88000C000000000048100C0AB
:10806800000000003C8100C000000000908100C0BA
:1080780000000000208100C0104000C00000000087
:10808800000000001C8200C0604600C00000000024
:10809800945500C000000000D83900C0000000005E
:0880A800681E00C0000000008A
:1080B000759300C000000000F08700C0B20000D03F
:1080C00000000000B04300C000000000829300C028
:1080D000348B00C0E08700C0B40000D00000000076
:1080E0000000000000000000BC8C00C08C8800C0B4
:1080F0000C8800C09C0000D0E08101D0A41F00C00B
:1081000000000000CA8C00C0A08800C00C8800C01D
:108110009E0000D0EC8101D0A41F00C00000000030
:10812000D88C00C0B48800C00C8800C0A00000D06B
:10813000F88101D0A41F00C000000000E68C00C040
:10814000C88800C00C8800C0A20000D0048201D002
:10815000A41F00C000000000F48C00C0DC8800C038
:108160000C8800C0A40000D0108201D0A41F00C061
:1081700000000000028D00C0F08800C00C8800C024
:10818000A60000D01C8201D0A41F00C00000000087
:10819000108D00C0048900C00C8800C0A80000D069
:1081A000288201D0A41F00C0000000001E8D00C066
:1081B000188900C00C8800C0AA0000D0348201D009
:1081C000A41F00C0000000002C8D00C02C8900C03E
:1081D0000C8800C0AC0000D0408201D0A41F00C0B9
:1081E000000000004A9300C00000000000000000F2
:1081F000AE0000D000000000A43A00C00000000063
:10820000689300C00000000000000000B00000D033
:10821000000000001C3D00C000000000939300C05F
:10822000388B00C0308800C0B60000D0500000D0AD
:08823000D44D00C00000000065
:1082380000000000983600C000000000983600C01A
:1082480000000000983600C000000000983600C00A
:1082580000000000983600C000000000983600C0FA
:1082680000000000983600C000000000983600C0EA
:1082780000000000983600C000000000983600C0DA
:1082880000000000983600C000000000983600C0CA
:1082980000000000983600C000000000983600C0BA
:1082A80000000000983600C000000000983600C0AA
:1082B80000000000983600C000000000983600C09A
:1082C80000000000983600C000000000983600C08A
:1082D80000000000983600C000000000983600C07A
:1082E80000000000983600C000000000983600C06A
:1082F80000000000983600C000000000983600C05A
:1083080000000000983600C000000000185600C0A9
:1083180000000000983600C000000000983600C039
:1083280000000000983600C000000000983600C029
:1083380000000000983600C000000000983600C019
:1083480000000000983600C000000000983600C009
:1083580000000000983600C000000000983600C0F9
:108368000F9400C08C3F00C00D9400C08C3F00C02B
:108378000B9400C08C3F00C0099400C08C3F00C023
:10838800079400C08C3F00C000000000983600C071
:1083980000000000983600C000000000983600C0B9
:1083A80000000000983600C000000000983600C0A9
:1083B80000000000983600C000000000983600C099
:1083C80000000000983600C000000000983600C089
:1083D80000000000983600C000000000983600C079
:1083E80000000000983600C000000000983600C069
:1083F800059400C08C3F00C000000000983600C003
:1084080000000000983600C000000000983600C048
:1084180000000000983600C000000000983600C038
:1084280000000000983600C000000000983600C028
:1084380000000000983600C000000000983600C018
:1084480000000000983600C000000000983600C008
:1084580000000000983600C000000000983600C0F8
:1084680000000000983600C000000000983600C0E8
:1084780000000000983600C0FB9300C08C3F00C08D
:1084880000000000983600C0F99300C08C3F00C07F
:1084980000000000983600C000000000983600C0B8
:1084A80000000000983600C000000000983600C0A8
:1084B80000000000983600C000000000983600C098
:1084C80000000000983600C000000000983600C088
:1084D80000000000983600C01C8200C0085400C08C
:1084E80000000000983600C000000000983600C068
:1084F80000000000983600C000000000983600C058
:1085080000000000983600C000000000983600C047
:1085180000000000983600C000000000983600C037
:1085280000000000983600C000000000983600C027
:1085380000000000983600C0039400C08C3F00C0C3
:10854800019400C08C3F00C0FF9300C08C3F00C066
:10855800FD9300C08C3F00C000000000983600C0AA
:1085680000000000983600C000000000983600C0E7
:1085780000000000983600C000000000983600C0D7
:1085880000000000983600C000000000983600C0C7
:1085980000000000983600C0F79300C08C3F00C070
:1085A800F59300C08C3F00C000000000983600C062
:1085B80000000000983600C000000000983600C097
:1085C80000000000983600C000000000983600C087
:1085D80000000000983600C000000000983600C077
:1085E80000000000983600C000000000983600C067
:1085F80000000000983600C000000000983600C057
:1086080000000000983600C000000000983600C046
:1086180000000000983600C000000000983600C036
:1086280000000000983600C000000000983600C026
:1086380000000000983600C000000000983600C016
:1086480000000000983600C000000000983600C006
:1086580000000000983600C000000000983600C0F6
:1086680000000000983600C000000000983600C0E6
:1086780000000000983600C000000000983600C0D6
:10868800F39300C08C3F00C000000000983600C083
:1086980000000000983600C0F19300C08C3F00C075
:1086A80000000000983600C000000000983600C0A6
:1086B80000000000983600C000000000983600C096
:1086C80000000000983600C000000000983600C086
:1086D80000000000983600C000000000983600C076
:1086E80000000000983600C000000000983600C066
:1086F80000000000983600C000000000983600C056
:1087080000000000983600C000000000983600C045
:1087180000000000983600C000000000983600C035
:1087280000000000983600C000000000983600C025
:1087380000000000983600C000000000983600C015
:1087480000000000983600C000000000983600C005
:1087580000000000983600C000000000983600C0F5
:1087680000000000983600C000000000983600C0E5
:1087780000000000983600C000000000983600C0D5
:1087880000000000983600C000000000983600C0C5
:1087980000000000983600C000000000983600C0B5
:1087A80000000000983600C000000000983600C0A5
:1087B80000000000983600C000000000983600C095
:1087C80000000000983600C000000000983600C085
:0887D80000000000983600C00B
:1087E0007C4700C0AC4700C0D44700C0FC4700C075
:1087F000DC4100C0384200C000000000944200C0CC
:10880000004600C000000000A04500C0741F00C06A
:108810007C1F00C0841F00C08C1F00C09C1F00C0B4
:10882000941F00C0000000000000000000000000D5
:108830005C5500C0785300C0604800C0585000C06C
:10884000FC5100C0E45200C0E05400C0A04B00C086
:10885000384B00C0DC4800C00C4900C0244900C0AF
:10886000F84800C03C4900C0504900C0E04900C081
:0C887000A45400C000000000704A00C0CA
:10887C0018070000010000000020005000200050EC
:10888C00FFFF000000A00050080000006807000077
:10889C0000010000FFFF00000090005007000000E6
:1088AC006807000080000000FFFF000000800050FF
:1088BC00060000006807000040000000FFFF0000F9
:1088CC000070005005000000680700002000000048
:1088DC00FFFF00000060005004000000680700006B
:1088EC0010000000FFFF00000050005003000000CB
:1088FC006807000008000000FFFF00000040005067
:10890C00020000006807000004000000FFFF0000E8
:10891C000030005001000000680700000200000059
:10892C00FFFF00000020005000000000680700005E
:10893C0001000000C88100C0AC8100C0908100C063
:10894C00748100C0588100C03C8100C0208100C0EF
:10895C00048100C0E88000C0110000006C8900C0D8
:10896C000000004000000040009401003A8D00C05F
:10897C001A00000000000044000000440040010008
:10898C003F8D00C01A0000000000004800000048A5
:10899C0000000401448D00C01A0000000000004CCF
:1089AC000000004C00C40000498D00C01A000000FB
:1089BC00000000500000005000D400004E8D00C09C
:1089CC001A000000000002500000025000A4000039
:1089DC00538D00C01A000000000008500000085021
:1089EC0000D00500588D00C01A0000000000005493
:1089FC000000005400800000628D00C01A000000CE
:108A0C00000000570000005700001000678D00C0E8
:108A1C001A0000000000005800000058000001007F
:108A2C006D8D00C01A0000000000005A0000005AB2
:108A3C0000740000728D00C01A0000000000005C81
:108A4C000000005C00A40000778D00C01A0000003C
:108A5C00001002A0001002A0007000007C8D00C06D
:108A6C001A0000000000FE2F0000FE2F00C00100C5
:108A7C00808D00C03C000000000000C0000000C061
:108A8C0000100000878D00C02C000000009000C07A
:108A9C00009000C0008000008F8D00C02C000000F2
:108AAC00000008E0000008E000D00500988D00C030
:108ABC001A0000000100000010270000E80300006D
:108ACC0002000000C0C62D0010270000278F00C038
:108ADC00000000D000E005D01C260000338F00C041
:108AEC00001000C0D07D00C02C9201003F8F00C050
:108AFC00008000C000A000C00C920100BE9200C01B
:108B0C00CB9200C0D69200C0EE9200C0FF9200C083
:108B1C00169300C04D8F00C04D8F00C0239300C032
:108B2C004D8F00C0339300C0000000500000014086
:108B3C00B08000C0CC8000C010D4480D6C8B00C03D
:108B4C000100000000000000000000000000000018
:108B5C00748B00C07C4A00C000000000FFFFFFFFC8
:108B6C0000070000000001007C8B00C00100000029
:108B7C00848B00C002000000C350040003510000AD
:108B8C00088000C0088000C0988000C0A08000C091
:108B9C00A88000C0B08000C0004000200010000081
:108BAC00003048656C6C6F20576F726C64202D2000
:108BBC004C616E64656420696E207573657220610A
:108BCC0070706C69636174696F6E20696E204444C7
:108BDC00520A0D00737465703A206261636B757094
:108BEC002072656769737465722077726974746535
:108BFC006E0A0D00504D3A20424B505F44523220C9
:108C0C006A756D7020746172676574203D203078D0
:108C1C00253038780A00737465703A206673626C7C
:108C2C0020656E747279706F696E74206C6F6164FC
:108C3C0065640A0D00737465703A206673626C206B
:108C4C0073797372616D206D61707065640A0D00CB
:108C5C00737465703A206A756D70696E6720746FF5
:108C6C00206673626C20656E7472792030782530C2
:108C7C0038780A0D002A2A2A20426F6F74696E67B1
:108C8C00205A6570687972204F53206275696C6444
:108C9C002076342E342E302D353038372D67343243
:108CAC0063663831396632356237202A2A2A0A003F
:108CBC006770696F4035303030613030300067702C
:108CCC00696F403530303039303030006770696F43
:108CDC00403530303038303030006770696F403597
:108CEC0030303037303030006770696F403530309D
:108CFC003036303030006770696F40353030303589
:108D0C00303030006770696F40353030303430307F
:108D1C0030006770696F40353030303330303000A0
:108D2C006770696F40353030303230303000415030
:108D3C0042310041504232004148423200415042DF
:108D4C0036004148423400415042330044454255BC
:108D5C0047204150420041484235004158494D435B
:108D6C0000414842360041504234004150423500E7
:108D7C004749430053595352414D00766563746F14
:108D8C00727300726F6D5F7461696C004441504284
:108D9C00555300504D3A204653424C207265747521
:108DAC00726E656420746F205A65706879722072D7
:108DBC006573756D6520656E7472790A00504D3A55
:108DCC002072657475726E696E6720746F20504DD9
:108DDC0020636F72652053503D30782530387820F1
:108DEC004C523D3078253038780A00504D3A206589
:108DFC006E746572656420706D5F73746174655F09
:108E0C007365742873746174653D25642C207375C7
:108E1C006273746174653D2575290A00504D3A20C2
:108E2C006A756D70696E6720746F204653424C20D2
:108E3C006C6F772D706F77657220656E7472790A1E
:108E4C0000504D3A20656E746572656420706D5FDC
:108E5C0073746174655F657869745F706F73745F48
:108E6C006F70732873746174653D25642C20737561
:108E7C006273746174653D2575290A0072302F6127
:108E8C00313A2020307825303878202072312F610B
:108E9C00323A2020307825303878202072322F61F9
:108EAC00333A20203078253038780A0072332F611D
:108EBC00343A2020307825303878207231322F69BE
:108ECC00703A2020307825303878207231342F6C6D
:108EDC00723A20203078253038780A002078707368
:108EEC00723A20203078253038780A004661756C4B
:108EFC0074696E6720696E737472756374696F6ED2
:108F0C00206164647265737320287231352F70632D
:108F1C00293A203078253038780A007A65706879DB
:108F2C00725F64617461007A65706879725F636FF7
:108F3C006465007A65706879725F726F64617461E0
:108F4C0000556E6B6E6F776E00416C69676E6D6568
:108F5C006E74204661756C74204020307825303852
:108F6C00780A0053796E6368726F6E6F7573204563
:108F7C00787465726E616C2041626F72742040204F
:108F8C003078253038780A004173796E6368726FD7
:108F9C006E6F75732045787465726E616C204162DA
:108FAC006F72740A0053796E6368726F6E6F7573AB
:108FBC00205061726974792F454343204572726F5A
:108FCC00722040203078253038780A004173796E51
:108FDC006368726F6E6F7573205061726974792F4C
:108FEC00454343204572726F720A0044656275678F
:108FFC00204576656E7420282573290A00326E642C
:10900C00204C6576656C205065726D697373696F61
:10901C006E204661756C742040203078253038788D
:10902C000A00317374204C6576656C20416363656E
:10903C00737320466C6167204661756C7420402008
:10904C003078253038780A00326E64204C657665AD
:10905C006C2041636365737320466C6167204661C5
:10906C00756C742040203078253038780A004361C4
:10907C00636865204D61696E74656E616E63652011
:10908C00496E737472756374696F6E204661756C8A
:10909C00742040203078253038780A0031737420E1
:1090AC004C6576656C205472616E736C6174696F7B
:1090BC006E204661756C74204020307825303878ED
:1090CC000A00326E64204C6576656C205472616EB9
:1090DC00736C6174696F6E204661756C74204020EE
:1090EC003078253038780A00317374204C657665F9
:1090FC006C20446F6D61696E204661756C74204004
:10910C00203078253038780A00326E64204C657631
:10911C00656C20446F6D61696E204661756C7420BE
:10912C0040203078253038780A00317374204C6533
:10913C0076656C2053796E6368726F6E6F757320F1
:10914C0045787465726E616C2041626F7274205444
:10915C0072616E736C6174696F6E205461626C65C0
:10916C002040203078253038780A00326E64204C4C
:10917C006576656C2053796E6368726F6E6F75736C
:10918C002045787465726E616C2041626F72742038
:10919C005472616E736C6174696F6E205461626C91
:1091AC00652040203078253038780A00544C422015
:1091BC00436F6E666C6963742041626F72742040F9
:1091CC00203078253038780A00317374204C65765D
:1091DC00656C2053796E6368726F6E6F7573205077
:1091EC006172697479204572726F72205472616E6B
:1091FC00736C6174696F6E205461626C65204020E1
:10920C003078253038780A00326E64204C657665EB
:10921C006C2053796E6368726F6E6F75732050613A
:10922C0072697479204572726F72205472616E7318
:10923C006C6174696F6E205461626C6520402030E3
:10924C0078253038780A00556E6B6E6F776E202853
:10925C002575290A002A2A2A2A2A20554E444546D1
:10926C00494E454420494E535452554354494F4E50
:10927C002041424F5254202A2A2A2A2A0A002A2AFA
:10928C002A2A2A2050524546455443482041424FF1
:10929C005254202A2A2A2A2A0A002A2A2A2A2A202E
:1092AC00444154412041424F5254202A2A2A2A2A0E
:1092BC000A0048616C7420526571756573740042C4
:1092CC007265616B706F696E74004173796E63685F
:1092DC00726F6E6F7573205761746368706F696E0F
:1092EC007400424B505420496E73747275637469E8
:1092FC006F6E0045787465726E616C2044656275A2
:10930C0067205265717565737400566563746F726E
:10931C00204361746368004F5320556E6C6F636B10
:10932C002043617463680053796E6368726F6E6F6B
:10933C007573205761746368706F696E7400696E21
:10934C00746572727570742D636F6E74726F6C6C61
:10935C0065724035303030643030300067696340BE
:10936C006130303231303030007263634035303030
:10937C0030303030300072657365742D636F6E74ED
:10938C00726F6C6C65720073657269616C4034301D
:10939C00303130303030006D61696E00286E756C84
:1093AC006C29002A666C6F61742A00080D0C110C74
:1093BC000C0C150018262E322A36083A563E42045A
:1093CC0046224A56565656560C56141056564E565B
:1093DC0052000F15242F3841211C232C0C0009128C
:1093EC00F0E9ECF5D90F010E010D010C010B010A8E
:1093FC00010901080107010601050104010301022D
:10940C0001010100012636181A2A0C164951222294
:10941C004A292D4D442653453C1E4B2D34163D43B5
:10942C000000000000000000000000000000000030
:10943C000000000000000000000000000000000020
:10944C000000000000000000000000000000000010
:10945C000000000000000000000000000000000000
:10946C0000000000000000000000000000000000F0
:10947C0000000000000000000000000000000000E0
:10948C0000000000000000000000000000000000D0
:10949C0000000000000000000000000000000000C0
:1094AC0000000000000000000000000000000000B0
:1094BC0000000000000000000000000000000000A0
:1094CC000000000000000000000000000000000090
:1094DC000000000000000000000000000000000080
:1094EC000000000000000000000000000000000070
:1094FC000000000000000000000000000000000060
:10950C00000000000000000000000000000000004F
:10951C00000000000000000000000000000000003F
:10952C00000000000000000000000000000000002F
:10953C00000000000000000000000000000000001F
:10954C00000000000000000000000000000000000F
:10955C0000000000000000000000000000000000FF
:10956C0000000000000000000000000000000000EF
:10957C0000000000000000000000000000000000DF
:10958C0000000000000000000000000000000000CF
:10959C0000000000000000000000000000000000BF
:1095AC0000000000000000000000000000000000AF
:1095BC00000000000000000000000000000000009F
:1095CC00000000000000000000000000000000008F
:1095DC00000000000000000000000000000000007F
:1095EC00000000000000000000000000000000006F
:1095FC00000000000000000000000000000000005F
:10960C00000000000000000000000000000000004E
:10961C00000000000000000000000000000000003E
:10962C00000000000000000000000000000000002E
:10963C00000000000000000000000000000000001E
:10964C00000000000000000000000000000000000E
:10965C0000000000000000000000000000000000FE
:10966C0000000000000000000000000000000000EE
:10967C0000000000000000000000000000000000DE
:10968C0000000000000000000000000000000000CE
:10969C0000000000000000000000000000000000BE
:1096AC0000000000000000000000000000000000AE
:1096BC00000000000000000000000000000000009E
:1096CC00000000000000000000000000000000008E
:1096DC00000000000000000000000000000000007E
:1096EC00000000000000000000000000000000006E
:1096FC00000000000000000000000000000000005E
:10970C00000000000000000000000000000000004D
:10971C00000000000000000000000000000000003D
:10972C00000000000000000000000000000000002D
:10973C00000000000000000000000000000000001D
:10974C00000000000000000000000000000000000D
:10975C0000000000000000000000000000000000FD
:10976C0000000000000000000000000000000000ED
:10977C0000000000000000000000000000000000DD
:10978C0000000000000000000000000000000000CD
:10979C0000000000000000000000000000000000BD
:1097AC0000000000000000000000000000000000AD
:1097BC00000000000000000000000000000000009D
:1097CC00000000000000000000000000000000008D
:1097DC00000000000000000000000000000000007D
:1097EC00000000000000000000000000000000006D
:1097FC00000000000000000000000000000000005D
:10980C00000000000000000000000000000000004C
:10981C00000000000000000000000000000000003C
:10982C00000000000000000000000000000000002C
:10983C00000000000000000000000000000000001C
:10984C00000000000000000000000000000000000C
:10985C0000000000000000000000000000000000FC
:10986C0000000000000000000000000000000000EC
:10987C0000000000000000000000000000000000DC
:10988C0000000000000000000000000000000000CC
:10989C0000000000000000000000000000000000BC
:1098AC0000000000000000000000000000000000AC
:1098BC00000000000000000000000000000000009C
:1098CC00000000000000000000000000000000008C
:1098DC00000000000000000000000000000000007C
:1098EC00000000000000000000000000000000006C
:1098FC00000000000000000000000000000000005C
:10990C00000000000000000000000000000000004B
:10991C00000000000000000000000000000000003B
:10992C00000000000000000000000000000000002B
:10993C00000000000000000000000000000000001B
:10994C00000000000000000000000000000000000B
:10995C0000000000000000000000000000000000FB
:10996C0000000000000000000000000000000000EB
:10997C0000000000000000000000000000000000DB
:10998C0000000000000000000000000000000000CB
:10999C0000000000000000000000000000000000BB
:1099AC0000000000000000000000000000000000AB
:1099BC00000000000000000000000000000000009B
:1099CC00000000000000000000000000000000008B
:1099DC00000000000000000000000000000000007B
:1099EC00000000000000000000000000000000006B
:1099FC00000000000000000000000000000000005B
:109A0C00000000000000000000000000000000004A
:109A1C00000000000000000000000000000000003A
:109A2C00000000000000000000000000000000002A
:109A3C00000000000000000000000000000000001A
:109A4C00000000000000000000000000000000000A
:109A5C0000000000000000000000000000000000FA
:109A6C0000000000000000000000000000000000EA
:109A7C0000000000000000000000000000000000DA
:109A8C0000000000000000000000000000000000CA
:109A9C0000000000000000000000000000000000BA
:109AAC0000000000000000000000000000000000AA
:109ABC00000000000000000000000000000000009A
:109ACC00000000000000000000000000000000008A
:109ADC00000000000000000000000000000000007A
:109AEC00000000000000000000000000000000006A
:109AFC00000000000000000000000000000000005A
:109B0C000000000000000000000000000000000049
:109B1C000000000000000000000000000000000039
:109B2C000000000000000000000000000000000029
:109B3C000000000000000000000000000000000019
:109B4C000000000000000000000000000000000009
:109B5C0000000000000000000000000000000000F9
:109B6C0000000000000000000000000000000000E9
:109B7C0000000000000000000000000000000000D9
:109B8C0000000000000000000000000000000000C9
:109B9C0000000000000000000000000000000000B9
:109BAC0000000000000000000000000000000000A9
:109BBC000000000000000000000000000000000099
:109BCC000000000000000000000000000000000089
:109BDC000000000000000000000000000000000079
:109BEC000000000000000000000000000000000069
:109BFC000000000000000000000000000000000059
:109C0C000000000000000000000000000000000048
:109C1C000000000000000000000000000000000038
:109C2C000000000000000000000000000000000028
:109C3C000000000000000000000000000000000018
:109C4C000000000000000000000000000000000008
:109C5C0000000000000000000000000000000000F8
:109C6C0000000000000000000000000000000000E8
:109C7C0000000000000000000000000000000000D8
:109C8C0000000000000000000000000000000000C8
:109C9C0000000000000000000000000000000000B8
:109CAC0000000000000000000000000000000000A8
:109CBC000000000000000000000000000000000098
:109CCC000000000000000000000000000000000088
:109CDC000000000000000000000000000000000078
:109CEC000000000000000000000000000000000068
:109CFC000000000000000000000000000000000058
:109D0C000000000000000000000000000000000047
:109D1C000000000000000000000000000000000037
:109D2C000000000000000000000000000000000027
:109D3C000000000000000000000000000000000017
:109D4C000000000000000000000000000000000007
:109D5C0000000000000000000000000000000000F7
:109D6C0000000000000000000000000000000000E7
:109D7C0000000000000000000000000000000000D7
:109D8C0000000000000000000000000000000000C7
:109D9C0000000000000000000000000000000000B7
:109DAC0000000000000000000000000000000000A7
:109DBC000000000000000000000000000000000097
:109DCC000000000000000000000000000000000087
:109DDC000000000000000000000000000000000077
:109DEC000000000000000000000000000000000067
:109DFC000000000000000000000000000000000057
:109E0C000000000000000000000000000000000046
:109E1C000000000000000000000000000000000036
:109E2C000000000000000000000000000000000026
:109E3C000000000000000000000000000000000016
:109E4C000000000000000000000000000000000006
:109E5C0000000000000000000000000000000000F6
:109E6C0000000000000000000000000000000000E6
:109E7C0000000000000000000000000000000000D6
:109E8C0000000000000000000000000000000000C6
:109E9C0000000000000000000000000000000000B6
:109EAC0000000000000000000000000000000000A6
:109EBC000000000000000000000000000000000096
:109ECC000000000000000000000000000000000086
:109EDC000000000000000000000000000000000076
:109EEC000000000000000000000000000000000066
:109EFC000000000000000000000000000000000056
:109F0C000000000000000000000000000000000045
:109F1C000000000000000000000000000000000035
:109F2C000000000000000000000000000000000025
:109F3C000000000000000000000000000000000015
:109F4C000000000000000000000000000000000005
:109F5C0000000000000000000000000000000000F5
:109F6C0000000000000000000000000000000000E5
:109F7C0000000000000000000000000000000000D5
:109F8C0000000000000000000000000000000000C5
:109F9C0000000000000000000000000000000000B5
:109FAC0000000000000000000000000000000000A5
:109FBC000000000000000000000000000000000095
:109FCC000000000000000000000000000000000085
:109FDC000000000000000000000000000000000075
:109FEC000000000000000000000000000000000065
:049FFC000000000061
:10A00000801E00C00300000003000000502B00C0B1
:10A0100040000000FFFFFFFF58CD45D0588C06D010
:10A02000588B06D0588A06D0588809D058840DD04D
:10A030000000000000000000000000000000000020
:10A0400000000000A43900C0000000000000000073
:10A05000600000D0000000000000000000000000D0
:10A0600000C20100000103000090D003C8000000FE
:10A07000FFFFFFFF740000D0740000D0FF00FF005E
:10A08000FF00FF00FF00FF00FF00FF00FF00FF00D8
:0CA09000FF00FF00FF00FF00FF00FF00CA
:10A09C0000000000000000000000000000000000B4
:0CA0AC00000000000000000000000000A8
:04A0B80015E015E0BA
:04000005C0003618E9
:00000001FF
